coverage,min_age,arm,endpoint,resampling,matched_genes,evaluation_dogs,observations,essential_mean,control_mean,protection_fraction,ci95_low,ci95_high,ci97_5_low,ci97_5_high,valid_draws,gate
20,2,promoter,binomial_adjusted,dog,1,80,80,0.004233163908795011,0.0072845753327390305,0.41888665907950406,-0.4272549999743285,0.7876367429424354,-0.6566011621331413,0.8216626630547718,10000,insufficient_support
20,2,promoter,binomial_adjusted,gene,1,80,80,0.004233163908795011,0.0072845753327390305,0.41888665907950406,0.4188866590795042,0.4188866590795042,0.4188866590795042,0.4188866590795042,10000,insufficient_support
20,2,promoter,binomial_adjusted,crossed,1,80,80,0.004233163908795011,0.0072845753327390305,0.41888665907950406,-0.45560082695739723,0.7932667038977115,-0.7077883346530058,0.8244485982070566,10000,insufficient_support
20,2,promoter,raw_squared,dog,1,80,80,0.007787204402736963,0.01067908155181262,0.2707983018057205,-0.2793755157455422,0.5724905673201299,-0.387611340059699,0.604111001151541,10000,insufficient_support
20,2,promoter,raw_squared,gene,1,80,80,0.007787204402736963,0.01067908155181262,0.2707983018057205,0.2707983018057205,0.2707983018057205,0.2707983018057205,0.2707983018057205,10000,insufficient_support
20,2,promoter,raw_squared,crossed,1,80,80,0.007787204402736963,0.01067908155181262,0.2707983018057205,-0.28423839486622127,0.5777730182618483,-0.39285129141850805,0.6063606200599985,10000,insufficient_support
20,2,body,binomial_adjusted,dog,63,81,696,0.009646613473486358,0.006830674111512674,-0.4122491156806316,-1.3644073306458009,0.11936902219867707,-1.5553145564719117,0.18236375542635874,10000,proxy_only
20,2,body,binomial_adjusted,gene,63,81,696,0.009646613473486358,0.006830674111512674,-0.4122491156806316,-1.2026205413318776,0.14485904843970354,-1.3260717767455428,0.2226906932408027,10000,proxy_only
20,2,body,binomial_adjusted,crossed,63,81,696,0.009646613473486358,0.006830674111512674,-0.4122491156806316,-1.9779660243092594,0.344595940125455,-2.319082490369105,0.41453847480833295,10000,proxy_only
20,2,body,raw_squared,dog,63,81,696,0.01458910297334424,0.011696022013748579,-0.2473559776302463,-0.6826132229495891,0.08852097762213107,-0.7491140807574388,0.13290662316939472,10000,proxy_only
20,2,body,raw_squared,gene,63,81,696,0.01458910297334424,0.011696022013748579,-0.2473559776302463,-0.6484518009580547,0.1225115214027177,-0.7010767503504516,0.17143323867891191,10000,proxy_only
20,2,body,raw_squared,crossed,63,81,696,0.01458910297334424,0.011696022013748579,-0.2473559776302463,-0.941275876829192,0.24758978226019812,-1.052262025716419,0.31539509621438266,10000,proxy_only
