essential_gene,control_gene,essential_symbol,control_symbol,essential_region,control_region,chromosome,island,essential_beta,control_beta,essential_log_coverage,control_log_coverage,essential_length,control_length,essential_gc,control_gc,essential_cpg,control_cpg,essential_training_dogs,control_training_dogs,distance
100855692,474554,CCT4,NMS,chr10_63151977_63151977,chr10_43317325_43317325,chr10,false,0.9068513861286019,0.8995222506952475,3.199061371953252,3.192867237542553,1,1,1,1,0,0,54,30,0.021639959684571924
489741,489727,TANGO6,PKD1L3,chr5_81321836_81321836,chr5_78306479_78306479,chr5,false,0.7498681005809337,0.7358831750026078,3.2233887292109036,3.2299881538560884,1,1,1,1,0,0,32,63,0.07840546699511514
477536,486233,ZMAT5,TMEM132D,chr26_23346008_23346134,chr26_2362053_2362190,chr26,false,0.8984889647056326,0.886569400560769,3.294480942575769,3.2026898953917673,127,138,0.5433070866141733,0.5434782608695652,0.015748031496062992,0.014492753623188406,37,42,0.10884538620464551
100685475,102156947,INTS1,ZAN,chr6_15606945_15606945,chr6_8930000_8930000,chr6,false,0.8847605010244364,0.8781939978137935,3.3688882116871506,3.2121615163609945,1,1,1,1,0,0,120,37,0.11550061387758445
483377,608107,GPS1,KRT28,chr9_1087670_1087713,chr9_21834701_21834748,chr9,false,0.7815648605159289,0.7852659708272812,3.3522955238743473,3.5150371095260953,44,48,0.6363636363636364,0.6458333333333334,0.06818181818181818,0.0625,77,205,0.24375429308050664
442936,403492,BIRC5,G6PC,chr9_3837746_3837758,chr9_20008248_20008260,chr9,false,0.8317494471717334,0.854456172539005,3.6149346373749087,3.5086462804327954,13,13,0.7692307692307693,0.7692307692307693,0.07692307692307693,0.07692307692307693,263,252,0.25142701004769435
481401,481165,WDR92,TPH2,chr10_68506402_68506468,chr10_13879857_13879947,chr10,false,0.904433375752662,0.9116777038212922,3.5241598085491823,3.5106147174288225,67,91,0.5373134328358209,0.5274725274725275,0.029850746268656716,0.03296703296703297,249,218,0.27984517228495503
608725,486926,RRP12,GPR26,chr28_10895682_10895780,chr28_33513394_33513485,chr28,false,0.8013520032735861,0.8237042910806194,3.51685318044368,3.39494303853835,99,92,0.5252525252525253,0.5217391304347826,0.020202020202020204,0.021739130434782608,190,125,0.2813350967438374
489947,490111,PPP4C,KCNA10,chr6_18258251_18258405,chr6_41952700_41952839,chr6,false,0.90393788568662,0.923634904542525,3.5132684237391625,3.507559643193999,155,140,0.6064516129032258,0.5928571428571429,0.03225806451612903,0.02857142857142857,177,164,0.2847838325571008
480117,612592,NVL,DSG4,chr7_40049190_40049190,chr7_58082936_58082936,chr7,false,0.8737285120776969,0.8448205590489128,3.216697573485864,3.2357833279708026,1,1,1,1,0,0,32,27,0.33572496342279057
608096,100855561,NUDCD3,TRPV5,chr16_14195500_14195527,chr16_6451396_6451423,chr16,false,0.8614583844607004,0.8661435026032906,3.69246469004271,3.356545528112156,28,28,0.6785714285714286,0.6785714285714286,0.03571428571428571,0.03571428571428571,284,67,0.460146866212514
478021,478213,GTPBP4,TAS1R2,chr2_33008050_33008360,chr2_79194130_79194395,chr2,false,0.9272255334660184,0.9101413715609282,3.5835929371797466,3.545366017689493,311,266,0.617363344051447,0.5902255639097744,0.04501607717041801,0.045112781954887216,241,219,0.4680446376939889
490858,490822,WDR25,KCNK10,chr8_69111127_69111187,chr8_59872468_59872511,chr8,false,0.8295457980851029,0.8176526272310186,3.361588060449758,3.3641357607676956,61,44,0.6065573770491803,0.5909090909090909,0.01639344262295082,0.022727272727272728,142,96,0.47697510211026395
478606,478557,LSG1,MORC1,chr33_31825974_31826023,chr33_14724933_14724972,chr33,false,0.9029879077970517,0.9125495743511894,3.543111854913468,3.477977332654319,50,40,0.74,0.725,0.06,0.05,166,154,0.49717790915452315
476462,609186,SUPT5H,DMRT1,chr1_114569984_114570099,chr1_90426890_90426986,chr1,false,0.8307909663122841,0.8366225630960183,3.755319227862594,3.62620183912911,116,97,0.5603448275862069,0.5567010309278351,0.04310344827586207,0.030927835051546393,268,265,0.5228121753800825
490086,403803,CIAO3,RPE65,chr6_40323351_40323441,chr6_77425988_77426080,chr6,false,0.8944895954050068,0.8784631973787963,3.357899285498995,3.672920783360415,91,93,0.5384615384615384,0.5483870967741935,0.02197802197802198,0.021505376344086023,145,279,0.5406412290194144
491683,490905,TBCD,CACNG5,chr9_487988_488301,chr9_13346656_13346858,chr9,false,0.8644172368355667,0.8728519410740082,3.908422625443148,4.056117167358391,314,203,0.6114649681528662,0.6206896551724138,0.041401273885350316,0.03940886699507389,330,329,0.5556739577825196
611055,100855738,TOMM40,CCDC155,chr1_111246688_111246799,chr1_107759035_107759170,chr1,false,0.8948181394243474,0.8632549988701607,3.4674576677138416,3.3955936023283315,112,136,0.5982142857142857,0.5882352941176471,0.017857142857142856,0.022058823529411766,213,112,0.5815783691203635
100856093,483874,WDR33,CNTNAP5,chr19_24177014_24177068,chr19_27506940_27506994,chr19,false,0.8583454016785897,0.8568217978704098,3.6781688477469117,3.8233437691039125,55,55,0.6545454545454545,0.6181818181818182,0.03636363636363636,0.03636363636363636,258,274,0.6141571984244768
475126,610001,CPSF1,OC90,chr13_38571412_38571813,chr13_29174280_29174723,chr13,true,0.8883366399643724,0.8748567831397007,4.4403017457836595,4.710642245053959,402,444,0.6965174129353234,0.6914414414414415,0.06716417910447761,0.07657657657657657,379,368,0.6173611049854489
476158,403577,CTDP1,CRX,chr1_870833_871102,chr1_108964503_108964676,chr1,false,0.905661653060729,0.8828430116538105,3.6645422048037717,3.698338975936221,270,174,0.6518518518518519,0.6436781609195402,0.044444444444444446,0.04597701149425287,262,291,0.6472344796894768
485894,485807,SYS1,TGM6,chr24_33302701_33303184,chr24_19158264_19158779,chr24,true,0.8217004142947771,0.8096157278022096,4.401581904311229,4.220529211679635,484,516,0.640495867768595,0.6414728682170543,0.06198347107438017,0.04844961240310078,373,362,0.6563624192205523
478359,487469,ARIH1,NUTM1,chr30_36394640_36394675,chr30_1029593_1029640,chr30,false,0.9043260933961167,0.915540279342723,3.4453764401481872,3.7030421272731604,36,48,0.6666666666666666,0.6875,0.08333333333333333,0.08333333333333333,174,223,0.661736848783111
474900,481749,BYSL,GRM4,chr12_10780027_10780066,chr12_3527733_3527772,chr12,false,0.8463459463790909,0.8067506658184797,3.4184289485385055,3.3133675966053517,40,40,0.6,0.6,0.025,0.025,109,27,0.6712660477494952
111097612,481408,TUBGCP6,BMP10,chr10_17915608_17915670,chr10_69022355_69022403,chr10,false,0.9117474611480036,0.8991974422707169,3.751351201983654,4.024801248273417,63,49,0.7142857142857143,0.6938775510204082,0.07936507936507936,0.08163265306122448,264,330,0.6730099405706097
119870846,102155486,RCL1,DMRTC2,chr1_93831131_93831131,chr1_113176308_113176308,chr1,false,0.9163188411812848,0.8738404800745009,3.24050033081744,3.2412679843396366,1,1,1,1,0,0,80,31,0.7217668220950542
490076,489967,TELO2,CACNG3,chr6_39788261_39788304,chr6_21866929_21866974,chr6,false,0.9151694249470791,0.9269368442269167,3.3932686930752554,3.7063699547054387,44,46,0.6363636363636364,0.6086956521739131,0.045454545454545456,0.043478260869565216,97,288,0.7676023544694013
476411,484046,PRMT1,NOX3,chr1_107527213_107527320,chr1_45639755_45639838,chr1,false,0.8811378942977357,0.894504089158628,3.490148335664688,3.2741884101357175,108,84,0.5277777777777778,0.5595238095238095,0.009259259259259259,0.011904761904761904,214,67,0.8100948094931112
483363,490923,NPLOC4,SPPL2C,chr9_1407182_1407385,chr9_17164646_17164817,chr9,false,0.9056554722066199,0.8903181079583463,4.170883096806537,4.363330629597314,204,172,0.6617647058823529,0.6976744186046512,0.049019607843137254,0.046511627906976744,362,370,0.8343610385871874
477186,477272,TPX2,ANKRD60,chr24_21705367_21705420,chr24_43768527_43768570,chr24,false,0.8981709168527798,0.9163201946953166,3.645300482160055,3.486546537088117,54,44,0.6851851851851852,0.6590909090909091,0.05555555555555555,0.045454545454545456,264,168,0.8473044645015797
479777,608245,KAT8,MOGAT3,chr6_17282397_17282514,chr6_8591470_8591567,chr6,false,0.7408673446212025,0.7161389928513553,3.4434386026393495,3.7741081189073604,118,98,0.5254237288135594,0.5102040816326531,0.01694915254237288,0.02040816326530612,162,290,0.8763210230086635
490409,490334,ISG20L2,TNR,chr7_41241356_41241505,chr7_23859814_23859901,chr7,false,0.8980170173008185,0.892834818283533,3.4798453898279225,3.7001592936076784,150,88,0.54,0.5340909090909091,0.04,0.03409090909090909,142,274,0.8981117363782425
481582,481452,NOL6,GRM6,chr11_50772318_50772377,chr11_2848244_2848352,chr11,false,0.898871275241923,0.8876883603057754,3.479358858371444,3.334855409523417,60,109,0.5666666666666667,0.5596330275229358,0.016666666666666666,0.01834862385321101,230,100,0.9022361911934754
479492,489366,AURKB,MFRP,chr5_33220359_33220404,chr5_14584003_14584067,chr5,false,0.9304836387198923,0.9242553944431381,3.7255808219379425,4.087714610650231,46,65,0.6086956521739131,0.6307692307692307,0.043478260869565216,0.046153846153846156,237,336,1.0016812577009664
474849,481787,LSM2,TSPO2,chr12_1409092_1409135,chr12_9986758_9986792,chr12,false,0.8048631085577057,0.8006615397079757,3.465304621192469,3.649557969210349,44,35,0.6818181818181818,0.7142857142857143,0.045454545454545456,0.05714285714285714,79,279,1.0150543976621222
607226,489447,DHX33,AIPL1,chr5_31554967_31555061,chr5_31029104_31029202,chr5,false,0.8185417321456958,0.8459039112746982,3.3762918896422502,3.315226696086146,95,99,0.5368421052631579,0.494949494949495,0.021052631578947368,0.020202020202020204,109,114,1.0217369093736999
493995,403653,ERCC2,TBXT,chr1_110899119_110899246,chr1_54736609_54736746,chr1,false,0.7943803013068582,0.8295490738975329,3.7015119053603773,3.508413057284993,128,138,0.4921875,0.5217391304347826,0.0390625,0.036231884057971016,277,191,1.0250137555147518
488856,488825,DHX15,OTOP1,chr3_86170949_86171002,chr3_70224489_70224521,chr3,false,0.8354359298097065,0.8560579744935604,3.378302688582634,3.3701187716505485,54,33,0.6111111111111112,0.6363636363636364,0.037037037037037035,0.030303030303030304,118,64,1.0436193731581542
478009,487399,ATP5F1C,PLA2G2E,chr2_27367269_27367331,chr2_78300213_78300314,chr2,false,0.8175790432947047,0.8237896803985038,3.4190585808469853,3.353300610353541,63,102,0.5714285714285714,0.6078431372549019,0.031746031746031744,0.029411764705882353,182,107,1.0599826491146107
474921,609995,CDC5L,GPR111,chr12_13008042_13008151,chr12_15988797_15988924,chr12,false,0.749550875149288,0.7836320995402636,3.7924184872149604,3.588578880357281,110,128,0.5,0.53125,0.02727272727272727,0.03125,305,226,1.1087896044285732
480687,100688372,GTF3C5,SPATA32,chr9_51435288_51435314,chr9_18200737_18200790,chr9,false,0.815326487851051,0.8343526035842225,3.3470038133037012,3.3405146894962696,27,54,0.7037037037037037,0.7037037037037037,0.037037037037037035,0.037037037037037035,65,89,1.1449656668679669
489225,608010,WDR70,TRIM67,chr4_72014340_72014489,chr4_8595942_8596136,chr4,false,0.8649138123055404,0.8591216145918157,3.6694074570033623,3.643059812309841,150,195,0.6066666666666667,0.5846153846153846,0.03333333333333333,0.015384615384615385,235,280,1.1593624702523606
490921,491262,NSF,GLT6D1,chr9_16820083_16820299,chr9_49648227_49648336,chr9,false,0.8083382867054666,0.8118257007980387,3.8210862633063676,3.8104019505928366,217,110,0.5345622119815668,0.5545454545454546,0.02304147465437788,0.02727272727272727,325,321,1.1705875948838047
489442,489392,MYBBP1A,APOA4,chr5_30734800_30734869,chr5_16783181_16783242,chr5,false,0.8119083889316895,0.809288725161535,3.687874593013748,3.4370051827203123,70,62,0.5571428571428572,0.5967741935483871,0.04285714285714286,0.03225806451612903,292,203,1.194250538517413
612241,608036,ALG14,AQP8,chr6_54817459_54817551,chr6_21231372_21231531,chr6,false,0.8973480877389124,0.8725694931030888,3.877686339501294,4.095483521436193,93,160,0.6344086021505376,0.65,0.043010752688172046,0.0375,313,353,1.2212193650497025
610519,612594,MCM5,GKN2,chr10_29733601_29733702,chr10_69068398_69068466,chr10,false,0.8998841234892471,0.8833875293223118,3.7920548021033387,4.105234222966249,102,69,0.696078431372549,0.6666666666666666,0.049019607843137254,0.043478260869565216,297,350,1.2419517315228195
489515,489683,COX10,KCNG4,chr5_38115267_38115300,chr5_68639988_68640006,chr5,false,0.9278811537920442,0.907969770721727,3.4617155276902825,3.420444238834329,34,19,0.5,0.47368421052631576,0.058823529411764705,0.05263157894736842,159,184,1.2430770507132365
609220,476507,PTPN23,UROC1,chr20_41896078_41896172,chr20_732297_732366,chr20,false,0.8683207833795771,0.852252647930129,3.452860761271515,3.3121212859727063,95,70,0.6421052631578947,0.6857142857142857,0.021052631578947368,0.014285714285714285,187,95,1.2517852621019885
487349,487402,NUDC,HTR6,chr2_72606998_72607046,chr2_78494129_78494220,chr2,false,0.7555656748208901,0.7450850882131519,3.7414684296447422,3.7746610532717617,49,92,0.6530612244897959,0.6847826086956522,0.061224489795918366,0.06521739130434782,252,269,1.3167128832052457
119870943,476408,SNRNP70,IZUMO2,chr1_108020083_108020124,chr1_107186929_107186975,chr1,false,0.8932776612366514,0.8821838057155527,3.3854314463795436,3.7374899958262287,42,47,0.7380952380952381,0.7021276595744681,0.09523809523809523,0.10638297872340426,102,236,1.3993301093319923
475499,475576,OGDH,ADAM2,chr16_14062439_14062500,chr16_26563808_26563882,chr16,false,0.9000633558138154,0.8965812954957232,3.6653377881129394,3.367190519016405,62,75,0.6451612903225806,0.6,0.03225806451612903,0.04,282,93,1.4014952955903714
606873,478689,CCT5,SPATA16,chr34_4210845_4210884,chr34_37415243_37415297,chr34,false,0.8287777544358937,0.7951164160853033,3.532197222592615,3.747371630304405,40,55,0.6,0.6181818181818182,0.05,0.03636363636363636,190,310,1.446619232977868
476031,483761,SF1,SLC22A12,chr18_52898019_52898202,chr18_53054726_53054969,chr18,false,0.9081183447363753,0.914542192193243,4.157704148402892,3.7004055595842895,184,244,0.6684782608695652,0.639344262295082,0.04891304347826087,0.05737704918032787,335,254,1.537400545592787
474473,610571,SAMM50,ISX,chr10_22649978_22650197,chr10_29993311_29993567,chr10,false,0.8758663670267881,0.843402014593754,3.458609548129539,3.644016232456978,220,257,0.5318181818181819,0.5758754863813229,0.022727272727272728,0.0311284046692607,207,267,1.5622369213638936
612481,490782,CCNK,VRTN,chr8_68337145_68337363,chr8_47849360_47849476,chr8,false,0.8574814325461871,0.9011230663493506,4.106110402912695,4.184909967762695,219,117,0.7031963470319634,0.6923076923076923,0.0684931506849315,0.06837606837606838,345,361,1.6521135265585598
489798,479952,RFC2,C1orf146,chr6_6061787_6061840,chr6_57208561_57208602,chr6,false,0.8920294778274523,0.9318580000211836,3.636363563871101,4.04595225055233,54,42,0.6296296296296297,0.6428571428571429,0.05555555555555555,0.047619047619047616,246,346,1.6644903415879135
474485,481216,XRCC6,PNPLA5,chr10_24602257_24602351,chr10_22735065_22735224,chr10,false,0.7173015190243459,0.7570362131502882,3.7601029893206563,3.7177028312513447,95,160,0.631578947368421,0.61875,0.031578947368421054,0.01875,274,317,1.6816299682522171
100687598,479555,ATP5MG,C8B,chr5_15359722_15359801,chr5_52907399_52907492,chr5,false,0.7736792570827972,0.7518085336484055,3.483630337072153,3.3307634176338214,80,94,0.65,0.6063829787234043,0.0375,0.02127659574468085,224,97,1.757910557497915
479731,489988,SRRT,GPR139,chr6_8836442_8836497,chr6_25489805_25489842,chr6,false,0.8455011613550691,0.8858085910694308,3.3773469141339674,3.3633006629259006,56,38,0.6964285714285714,0.6578947368421053,0.03571428571428571,0.02631578947368421,170,104,1.7783956624082315
488204,403877,FARS2,GPX5,chr35_7126208_7126306,chr35_27141781_27141850,chr35,false,0.8360677485030907,0.8126643186012067,3.3232422644118698,3.4918951896064523,99,70,0.5151515151515151,0.4714285714285714,0.030303030303030304,0.014285714285714285,99,225,1.9890014118440846
485005,612000,TIMM44,RAX2,chr20_53025342_53025377,chr20_56105700_56105758,chr20,false,0.9089364896722824,0.8877773503954933,3.4306113044541933,3.868264921565193,36,59,0.6111111111111112,0.576271186440678,0.05555555555555555,0.05084745762711865,98,331,1.9941570457613753
404012,487418,DDOST,SPATA21,chr2_77674632_77674875,chr2_80792497_80792722,chr2,false,0.8929696866527735,0.8544536968495362,4.290682397916674,3.947195106639856,244,226,0.639344262295082,0.5929203539823009,0.045081967213114756,0.05309734513274336,370,315,2.1002372327988525
481716,481837,VARS,IL17A,chr12_1396103_1396182,chr12_20107381_20107427,chr12,false,0.9037506186157644,0.8643260563582918,3.480400698243797,3.3494150212084284,80,47,0.6125,0.6595744680851063,0.0375,0.02127659574468085,192,111,2.823556280477707
