chrom,model,forecasts,mse
chr1,clearance025,958,0.002631808488432366
chr10,clearance025,908,0.002562548708541974
chr11,clearance025,1538,0.0023260945314502557
chr12,clearance025,718,0.0027103580711102648
chr13,clearance025,724,0.00289683644900092
chr14,clearance025,606,0.002825849474802212
chr15,clearance025,752,0.002781672514991071
chr16,clearance025,514,0.003288979888551228
chr17,clearance025,818,0.003484914497780652
chr18,clearance025,510,0.0026457645755745404
chr19,clearance025,594,0.0026513433568292758
chr2,clearance025,1282,0.00238877213878131
chr3,clearance025,768,0.0021874594506596933
chr4,clearance025,1148,0.002648942824699399
chr5,clearance025,1194,0.003082964749045497
chr6,clearance025,754,0.0026971362606604816
chr7,clearance025,1120,0.0021937614996356556
chr8,clearance025,958,0.0027891189769788274
chr9,clearance025,910,0.002706158785820831
chrX,clearance025,238,0.0028880610266039906
chrY,clearance025,2,0.0046206568357243846
chr1,clearance050,958,0.0020251458116781113
chr10,clearance050,908,0.002158227228549579
chr11,clearance050,1538,0.0015048700673777826
chr12,clearance050,718,0.002022528230624035
chr13,clearance050,724,0.0022216702099268956
chr14,clearance050,606,0.0020261208906582305
chr15,clearance050,752,0.0022717908371297684
chr16,clearance050,514,0.0025228309107970005
chr17,clearance050,818,0.0023282046458881853
chr18,clearance050,510,0.0018182951960450022
chr19,clearance050,594,0.0020765385403821415
chr2,clearance050,1282,0.0017254838205405358
chr3,clearance050,768,0.0016470961982757604
chr4,clearance050,1148,0.0019975621955264796
chr5,clearance050,1194,0.0021096731817034507
chr6,clearance050,754,0.002160936499824645
chr7,clearance050,1120,0.0016193797779785017
chr8,clearance050,958,0.0020597477948018695
chr9,clearance050,910,0.002072378483964075
chrX,clearance050,238,0.0017787903957853263
chrY,clearance050,2,0.007665888619383056
chr1,clearance100,958,0.001868258742920224
chr10,clearance100,908,0.0021180076794013207
chr11,clearance100,1538,0.0013299185593697782
chr12,clearance100,718,0.0017292146717798969
chr13,clearance100,724,0.0019871605356996114
chr14,clearance100,606,0.001941206408020474
chr15,clearance100,752,0.0022345250614799255
chr16,clearance100,514,0.002347731777179925
chr17,clearance100,818,0.0021011416235443585
chr18,clearance100,510,0.0014821091523901657
chr19,clearance100,594,0.0018867085007576727
chr2,clearance100,1282,0.0016089887245187534
chr3,clearance100,768,0.0015638392197350425
chr4,clearance100,1148,0.0018630767137989056
chr5,clearance100,1194,0.0019301851953107466
chr6,clearance100,754,0.002107939263007075
chr7,clearance100,1120,0.001502051675308733
chr8,clearance100,958,0.0019226291936946594
chr9,clearance100,910,0.0019530563248006418
chrX,clearance100,238,0.0014849297085837345
chrY,clearance100,2,0.007031735170179878
chr1,constant_ctmc,958,0.004286925534081426
chr10,constant_ctmc,908,0.0053382436643872756
chr11,constant_ctmc,1538,0.003166771784567561
chr12,constant_ctmc,718,0.004387502493349133
chr13,constant_ctmc,724,0.004049881635152122
chr14,constant_ctmc,606,0.004375506072791717
chr15,constant_ctmc,752,0.00552430906627518
chr16,constant_ctmc,514,0.005501994376583684
chr17,constant_ctmc,818,0.0050712722634731425
chr18,constant_ctmc,510,0.003972537896242564
chr19,constant_ctmc,594,0.004297395101005184
chr2,constant_ctmc,1282,0.0042171853454783135
chr3,constant_ctmc,768,0.003968273324328043
chr4,constant_ctmc,1148,0.005071983485140133
chr5,constant_ctmc,1194,0.004083778813456202
chr6,constant_ctmc,754,0.004557374220959281
chr7,constant_ctmc,1120,0.004098879153265265
chr8,constant_ctmc,958,0.0045184486204267425
chr9,constant_ctmc,910,0.0049506112669012075
chrX,constant_ctmc,238,0.0035675865790401363
chrY,constant_ctmc,2,0.02908128314721456
chr1,delayed_empirical_loss,958,0.002190943884976198
chr10,delayed_empirical_loss,908,0.0025839597710701646
chr11,delayed_empirical_loss,1538,0.001530052395381246
chr12,delayed_empirical_loss,718,0.002036497480780565
chr13,delayed_empirical_loss,724,0.002417217259649543
chr14,delayed_empirical_loss,606,0.002171022858659579
chr15,delayed_empirical_loss,752,0.002663096592253041
chr16,delayed_empirical_loss,514,0.002584288904264776
chr17,delayed_empirical_loss,818,0.0027116701260548647
chr18,delayed_empirical_loss,510,0.0019113352170600508
chr19,delayed_empirical_loss,594,0.0022779167830341463
chr2,delayed_empirical_loss,1282,0.0019402029690802542
chr3,delayed_empirical_loss,768,0.001762047677639003
chr4,delayed_empirical_loss,1148,0.0020719257299120445
chr5,delayed_empirical_loss,1194,0.002266522851540536
chr6,delayed_empirical_loss,754,0.002331309915563078
chr7,delayed_empirical_loss,1120,0.0017563368856873594
chr8,delayed_empirical_loss,958,0.0021527028776200732
chr9,delayed_empirical_loss,910,0.00240195760979444
chrX,delayed_empirical_loss,238,0.0020685532657280245
chrY,delayed_empirical_loss,2,0.0072873845213605425
chr1,initial_constant,958,0.03752194780793325
chr10,initial_constant,908,0.04845022246696032
chr11,initial_constant,1538,0.042113215864759475
chr12,initial_constant,718,0.0387413802228412
chr13,initial_constant,724,0.040437316298342525
chr14,initial_constant,606,0.04158778217821781
chr15,initial_constant,752,0.04358164361702128
chr16,initial_constant,514,0.04481602723735409
chr17,initial_constant,818,0.04217692909535456
chr18,initial_constant,510,0.03741719607843138
chr19,initial_constant,594,0.03629622895622894
chr2,initial_constant,1282,0.035051286271450856
chr3,initial_constant,768,0.040556529947916684
chr4,initial_constant,1148,0.04524559756097558
chr5,initial_constant,1194,0.036897993299832545
chr6,initial_constant,754,0.04103172679045094
chr7,initial_constant,1120,0.036859509821428604
chr8,initial_constant,958,0.040398737995824614
chr9,initial_constant,910,0.04285360769230777
chrX,initial_constant,238,0.032389201680672275
chrY,initial_constant,2,0.0379045
chr1,last_training,958,0.008294196242171176
chr10,last_training,908,0.011726006607929534
chr11,last_training,1538,0.008335881664499367
chr12,last_training,718,0.009021976323119772
chr13,last_training,724,0.008700183701657453
chr14,last_training,606,0.008591075907590768
chr15,last_training,752,0.01071428723404255
chr16,last_training,514,0.011088031128404662
chr17,last_training,818,0.010266677261613686
chr18,last_training,510,0.008685435294117654
chr19,last_training,594,0.008538050505050514
chr2,last_training,1282,0.008299716848673947
chr3,last_training,768,0.00886254036458332
chr4,last_training,1148,0.010814618466898959
chr5,last_training,1194,0.008036603015075377
chr6,last_training,754,0.009853254641909802
chr7,last_training,1120,0.008339013392857149
chr8,last_training,958,0.009322431106471822
chr9,last_training,910,0.009768783516483522
chrX,last_training,238,0.006511865546218483
chrY,last_training,2,0.025268500000000024
