coverage,min_baseline,min_loss,gene,early_shared_cpgs,baseline,day3,loss,eligible,day28_fraction,day40_fraction,day40_vehicle_fraction,dnmt3bko_day40_fraction,dnmt1ko_day40_fraction
10,0.5,0.15,KHDRBS2,4,0.9555320557475729,0.6124999999999999,0.343032055747573,true,0.9774294516459741,1.0435937549070995,1.1296320373194209,0.8086802239244457,0.9226485860917722
10,0.5,0.15,NPY,6,0.9824056895485467,0.5425925925925926,0.43981309695595405,true,0.941257700536076,0.9978986345030154,0.9814392400712431,0.938861080973206,0.902608953734095
10,0.5,0.15,FAM135B,78,0.9557209282544343,0.60033634909777,0.3553845791566643,true,0.9580642614672685,0.9676024793619282,1.0010186437852642,0.8918495040298143,0.7770086806679076
10,0.5,0.15,PCSK2,29,0.7922987000821164,0.38141430991866554,0.4108843901634509,true,1.030250384200408,0.975887799732415,1.0976843672457168,0.9007099991374332,0.8607460316103266
10,0.5,0.15,HPSE2,12,0.8681829263692007,0.4911743462281987,0.37700858014100197,true,0.9978479857972421,0.9835382975284161,1.0506362912325364,0.8960282497930822,0.792824178881258
10,0.5,0.15,RSPO2,23,0.8762390815298486,0.49300017692629117,0.3832389046035575,true,0.9393728477088799,0.9776663229408504,0.9718218306387618,0.9571438376937238,NA
10,0.5,0.15,ADHFE1,17,0.9844430930266843,0.4801893569479442,0.5042537360787401,true,1.0093720830781998,0.9955411817843213,0.9889611035437939,0.987627413682996,0.8918248204312653
10,0.5,0.15,MAL,3,0.9679417033452489,0.46606182795698925,0.5018798753882596,true,0.9840876673676562,1.0148846604671506,0.9409356408352534,0.9582602381019621,0.8250821841806824
10,0.5,0.15,SFRP1,25,0.9635058022703433,0.4624422817376533,0.5010635205326901,true,1.0204235289493155,1.0253717406195697,1.0242163893103846,0.9205786187093621,0.936548793801964
10,0.5,0.15,CRHBP,59,0.9628261061850454,0.48839196083071196,0.4744341453543334,true,1.010191109403467,1.013700912700268,1.012944751262709,0.9434088213211234,0.9043552120624884
10,0.5,0.15,CPEB1,17,0.9584587874481114,0.5503121822916949,0.40814660515641654,true,1.0130132772775469,1.0396094377914515,1.0411322011426962,0.9071613404825257,0.882279491455798
10,0.5,0.15,C16orf62,8,0.43196601275424423,0.1826873810569463,0.24927863169729794,false,1.0576023050305134,1.105669696185954,1.045019019221199,NA,NA
10,0.5,0.15,CHL1,30,0.93349292441954,0.5596004228941169,0.3738925015254231,true,0.9373066002773935,0.9259425917723945,0.9454576827104202,1.001982691455062,0.8367847387019414
10,0.5,0.15,GRIN2A,26,0.9153962201775394,0.45629037365978226,0.45910584651775715,true,0.9585352009479146,1.0193705311732748,0.9975270493724584,0.8273523473624295,0.6888091686787056
10,0.5,0.15,AFF3,32,0.9671680993582823,0.5128672628781306,0.45430083648015174,true,1.0058310309376217,1.0187319894289835,1.0133681895867486,0.8648166897107293,0.9543392491909715
10,0.5,0.15,ANKS1B,70,0.9450632980877709,0.5425951614901994,0.4024681365975715,true,0.9808644837000494,0.9717637417638169,0.9894754139721491,0.9310640152515784,0.80659467606289
10,0.5,0.15,DPP6,26,0.9503288196064932,0.6151083082830955,0.3352205113233977,true,0.9416880386247677,1.010093889055951,0.9569584724076063,NA,NA
10,0.5,0.15,ZNF229,4,0.8729946524064172,0.5625,0.31049465240641716,true,1.2669537136706133,NA,0.9489466400123021,0.9999999999999998,NA
10,0.5,0.15,GYPC,19,0.9629891065485785,0.48826667107651833,0.47472243547206017,true,1.0055706415031405,1.0135868493656606,1.0010804304020329,0.8172935463060219,0.9855162229249331
10,0.5,0.15,ZNF132,4,0.9726580265112124,0.5516795865633075,0.42097843994790485,true,0.9784117051397758,0.9752105967937893,0.9329809334885195,0.922743605340223,0.7279454115731039
10,0.5,0.15,TLL1,26,0.2902378005219445,0.16155705144133428,0.1286807490806102,false,1.0137711816082275,1.3970758430142745,1.179925774454391,NA,NA
10,0.5,0.15,PCDH10,5,0.9704761904761905,0.5207547169811322,0.4497214734950583,true,0.8679958977637484,0.9204345021662316,1.0444719702721061,0.7812500000000003,0.8382544772058642
10,0.5,0.15,KCNG1,36,0.11537968197722202,0.0690824282929546,0.04629725368426742,false,1.1103171078881158,NA,0.9169096755654955,NA,NA
10,0.5,0.15,ZNF492,16,0.7414210275432923,0.3731065109685809,0.3683145165747114,true,0.9467669188061418,0.9607901090927436,0.9675399956885848,NA,NA
10,0.5,0.15,RBPMS2,43,0.975481134959409,0.4177346634643071,0.5577464714951019,true,1.014418022610102,1.000438621655957,1.0123079557371817,0.9114073600064916,NA
10,0.5,0.15,PGR,21,0.9669016003766995,0.5630757662053301,0.4038258341713694,true,0.9681169565144846,1.0028116158312725,0.971248027417946,0.8074702393652062,0.9421702985074424
10,0.5,0.15,WDR17,6,0.9684278586701964,0.5291448247507452,0.4392830339194512,true,0.9956622919308368,1.0144933553045712,1.0381403587519982,0.9269137760729812,0.9731938188719713
10,0.5,0.15,ZNF625,21,0.9216594227389914,0.4390472599005133,0.4826121628384781,true,0.9665655800458457,0.9484594543847118,1.022931699790622,0.9563562755525253,NA
10,0.5,0.15,ZNF568,14,0.9792097021735524,0.4384353741496599,0.5407743280238926,true,0.9132687935885379,0.9780633754538764,1.0090930388123278,0.7989364285844649,0.6149043893562968
10,0.5,0.15,GPR88,9,0.9720844495471361,0.5249387080627318,0.44714574148440434,true,0.9810431367458187,0.9638768043340937,0.9929451435055249,0.9695821060580376,0.7056104072219651
10,0.5,0.15,ZNF415,27,0.8282216758254687,0.43295392243811676,0.39526775338735193,true,0.9435470814473939,1.0459620354922574,1.056585899542853,0.9971038748493026,0.873757992671944
10,0.5,0.15,ZNF135,39,0.9318143563475487,0.6102053125612635,0.3216090437862852,true,1.003296779818418,1.0263916629670486,1.060838184836234,0.9580663644255457,NA
10,0.5,0.15,SOX17,52,0.9583578670606713,0.5249561531837645,0.43340171387690674,true,0.9977897254424498,0.991599648675961,1.020000899847489,0.9097919654345191,0.8273701229009619
10,0.5,0.15,ZSCAN18,46,0.9480891157845244,0.5001400175614418,0.4479490982230826,true,0.9788802834864421,0.9904447277806613,0.9960095603598702,0.8954079795445153,0.8220533735362769
10,0.5,0.15,LRRK2,33,0.45330488715088635,0.268934018057015,0.18437086909387135,false,0.8123499811706787,0.9407913772608162,1.0218470123099817,NA,NA
10,0.5,0.15,TMEM25,44,0.027109349327532138,0.019330065540019772,0.007779283787512366,false,0.8683248295223237,0.02183873696241377,0.12685387435107334,NA,NA
10,0.5,0.15,PCDH8,63,0.9619103036578338,0.538061907630239,0.42384839602759483,true,0.9795948087443259,0.9856756127162069,1.0010015047728762,NA,0.9714452130032635
10,0.5,0.15,ZNF788,10,0.8701026742435412,0.4559043384795779,0.41419833576396325,true,0.9577683772635117,0.9652204270872284,0.983952832872319,0.9067251453091096,NA
10,0.5,0.15,ZNF793,8,0.8289852351274342,0.46559155216473463,0.3633936829626995,true,1.0873331350431608,1.2089450046793724,1.1442795735987064,NA,NA
10,0.5,0.15,ZNF880,40,0.9008413154867878,0.4529308992028712,0.4479104162839166,true,0.968257010584836,0.9906338629152233,1.0303119532505878,0.8689036486292533,0.7270356205328857
10,0.5,0.15,KRBA1,36,0.9732390587731681,0.48843273570376944,0.48480632306939864,true,0.9994233716148996,0.9947950252621806,1.0023079053034094,0.8696897032729964,0.9251562489166658
10,0.5,0.15,ZNF660,21,0.9457562565097439,0.45443429285737724,0.4913219636523667,true,0.9625526766320519,0.9930622505545106,1.010106447507332,0.9818941772323458,0.9138251688288225
10,0.5,0.15,ZNF43,16,0.9229948889488371,0.5603013548578064,0.36269353409103067,true,0.9560795072660104,0.9700993961806184,0.9538643964073587,0.9525524567581259,0.6620167216221555
10,0.5,0.15,ACSS3,26,0.9091560928266844,0.5400780578152014,0.36907803501148306,true,0.9567718539436403,0.9968139477942545,0.9634017220134979,0.8481778847697906,0.8613541340008665
10,0.5,0.15,RAB34,67,0.9637614720121075,0.5206005681200251,0.4431609038920824,true,0.9676823492118586,0.980265650701536,NA,NA,NA
10,0.5,0.15,MAP9,34,0.9762340174722295,0.5653908791341463,0.41084313833808317,true,0.9827702674238391,0.978176452162152,0.9936112056161572,0.8199346818747647,0.876643782830811
10,0.5,0.15,ZNF813,11,0.9105432475529949,0.4385185191931773,0.47202472835981757,true,0.975294218615062,1.0176135849131827,1.010354064443948,0.8634718261340116,0.3879326081361653
10,0.5,0.15,STK33,41,0.0753018567580299,0.03467042104470327,0.040631435713326634,false,0.7767414973208986,0.8903399408208219,0.8034971372167586,0.6232044885549641,0.7557277233775732
5,0.5,0.15,KHDRBS2,23,0.9702857681493363,0.5291062801932367,0.4411794879560996,true,0.8472812680556511,1.039292408805843,NA,0.9130234762086156,0.9886507921819259
5,0.5,0.15,NPY,6,0.9824056895485467,0.5425925925925926,0.43981309695595405,true,0.941257700536076,0.9978986345030154,0.9814392400712431,0.938861080973206,0.902608953734095
5,0.5,0.15,FAM135B,80,0.9548002163016347,0.5969007425681279,0.35789947373350683,true,0.9596385244283664,0.9713894028114981,1.0024476681769994,0.8912430694284125,0.7703262385677175
5,0.5,0.15,PCSK2,29,0.7922987000821164,0.38141430991866554,0.4108843901634509,true,1.030250384200408,0.975887799732415,1.0976843672457168,0.9007099991374332,0.8607460316103266
5,0.5,0.15,HPSE2,12,0.8681829263692007,0.4911743462281987,0.37700858014100197,true,0.9978479857972421,0.9835382975284161,1.0506362912325364,0.8960282497930822,0.792824178881258
5,0.5,0.15,RSPO2,27,0.8692329018100271,0.5180023293642263,0.3512305724458008,true,0.9655836855979827,0.9994380074858535,1.0158300478907258,0.9968010253148077,0.4966158178812416
5,0.5,0.15,ADHFE1,17,0.9844430930266843,0.4801893569479442,0.5042537360787401,true,1.0093720830781998,0.9955411817843213,0.9889611035437939,0.987627413682996,0.8918248204312653
5,0.5,0.15,MAL,32,0.8884735577671466,0.37548540290411114,0.5129881548630355,true,0.9674582544626734,0.9916487358939617,0.9555533900286368,0.8376198012653571,0.842843829468463
5,0.5,0.15,SFRP1,27,0.9662090761762439,0.45435476972488026,0.5118543064513636,true,1.0148940771225243,1.0191887475583274,1.0219498753510239,0.9228004748140476,0.9409261899841405
5,0.5,0.15,CRHBP,63,0.9509841813144828,0.5005928239878449,0.45039135732663793,true,1.0118819171437443,1.0154702070403798,1.030205876151774,0.940214510096242,0.896798194705441
5,0.5,0.15,CPEB1,35,0.9457828302205019,0.5106224788998,0.43516035132070197,true,1.0338585940933276,1.0156904790067554,1.0375581672893905,0.9879744155144324,0.8663126411534408
5,0.5,0.15,C16orf62,8,0.43196601275424423,0.1826873810569463,0.24927863169729794,false,1.0576023050305134,1.105669696185954,1.045019019221199,NA,NA
5,0.5,0.15,CHL1,36,0.9405874272696948,0.5701713735621136,0.37041605370758124,true,0.9204819785417633,0.9313256958027253,0.9604819681985655,0.9735584208282673,0.8245355230801794
5,0.5,0.15,GRIN2A,38,0.8652053594828859,0.47933093404965466,0.38587442543323125,true,0.9660797335604309,1.0151828468503772,0.9291132034520373,NA,0.7625814104414327
5,0.5,0.15,AFF3,42,0.969826488399961,0.491209524551138,0.478616963848823,true,0.9821085505981023,1.0193506631744877,1.0097862680144518,0.8801499291350022,0.8714726108992787
5,0.5,0.15,DCLK1,3,0.9938271604938271,0.4523809523809524,0.5414462081128748,true,0.8636482084690552,0.9166875469807066,0.9344462540716612,0.957150101419878,0.49700113470578705
5,0.5,0.15,ANKS1B,71,0.9450545818392733,0.5402953753400218,0.40475920649925146,true,0.9831739662953123,0.9949523517798472,0.9900338685044899,0.9294687864336476,0.8285025693555839
5,0.5,0.15,DPP6,28,0.9529369114391121,0.6093664449930332,0.3435704664460789,true,0.9221084116936437,1.0118806397554383,0.957242844338633,0.9538884854511333,0.5522300287030315
5,0.5,0.15,ZNF229,5,0.8983957219251337,0.6,0.29839572192513375,true,1.2222222222222217,0.7819593787335719,0.9575012800819254,0.9163987138263663,0.9070967741935483
5,0.5,0.15,GYPC,21,0.9617062612362597,0.5088382540866525,0.4528680071496072,true,1.0046333633801166,1.0235021912341937,1.0116408064242182,0.8079656805509444,0.9686428279400335
5,0.5,0.15,ZNF132,11,0.9565144521739838,0.634954193093728,0.32156025908025576,true,1.0783296561590543,1.013980735209556,1.0158654849227016,0.6831875231465057,0.880683488475965
5,0.5,0.15,TLL1,28,0.2806672433418056,0.15795376998917549,0.12271347335263011,false,0.9448475138269863,1.0808239556929178,1.116586534438694,NA,NA
5,0.5,0.15,PCDH10,7,0.9769810626953483,0.49125884972528805,0.4857222129700603,true,0.8326420934695141,0.8480377441503836,1.033385782620602,0.8025483355575479,0.8653827337133836
5,0.5,0.15,KCNG1,51,0.27482612698321407,0.11674510559959474,0.15808102138361935,false,0.9444527774417372,1.0876812509328262,0.9924775449146876,NA,NA
5,0.5,0.15,ZNF492,17,0.7566315553348635,0.37321789267631145,0.38341366265855203,true,0.9338218489377523,0.9575761999273393,0.9706525152142953,NA,NA
5,0.5,0.15,RBPMS2,51,0.9762130445851536,0.4622055027226531,0.5140075418625005,true,1.0107723360399479,0.9997565176891456,1.0109611489549142,0.9184287595539508,0.7861259455734303
5,0.5,0.15,PGR,21,0.9669016003766995,0.5630757662053301,0.4038258341713694,true,0.9681169565144846,1.0028116158312725,0.971248027417946,0.8074702393652062,0.9421702985074424
5,0.5,0.15,WDR17,21,0.9769206866327833,0.5188032832621176,0.45811740337066575,true,0.9678675163378928,1.0102497829589325,1.0289083880398424,0.9690335804118635,0.8569772429631717
5,0.5,0.15,ZNF625,21,0.9216594227389914,0.4390472599005133,0.4826121628384781,true,0.9665655800458457,0.9484594543847118,1.022931699790622,0.9563562755525253,NA
5,0.5,0.15,ZNF568,16,0.9726939060685251,0.4365155677655678,0.5361783383029572,true,0.924916756689487,0.9830693745131786,1.0250237730324063,0.8765145393306363,0.6198318368864554
5,0.5,0.15,ZNF471,13,0.9242673992673992,0.25641025641025633,0.6678571428571429,true,1.037433155080214,1.0420951597422183,1.0440757499581028,0.47764142805465143,0.9836601307189539
5,0.5,0.15,GPR88,11,0.9692685900335155,0.5294953065967806,0.43977328343673494,true,1.0021741015340038,0.9796247405085352,0.9999154698328343,0.9753888809916994,0.8037340772103391
5,0.5,0.15,ZNF415,29,0.8194893232928546,0.434991582959626,0.38449774033322864,true,0.9352072925281959,1.0234569047979718,1.0408940715430872,0.9284381967393314,0.8240123948317957
5,0.5,0.15,ZNF135,41,0.9348195610443308,0.6143145385067845,0.3205050225375463,true,0.9950161420818862,1.0261920477382362,1.0532173179614766,0.9597389753463974,0.8033491104798544
5,0.5,0.15,SOX17,56,0.9595115336492703,0.5252427318112282,0.4342688018380422,true,0.9971437219928773,0.9923074720718554,1.0227279107947596,0.8952328579290753,0.8265904295298205
5,0.5,0.15,ZSCAN18,49,0.929583659716084,0.49401623301541636,0.43556742670066767,true,0.982538111295894,1.0397254228458697,0.9990757710820486,0.8967866525531946,0.8018554625391574
5,0.5,0.15,LRRK2,35,0.45979970992593766,0.2707092170251856,0.18909049290075208,false,0.788364962522219,0.9408289566210027,1.0565101865363313,NA,NA
5,0.5,0.15,TMEM25,45,0.026506919342475867,0.018900508528019333,0.007606410814456534,false,0.8683248295223237,0.062253120152127306,0.126853874351073,NA,NA
5,0.5,0.15,PCDH8,70,0.9530010219558258,0.5323101744868901,0.4206908474689357,true,0.9810836744319833,0.9875969997306951,1.0114238677717962,0.9096006655859094,1.00146985334924
5,0.5,0.15,ZNF788,17,0.8451584358295341,0.4901041563248854,0.3550542795046487,true,0.9821496735800705,1.0069016578306729,0.9427067654149714,0.8647241221104675,0.8867449685403158
5,0.5,0.15,ZNF793,8,0.8289852351274342,0.46559155216473463,0.3633936829626995,true,1.0873331350431608,1.2089450046793724,1.1442795735987064,0.8860325145036158,0.6186836635582139
5,0.5,0.15,ZNF880,40,0.9008413154867878,0.4529308992028712,0.4479104162839166,true,0.968257010584836,0.9906338629152233,1.0303119532505878,0.8689036486292533,0.7270356205328857
5,0.5,0.15,KRBA1,65,0.9179611576415874,0.4528264958006601,0.4651346618409273,true,0.9717156462295677,1.010264809171707,0.9440665076936061,0.9456968807643443,0.8629473279114129
5,0.5,0.15,ZNF660,30,0.9456994132268542,0.5104849573811164,0.4352144558457378,true,0.992611033459546,0.9948076048026349,1.018154424935741,0.9677945206633993,0.916615638459425
5,0.5,0.15,ZNF43,22,0.9040144843673557,0.5816706568560976,0.322343827511258,true,0.9898888507650677,1.025186396643431,0.9553424010924302,0.8506073227714711,0.5808116958365653
5,0.5,0.15,ACSS3,33,0.9217570501793344,0.5394128783683488,0.38234417181098557,true,0.9194827429709674,0.9985430391496432,0.9734517686933166,0.8500115984420854,0.8747269956719674
5,0.5,0.15,RAB34,72,0.9632288773032656,0.5205378182295352,0.4426910590737304,true,0.9472354335469392,0.9658606389431389,0.9969158560450273,NA,NA
5,0.5,0.15,MAP9,37,0.976102896453201,0.5499166557888472,0.42618624066435384,true,0.9853386243506276,0.9815334862477416,0.9938849949552881,0.832504855035643,0.8891249418911303
5,0.5,0.15,ZNF813,17,0.9269336074987382,0.4036973962100643,0.5232362112886739,true,0.9872926715750618,1.0330267335661274,NA,0.9105353665490328,0.6513896598951299
5,0.5,0.15,STK33,44,0.07016763925180058,0.033778740699274015,0.03638889855252657,false,0.7677089665356353,0.945910676362891,0.7676693664934158,0.6271724928096001,NA
20,0.5,0.15,KHDRBS2,4,0.9555320557475729,0.6124999999999999,0.343032055747573,true,0.9774294516459741,NA,1.1296320373194209,NA,0.9226485860917722
20,0.5,0.15,NPY,6,0.9824056895485467,0.5425925925925926,0.43981309695595405,true,0.941257700536076,0.9894775489797834,0.9814392400712431,0.9482823364832339,0.902608953734095
20,0.5,0.15,FAM135B,58,0.954953361831467,0.6250448507570464,0.32990851107442054,true,0.9540743281452677,0.9777846189275764,1.0147239785597777,0.8976177666863004,0.7654566636757811
20,0.5,0.15,PCSK2,29,0.7922987000821164,0.38141430991866554,0.4108843901634509,true,1.030250384200408,0.975887799732415,1.0976843672457168,0.9007099991374332,0.8607460316103266
20,0.5,0.15,HPSE2,12,0.8681829263692007,0.4911743462281987,0.37700858014100197,true,0.9978479857972421,0.9835382975284161,1.0506362912325364,0.8960282497930822,0.792824178881258
20,0.5,0.15,RSPO2,22,0.8730059297333586,0.4909337514019617,0.38207217833139684,true,0.9433807377728997,NA,NA,NA,NA
20,0.5,0.15,ADHFE1,15,0.9823688387635756,0.48421460454100346,0.49815423422257216,true,1.0107517483408546,1.0015761667835794,0.9873360665214379,0.9852921367730878,0.8868183343578455
20,0.5,0.15,SFRP1,9,0.9624547091075732,0.46607468123861573,0.4963800278689575,true,1.0131922971096046,1.0212725606807465,0.9972932069764563,1.0196287204977463,0.9438121675079054
20,0.5,0.15,CRHBP,52,0.9651390638651774,0.48261688596085367,0.4825221779043238,true,1.007511462069002,1.0028231346250944,NA,0.94172175142498,0.890675888058854
20,0.5,0.15,CPEB1,13,0.9575716680979839,0.5539931527658004,0.4035785153321835,true,1.0123678129900042,1.0458673392844091,1.0548554394956584,0.8854506445801952,0.9174034012069211
20,0.5,0.15,C16orf62,8,0.43196601275424423,0.1826873810569463,0.24927863169729794,false,1.0576023050305134,1.105669696185954,1.045019019221199,NA,NA
20,0.5,0.15,CHL1,12,0.9490924775707386,0.556592169092169,0.39250030847856954,true,0.9755218382280632,0.9636871950769147,0.9088515858886483,NA,NA
20,0.5,0.15,GRIN2A,15,0.912246751351798,0.3993220230062336,0.5129247283455645,true,0.9270318158680336,1.023608472755778,1.0021659437186459,0.8316833849770084,NA
20,0.5,0.15,AFF3,27,0.9783321491740201,0.5096853547976027,0.46864679437641743,true,0.9945371802239099,NA,1.001293871059108,0.8455112066337797,0.9578986330779243
20,0.5,0.15,ANKS1B,31,0.9653615408295155,0.5370768091785071,0.42828473165100844,true,0.9426532016302037,0.9657047308235968,0.9731189082321395,0.9254977244519439,NA
20,0.5,0.15,DPP6,6,0.9106608669108669,0.5938494167550371,0.3168114501558298,true,1.0589510418539405,1.132744179879772,0.9971238530325124,NA,NA
20,0.5,0.15,GYPC,10,0.945478523645932,0.4142137096774194,0.5312648139685126,true,1.0039878898920975,1.0256849040613036,1.0265399917561713,0.7521595381777041,0.9381598162381979
20,0.5,0.15,ZNF132,4,0.9726580265112124,0.5516795865633075,0.42097843994790485,true,0.9784117051397758,0.9752105967937893,NA,NA,NA
20,0.5,0.15,TLL1,22,0.29702427582049284,0.1671215369847803,0.12990273883571254,false,1.0201979717248242,1.1203423121842233,1.2365848063460514,NA,NA
20,0.5,0.15,KCNG1,16,0.25076902360909714,0.12418546365914786,0.1265835599499493,false,0.9830056423202784,0.9889374517436231,1.0014207194390468,NA,NA
20,0.5,0.15,ZNF492,5,0.766691534914361,0.37142621521641805,0.395265319697943,true,0.8423811911907846,1.0305188521204853,0.8779388510813956,NA,NA
20,0.5,0.15,RBPMS2,12,0.9573314803577961,0.427676626206038,0.5296548541517581,true,1.0475868007391669,1.0378573364670063,1.019257103041996,0.8418048040019525,0.8944765304746527
20,0.5,0.15,PGR,13,0.9672749939491683,0.5424638395792242,0.4248111543699441,true,0.9470354886041265,0.9986760861630972,0.9637410209244113,0.8263997415307142,0.9050993227164436
20,0.5,0.15,WDR17,5,0.9829565217391303,0.5371014492753623,0.445855072463768,true,0.9750374731716133,0.9907769129698932,1.0092860947651425,0.91204439689267,0.9542254767274634
20,0.5,0.15,ZNF625,18,0.9250347027647878,0.43682497782044005,0.4882097249443478,true,0.9723785963372323,0.9453796072397517,1.0115955171281539,0.9597329837288415,NA
20,0.5,0.15,GPR88,3,0.9634328358208956,0.5079341757272994,0.4554986600935962,true,1.0032479675803103,0.9941854448158836,0.9839901067059033,0.9306638000537489,0.67013049207945
20,0.5,0.15,ZNF415,23,0.8342608997179091,0.43006446740926696,0.4041964323086421,true,0.9222640695458619,1.0329257349507937,NA,NA,NA
20,0.5,0.15,ZNF135,10,0.8532099525250705,0.5741666666666667,0.27904328585840377,true,1.1098844614779941,1.0364620986271225,0.9813471950140978,0.921498839843118,0.8161764499339942
20,0.5,0.15,SOX17,33,0.9503199811985621,0.533853466969703,0.41646651422885905,true,0.9990444800874239,0.9908043689233211,1.0314361487225432,NA,0.8510270186805702
20,0.5,0.15,ZSCAN18,25,0.9537194662937803,0.4645862315890201,0.4891332347047602,true,0.9806584622703288,0.967517187763585,NA,0.9109406049867796,0.7712338752674875
20,0.5,0.15,LRRK2,27,0.44992403622923405,0.24842279413452728,0.20150124209470677,false,0.8708995168574434,0.9833880960535117,1.024690153077498,NA,NA
20,0.5,0.15,TMEM25,24,0.02746436046424109,0.015979373251970505,0.011484987212270585,false,0.8529963929817785,NA,NA,NA,NA
20,0.5,0.15,PCDH8,51,0.9623094751873417,0.5388449735298204,0.42346450165752125,true,0.9768613082103714,0.9768544014943678,1.0033705802067336,NA,NA
20,0.5,0.15,ZNF788,4,0.9234568428647376,0.48958333333333326,0.43387350953140436,true,0.9283299600678301,1.0007505059898254,0.9008419290163463,0.8046525783196696,NA
20,0.5,0.15,ZNF793,3,0.9700468540829987,0.5223880597014925,0.44765879438150624,true,0.9942653214491236,0.9676286968795853,0.9586030637609813,0.985065875285699,0.7321425654102147
20,0.5,0.15,ZNF880,31,0.8817244171560148,0.4416375928993405,0.4400868242566743,true,0.9592114417777892,0.9843561832487746,1.043681576626605,0.8599340959096272,0.7153895525670124
20,0.5,0.15,KRBA1,21,0.972642095558762,0.5570269599681366,0.41561513559062546,true,0.994821353439255,0.9995394461323691,1.0189158177583038,0.875816032029433,0.9160205271947826
20,0.5,0.15,ZNF660,9,0.9454012928611841,0.5023027662243349,0.44309852663684923,true,1.0019387344008635,0.9675782000665859,1.0129308339277192,1.03747175849693,0.802118148326559
20,0.5,0.15,ZNF43,15,0.9178612148787596,0.5532103340705491,0.3646508808082105,true,0.9669454090472214,0.9682772207859496,0.9314671011632508,0.9403668542543268,0.6364414774666673
20,0.5,0.15,ACSS3,21,0.8899063293475469,0.5338908058357179,0.35601552351182897,true,0.9765500650939789,1.032378349464793,0.9638963527465221,0.8351805853514714,NA
20,0.5,0.15,RAB34,38,0.9586442078014308,0.5109517659191042,0.4476924418823266,true,0.9892764211353701,0.9938637668309727,1.019734271546903,NA,NA
20,0.5,0.15,MAP9,30,0.9779795388526924,0.5631906694910097,0.4147888693616827,true,0.9807831779494255,0.9733985630310582,1.000801493374779,0.8340031141088513,0.8764745133188375
20,0.5,0.15,ZNF813,9,0.932595186162655,0.4204208605264883,0.5121743256361667,true,0.9627303947198521,1.0311440729575108,1.0117951587405418,0.8561474666467102,0.3753361366031318
20,0.5,0.15,STK33,18,0.006144877154354451,0.010855590099287578,-0.004710712944933127,false,0.7571113263985371,2.0496069321302723,0.6760197359342185,NA,NA
10,0.3,0.15,KHDRBS2,4,0.9555320557475729,0.6124999999999999,0.343032055747573,true,0.9774294516459741,1.0435937549070995,1.1296320373194209,0.8086802239244457,0.9226485860917722
10,0.3,0.15,NPY,6,0.9824056895485467,0.5425925925925926,0.43981309695595405,true,0.941257700536076,0.9978986345030154,0.9814392400712431,0.938861080973206,0.902608953734095
10,0.3,0.15,FAM135B,78,0.9557209282544343,0.60033634909777,0.3553845791566643,true,0.9580642614672685,0.9676024793619282,1.0010186437852642,0.8918495040298143,0.7770086806679076
10,0.3,0.15,PCSK2,29,0.7922987000821164,0.38141430991866554,0.4108843901634509,true,1.030250384200408,0.975887799732415,1.0976843672457168,0.9007099991374332,0.8607460316103266
10,0.3,0.15,HPSE2,12,0.8681829263692007,0.4911743462281987,0.37700858014100197,true,0.9978479857972421,0.9835382975284161,1.0506362912325364,0.8960282497930822,0.792824178881258
10,0.3,0.15,RSPO2,23,0.8762390815298486,0.49300017692629117,0.3832389046035575,true,0.9393728477088799,0.9776663229408504,0.9718218306387618,0.9571438376937238,NA
10,0.3,0.15,ADHFE1,17,0.9844430930266843,0.4801893569479442,0.5042537360787401,true,1.0093720830781998,0.9955411817843213,0.9889611035437939,0.987627413682996,0.8918248204312653
10,0.3,0.15,MAL,3,0.9679417033452489,0.46606182795698925,0.5018798753882596,true,0.9840876673676562,1.0148846604671506,0.9409356408352534,0.9582602381019621,0.8250821841806824
10,0.3,0.15,SFRP1,25,0.9635058022703433,0.4624422817376533,0.5010635205326901,true,1.0204235289493155,1.0253717406195697,1.0242163893103846,0.9205786187093621,0.936548793801964
10,0.3,0.15,CRHBP,59,0.9628261061850454,0.48839196083071196,0.4744341453543334,true,1.010191109403467,1.013700912700268,1.012944751262709,0.9434088213211234,0.9043552120624884
10,0.3,0.15,CPEB1,17,0.9584587874481114,0.5503121822916949,0.40814660515641654,true,1.0130132772775469,1.0396094377914515,1.0411322011426962,0.9071613404825257,0.882279491455798
10,0.3,0.15,C16orf62,8,0.43196601275424423,0.1826873810569463,0.24927863169729794,true,1.0576023050305134,1.105669696185954,1.045019019221199,0.9288626417684193,0.7835379917893284
10,0.3,0.15,CHL1,30,0.93349292441954,0.5596004228941169,0.3738925015254231,true,0.9373066002773935,0.9259425917723945,0.9454576827104202,1.001982691455062,0.8367847387019414
10,0.3,0.15,GRIN2A,26,0.9153962201775394,0.45629037365978226,0.45910584651775715,true,0.9585352009479146,1.0193705311732748,0.9975270493724584,0.8273523473624295,0.6888091686787056
10,0.3,0.15,AFF3,32,0.9671680993582823,0.5128672628781306,0.45430083648015174,true,1.0058310309376217,1.0187319894289835,1.0133681895867486,0.8648166897107293,0.9543392491909715
10,0.3,0.15,ANKS1B,70,0.9450632980877709,0.5425951614901994,0.4024681365975715,true,0.9808644837000494,0.9717637417638169,0.9894754139721491,0.9310640152515784,0.80659467606289
10,0.3,0.15,DPP6,26,0.9503288196064932,0.6151083082830955,0.3352205113233977,true,0.9416880386247677,1.010093889055951,0.9569584724076063,NA,NA
10,0.3,0.15,ZNF229,4,0.8729946524064172,0.5625,0.31049465240641716,true,1.2669537136706133,NA,0.9489466400123021,0.9999999999999998,NA
10,0.3,0.15,GYPC,19,0.9629891065485785,0.48826667107651833,0.47472243547206017,true,1.0055706415031405,1.0135868493656606,1.0010804304020329,0.8172935463060219,0.9855162229249331
10,0.3,0.15,ZNF132,4,0.9726580265112124,0.5516795865633075,0.42097843994790485,true,0.9784117051397758,0.9752105967937893,0.9329809334885195,0.922743605340223,0.7279454115731039
10,0.3,0.15,TLL1,26,0.2902378005219445,0.16155705144133428,0.1286807490806102,false,1.0137711816082275,1.3970758430142745,1.179925774454391,NA,NA
10,0.3,0.15,PCDH10,5,0.9704761904761905,0.5207547169811322,0.4497214734950583,true,0.8679958977637484,0.9204345021662316,1.0444719702721061,0.7812500000000003,0.8382544772058642
10,0.3,0.15,KCNG1,36,0.11537968197722202,0.0690824282929546,0.04629725368426742,false,1.1103171078881158,NA,0.9169096755654955,NA,NA
10,0.3,0.15,ZNF492,16,0.7414210275432923,0.3731065109685809,0.3683145165747114,true,0.9467669188061418,0.9607901090927436,0.9675399956885848,NA,NA
10,0.3,0.15,RBPMS2,43,0.975481134959409,0.4177346634643071,0.5577464714951019,true,1.014418022610102,1.000438621655957,1.0123079557371817,0.9114073600064916,NA
10,0.3,0.15,PGR,21,0.9669016003766995,0.5630757662053301,0.4038258341713694,true,0.9681169565144846,1.0028116158312725,0.971248027417946,0.8074702393652062,0.9421702985074424
10,0.3,0.15,WDR17,6,0.9684278586701964,0.5291448247507452,0.4392830339194512,true,0.9956622919308368,1.0144933553045712,1.0381403587519982,0.9269137760729812,0.9731938188719713
10,0.3,0.15,ZNF625,21,0.9216594227389914,0.4390472599005133,0.4826121628384781,true,0.9665655800458457,0.9484594543847118,1.022931699790622,0.9563562755525253,0.6806168097704571
10,0.3,0.15,ZNF568,14,0.9792097021735524,0.4384353741496599,0.5407743280238926,true,0.9132687935885379,0.9780633754538764,1.0090930388123278,0.7989364285844649,0.6149043893562968
10,0.3,0.15,GPR88,9,0.9720844495471361,0.5249387080627318,0.44714574148440434,true,0.9810431367458187,0.9638768043340937,0.9929451435055249,0.9695821060580376,0.7056104072219651
10,0.3,0.15,ZNF415,27,0.8282216758254687,0.43295392243811676,0.39526775338735193,true,0.9435470814473939,1.0459620354922574,1.056585899542853,0.9971038748493026,0.873757992671944
10,0.3,0.15,ZNF135,39,0.9318143563475487,0.6102053125612635,0.3216090437862852,true,1.003296779818418,1.0263916629670486,1.060838184836234,0.9580663644255457,NA
10,0.3,0.15,SOX17,52,0.9583578670606713,0.5249561531837645,0.43340171387690674,true,0.9977897254424498,0.991599648675961,1.020000899847489,0.9097919654345191,0.8273701229009619
10,0.3,0.15,ZSCAN18,46,0.9480891157845244,0.5001400175614418,0.4479490982230826,true,0.9788802834864421,0.9904447277806613,0.9960095603598702,0.8954079795445153,0.8220533735362769
10,0.3,0.15,LRRK2,33,0.45330488715088635,0.268934018057015,0.18437086909387135,true,0.8123499811706787,0.9407913772608162,1.0218470123099817,0.9633848025259271,0.6975270507042094
10,0.3,0.15,TMEM25,44,0.027109349327532138,0.019330065540019772,0.007779283787512366,false,0.8683248295223237,0.02183873696241377,0.12685387435107334,NA,NA
10,0.3,0.15,PCDH8,63,0.9619103036578338,0.538061907630239,0.42384839602759483,true,0.9795948087443259,0.9856756127162069,1.0010015047728762,NA,0.9714452130032635
10,0.3,0.15,ZNF788,10,0.8701026742435412,0.4559043384795779,0.41419833576396325,true,0.9577683772635117,0.9652204270872284,0.983952832872319,0.9067251453091096,NA
10,0.3,0.15,ZNF793,8,0.8289852351274342,0.46559155216473463,0.3633936829626995,true,1.0873331350431608,1.2089450046793724,1.1442795735987064,NA,NA
10,0.3,0.15,ZNF880,40,0.9008413154867878,0.4529308992028712,0.4479104162839166,true,0.968257010584836,0.9906338629152233,1.0303119532505878,0.8689036486292533,0.7270356205328857
10,0.3,0.15,KRBA1,36,0.9732390587731681,0.48843273570376944,0.48480632306939864,true,0.9994233716148996,0.9947950252621806,1.0023079053034094,0.8696897032729964,0.9251562489166658
10,0.3,0.15,ZNF660,21,0.9457562565097439,0.45443429285737724,0.4913219636523667,true,0.9625526766320519,0.9930622505545106,1.010106447507332,0.9818941772323458,0.9138251688288225
10,0.3,0.15,ZNF43,16,0.9229948889488371,0.5603013548578064,0.36269353409103067,true,0.9560795072660104,0.9700993961806184,0.9538643964073587,0.9525524567581259,0.6620167216221555
10,0.3,0.15,ACSS3,26,0.9091560928266844,0.5400780578152014,0.36907803501148306,true,0.9567718539436403,0.9968139477942545,0.9634017220134979,0.8481778847697906,0.8613541340008665
10,0.3,0.15,RAB34,67,0.9637614720121075,0.5206005681200251,0.4431609038920824,true,0.9676823492118586,0.980265650701536,NA,NA,NA
10,0.3,0.15,MAP9,34,0.9762340174722295,0.5653908791341463,0.41084313833808317,true,0.9827702674238391,0.978176452162152,0.9936112056161572,0.8199346818747647,0.876643782830811
10,0.3,0.15,ZNF813,11,0.9105432475529949,0.4385185191931773,0.47202472835981757,true,0.975294218615062,1.0176135849131827,1.010354064443948,0.8634718261340116,0.3879326081361653
10,0.3,0.15,STK33,41,0.0753018567580299,0.03467042104470327,0.040631435713326634,false,0.7767414973208986,0.8903399408208219,0.8034971372167586,0.6232044885549641,0.7557277233775732
10,0.7,0.15,KHDRBS2,4,0.9555320557475729,0.6124999999999999,0.343032055747573,true,0.9774294516459741,1.0435937549070995,1.1296320373194209,0.8086802239244457,0.9226485860917722
10,0.7,0.15,NPY,6,0.9824056895485467,0.5425925925925926,0.43981309695595405,true,0.941257700536076,0.9978986345030154,0.9814392400712431,0.938861080973206,0.902608953734095
10,0.7,0.15,FAM135B,78,0.9557209282544343,0.60033634909777,0.3553845791566643,true,0.9580642614672685,0.9676024793619282,1.0010186437852642,0.8918495040298143,0.7770086806679076
10,0.7,0.15,PCSK2,29,0.7922987000821164,0.38141430991866554,0.4108843901634509,true,1.030250384200408,0.975887799732415,1.0976843672457168,0.9007099991374332,0.8607460316103266
10,0.7,0.15,HPSE2,12,0.8681829263692007,0.4911743462281987,0.37700858014100197,true,0.9978479857972421,0.9835382975284161,1.0506362912325364,0.8960282497930822,0.792824178881258
10,0.7,0.15,RSPO2,23,0.8762390815298486,0.49300017692629117,0.3832389046035575,true,0.9393728477088799,0.9776663229408504,0.9718218306387618,0.9571438376937238,NA
10,0.7,0.15,ADHFE1,17,0.9844430930266843,0.4801893569479442,0.5042537360787401,true,1.0093720830781998,0.9955411817843213,0.9889611035437939,0.987627413682996,0.8918248204312653
10,0.7,0.15,MAL,3,0.9679417033452489,0.46606182795698925,0.5018798753882596,true,0.9840876673676562,1.0148846604671506,0.9409356408352534,0.9582602381019621,0.8250821841806824
10,0.7,0.15,SFRP1,25,0.9635058022703433,0.4624422817376533,0.5010635205326901,true,1.0204235289493155,1.0253717406195697,1.0242163893103846,0.9205786187093621,0.936548793801964
10,0.7,0.15,CRHBP,59,0.9628261061850454,0.48839196083071196,0.4744341453543334,true,1.010191109403467,1.013700912700268,1.012944751262709,0.9434088213211234,0.9043552120624884
10,0.7,0.15,CPEB1,17,0.9584587874481114,0.5503121822916949,0.40814660515641654,true,1.0130132772775469,1.0396094377914515,1.0411322011426962,0.9071613404825257,0.882279491455798
10,0.7,0.15,C16orf62,8,0.43196601275424423,0.1826873810569463,0.24927863169729794,false,1.0576023050305134,1.105669696185954,1.045019019221199,NA,NA
10,0.7,0.15,CHL1,30,0.93349292441954,0.5596004228941169,0.3738925015254231,true,0.9373066002773935,0.9259425917723945,0.9454576827104202,1.001982691455062,0.8367847387019414
10,0.7,0.15,GRIN2A,26,0.9153962201775394,0.45629037365978226,0.45910584651775715,true,0.9585352009479146,1.0193705311732748,0.9975270493724584,0.8273523473624295,NA
10,0.7,0.15,AFF3,32,0.9671680993582823,0.5128672628781306,0.45430083648015174,true,1.0058310309376217,1.0187319894289835,1.0133681895867486,0.8648166897107293,0.9543392491909715
10,0.7,0.15,ANKS1B,70,0.9450632980877709,0.5425951614901994,0.4024681365975715,true,0.9808644837000494,0.9717637417638169,0.9894754139721491,0.9310640152515784,0.80659467606289
10,0.7,0.15,DPP6,26,0.9503288196064932,0.6151083082830955,0.3352205113233977,true,0.9416880386247677,1.010093889055951,0.9569584724076063,NA,NA
10,0.7,0.15,ZNF229,4,0.8729946524064172,0.5625,0.31049465240641716,true,1.2669537136706133,NA,0.9489466400123021,0.9999999999999998,NA
10,0.7,0.15,GYPC,19,0.9629891065485785,0.48826667107651833,0.47472243547206017,true,1.0055706415031405,1.0135868493656606,1.0010804304020329,0.8172935463060219,0.9855162229249331
10,0.7,0.15,ZNF132,4,0.9726580265112124,0.5516795865633075,0.42097843994790485,true,0.9784117051397758,0.9752105967937893,0.9329809334885195,0.922743605340223,0.7279454115731039
10,0.7,0.15,TLL1,26,0.2902378005219445,0.16155705144133428,0.1286807490806102,false,1.0137711816082275,1.3970758430142745,1.179925774454391,NA,NA
10,0.7,0.15,PCDH10,5,0.9704761904761905,0.5207547169811322,0.4497214734950583,true,0.8679958977637484,0.9204345021662316,1.0444719702721061,0.7812500000000003,0.8382544772058642
10,0.7,0.15,KCNG1,36,0.11537968197722202,0.0690824282929546,0.04629725368426742,false,1.1103171078881158,NA,0.9169096755654955,NA,NA
10,0.7,0.15,ZNF492,16,0.7414210275432923,0.3731065109685809,0.3683145165747114,true,0.9467669188061418,0.9607901090927436,0.9675399956885848,NA,NA
10,0.7,0.15,RBPMS2,43,0.975481134959409,0.4177346634643071,0.5577464714951019,true,1.014418022610102,1.000438621655957,1.0123079557371817,0.9114073600064916,NA
10,0.7,0.15,PGR,21,0.9669016003766995,0.5630757662053301,0.4038258341713694,true,0.9681169565144846,1.0028116158312725,0.971248027417946,0.8074702393652062,0.9421702985074424
10,0.7,0.15,WDR17,6,0.9684278586701964,0.5291448247507452,0.4392830339194512,true,0.9956622919308368,1.0144933553045712,1.0381403587519982,0.9269137760729812,0.9731938188719713
10,0.7,0.15,ZNF625,21,0.9216594227389914,0.4390472599005133,0.4826121628384781,true,0.9665655800458457,0.9484594543847118,1.022931699790622,NA,NA
10,0.7,0.15,ZNF568,14,0.9792097021735524,0.4384353741496599,0.5407743280238926,true,0.9132687935885379,0.9780633754538764,1.0090930388123278,0.7989364285844649,0.6149043893562968
10,0.7,0.15,GPR88,9,0.9720844495471361,0.5249387080627318,0.44714574148440434,true,0.9810431367458187,0.9638768043340937,0.9929451435055249,0.9695821060580376,0.7056104072219651
10,0.7,0.15,ZNF415,27,0.8282216758254687,0.43295392243811676,0.39526775338735193,true,0.9435470814473939,1.0459620354922574,1.056585899542853,NA,NA
10,0.7,0.15,ZNF135,39,0.9318143563475487,0.6102053125612635,0.3216090437862852,true,1.003296779818418,1.0263916629670486,1.060838184836234,0.9580663644255457,NA
10,0.7,0.15,SOX17,52,0.9583578670606713,0.5249561531837645,0.43340171387690674,true,0.9977897254424498,0.991599648675961,1.020000899847489,0.9097919654345191,0.8273701229009619
10,0.7,0.15,ZSCAN18,46,0.9480891157845244,0.5001400175614418,0.4479490982230826,true,0.9788802834864421,0.9904447277806613,0.9960095603598702,0.8954079795445153,0.8220533735362769
10,0.7,0.15,LRRK2,33,0.45330488715088635,0.268934018057015,0.18437086909387135,false,0.8123499811706787,0.9407913772608162,1.0218470123099817,NA,NA
10,0.7,0.15,TMEM25,44,0.027109349327532138,0.019330065540019772,0.007779283787512366,false,0.8683248295223237,0.02183873696241377,0.12685387435107334,NA,NA
10,0.7,0.15,PCDH8,63,0.9619103036578338,0.538061907630239,0.42384839602759483,true,0.9795948087443259,0.9856756127162069,1.0010015047728762,NA,0.9714452130032635
10,0.7,0.15,ZNF788,10,0.8701026742435412,0.4559043384795779,0.41419833576396325,true,0.9577683772635117,0.9652204270872284,0.983952832872319,0.9067251453091096,NA
10,0.7,0.15,ZNF793,8,0.8289852351274342,0.46559155216473463,0.3633936829626995,true,1.0873331350431608,1.2089450046793724,1.1442795735987064,NA,NA
10,0.7,0.15,ZNF880,40,0.9008413154867878,0.4529308992028712,0.4479104162839166,true,0.968257010584836,0.9906338629152233,1.0303119532505878,0.8689036486292533,NA
10,0.7,0.15,KRBA1,36,0.9732390587731681,0.48843273570376944,0.48480632306939864,true,0.9994233716148996,0.9947950252621806,1.0023079053034094,0.8696897032729964,0.9251562489166658
10,0.7,0.15,ZNF660,21,0.9457562565097439,0.45443429285737724,0.4913219636523667,true,0.9625526766320519,0.9930622505545106,1.010106447507332,0.9818941772323458,0.9138251688288225
10,0.7,0.15,ZNF43,16,0.9229948889488371,0.5603013548578064,0.36269353409103067,true,0.9560795072660104,0.9700993961806184,0.9538643964073587,0.9525524567581259,NA
10,0.7,0.15,ACSS3,26,0.9091560928266844,0.5400780578152014,0.36907803501148306,true,0.9567718539436403,0.9968139477942545,0.9634017220134979,0.8481778847697906,0.8613541340008665
10,0.7,0.15,RAB34,67,0.9637614720121075,0.5206005681200251,0.4431609038920824,true,0.9676823492118586,0.980265650701536,NA,NA,NA
10,0.7,0.15,MAP9,34,0.9762340174722295,0.5653908791341463,0.41084313833808317,true,0.9827702674238391,0.978176452162152,0.9936112056161572,0.8199346818747647,0.876643782830811
10,0.7,0.15,ZNF813,11,0.9105432475529949,0.4385185191931773,0.47202472835981757,true,0.975294218615062,1.0176135849131827,1.010354064443948,0.8634718261340116,NA
10,0.7,0.15,STK33,41,0.0753018567580299,0.03467042104470327,0.040631435713326634,false,0.7767414973208986,0.8903399408208219,0.8034971372167586,NA,NA
10,0.5,0.1,KHDRBS2,4,0.9555320557475729,0.6124999999999999,0.343032055747573,true,0.9774294516459741,1.0435937549070995,1.1296320373194209,0.8086802239244457,0.9226485860917722
10,0.5,0.1,NPY,6,0.9824056895485467,0.5425925925925926,0.43981309695595405,true,0.941257700536076,0.9978986345030154,0.9814392400712431,0.938861080973206,0.902608953734095
10,0.5,0.1,FAM135B,78,0.9557209282544343,0.60033634909777,0.3553845791566643,true,0.9580642614672685,0.9676024793619282,1.0010186437852642,0.8918495040298143,0.7770086806679076
10,0.5,0.1,PCSK2,29,0.7922987000821164,0.38141430991866554,0.4108843901634509,true,1.030250384200408,0.975887799732415,1.0976843672457168,0.9007099991374332,0.8607460316103266
10,0.5,0.1,HPSE2,12,0.8681829263692007,0.4911743462281987,0.37700858014100197,true,0.9978479857972421,0.9835382975284161,1.0506362912325364,0.8960282497930822,0.792824178881258
10,0.5,0.1,RSPO2,23,0.8762390815298486,0.49300017692629117,0.3832389046035575,true,0.9393728477088799,0.9776663229408504,0.9718218306387618,0.9571438376937238,NA
10,0.5,0.1,ADHFE1,17,0.9844430930266843,0.4801893569479442,0.5042537360787401,true,1.0093720830781998,0.9955411817843213,0.9889611035437939,0.987627413682996,0.8918248204312653
10,0.5,0.1,MAL,3,0.9679417033452489,0.46606182795698925,0.5018798753882596,true,0.9840876673676562,1.0148846604671506,0.9409356408352534,0.9582602381019621,0.8250821841806824
10,0.5,0.1,SFRP1,25,0.9635058022703433,0.4624422817376533,0.5010635205326901,true,1.0204235289493155,1.0253717406195697,1.0242163893103846,0.9205786187093621,0.936548793801964
10,0.5,0.1,CRHBP,59,0.9628261061850454,0.48839196083071196,0.4744341453543334,true,1.010191109403467,1.013700912700268,1.012944751262709,0.9434088213211234,0.9043552120624884
10,0.5,0.1,CPEB1,17,0.9584587874481114,0.5503121822916949,0.40814660515641654,true,1.0130132772775469,1.0396094377914515,1.0411322011426962,0.9071613404825257,0.882279491455798
10,0.5,0.1,C16orf62,8,0.43196601275424423,0.1826873810569463,0.24927863169729794,false,1.0576023050305134,1.105669696185954,1.045019019221199,NA,NA
10,0.5,0.1,CHL1,30,0.93349292441954,0.5596004228941169,0.3738925015254231,true,0.9373066002773935,0.9259425917723945,0.9454576827104202,1.001982691455062,0.8367847387019414
10,0.5,0.1,GRIN2A,26,0.9153962201775394,0.45629037365978226,0.45910584651775715,true,0.9585352009479146,1.0193705311732748,0.9975270493724584,0.8273523473624295,0.6888091686787056
10,0.5,0.1,AFF3,32,0.9671680993582823,0.5128672628781306,0.45430083648015174,true,1.0058310309376217,1.0187319894289835,1.0133681895867486,0.8648166897107293,0.9543392491909715
10,0.5,0.1,ANKS1B,70,0.9450632980877709,0.5425951614901994,0.4024681365975715,true,0.9808644837000494,0.9717637417638169,0.9894754139721491,0.9310640152515784,0.80659467606289
10,0.5,0.1,DPP6,26,0.9503288196064932,0.6151083082830955,0.3352205113233977,true,0.9416880386247677,1.010093889055951,0.9569584724076063,NA,NA
10,0.5,0.1,ZNF229,4,0.8729946524064172,0.5625,0.31049465240641716,true,1.2669537136706133,NA,0.9489466400123021,0.9999999999999998,NA
10,0.5,0.1,GYPC,19,0.9629891065485785,0.48826667107651833,0.47472243547206017,true,1.0055706415031405,1.0135868493656606,1.0010804304020329,0.8172935463060219,0.9855162229249331
10,0.5,0.1,ZNF132,4,0.9726580265112124,0.5516795865633075,0.42097843994790485,true,0.9784117051397758,0.9752105967937893,0.9329809334885195,0.922743605340223,0.7279454115731039
10,0.5,0.1,TLL1,26,0.2902378005219445,0.16155705144133428,0.1286807490806102,false,1.0137711816082275,1.3970758430142745,1.179925774454391,NA,NA
10,0.5,0.1,PCDH10,5,0.9704761904761905,0.5207547169811322,0.4497214734950583,true,0.8679958977637484,0.9204345021662316,1.0444719702721061,0.7812500000000003,0.8382544772058642
10,0.5,0.1,KCNG1,36,0.11537968197722202,0.0690824282929546,0.04629725368426742,false,1.1103171078881158,NA,0.9169096755654955,NA,NA
10,0.5,0.1,ZNF492,16,0.7414210275432923,0.3731065109685809,0.3683145165747114,true,0.9467669188061418,0.9607901090927436,0.9675399956885848,NA,NA
10,0.5,0.1,RBPMS2,43,0.975481134959409,0.4177346634643071,0.5577464714951019,true,1.014418022610102,1.000438621655957,1.0123079557371817,0.9114073600064916,NA
10,0.5,0.1,PGR,21,0.9669016003766995,0.5630757662053301,0.4038258341713694,true,0.9681169565144846,1.0028116158312725,0.971248027417946,0.8074702393652062,0.9421702985074424
10,0.5,0.1,WDR17,6,0.9684278586701964,0.5291448247507452,0.4392830339194512,true,0.9956622919308368,1.0144933553045712,1.0381403587519982,0.9269137760729812,0.9731938188719713
10,0.5,0.1,ZNF625,21,0.9216594227389914,0.4390472599005133,0.4826121628384781,true,0.9665655800458457,0.9484594543847118,1.022931699790622,0.9563562755525253,NA
10,0.5,0.1,ZNF568,14,0.9792097021735524,0.4384353741496599,0.5407743280238926,true,0.9132687935885379,0.9780633754538764,1.0090930388123278,0.7989364285844649,0.6149043893562968
10,0.5,0.1,GPR88,9,0.9720844495471361,0.5249387080627318,0.44714574148440434,true,0.9810431367458187,0.9638768043340937,0.9929451435055249,0.9695821060580376,0.7056104072219651
10,0.5,0.1,ZNF415,27,0.8282216758254687,0.43295392243811676,0.39526775338735193,true,0.9435470814473939,1.0459620354922574,1.056585899542853,0.9971038748493026,0.873757992671944
10,0.5,0.1,ZNF135,39,0.9318143563475487,0.6102053125612635,0.3216090437862852,true,1.003296779818418,1.0263916629670486,1.060838184836234,0.9580663644255457,NA
10,0.5,0.1,SOX17,52,0.9583578670606713,0.5249561531837645,0.43340171387690674,true,0.9977897254424498,0.991599648675961,1.020000899847489,0.9097919654345191,0.8273701229009619
10,0.5,0.1,ZSCAN18,46,0.9480891157845244,0.5001400175614418,0.4479490982230826,true,0.9788802834864421,0.9904447277806613,0.9960095603598702,0.8954079795445153,0.8220533735362769
10,0.5,0.1,LRRK2,33,0.45330488715088635,0.268934018057015,0.18437086909387135,false,0.8123499811706787,0.9407913772608162,1.0218470123099817,NA,NA
10,0.5,0.1,TMEM25,44,0.027109349327532138,0.019330065540019772,0.007779283787512366,false,0.8683248295223237,0.02183873696241377,0.12685387435107334,NA,NA
10,0.5,0.1,PCDH8,63,0.9619103036578338,0.538061907630239,0.42384839602759483,true,0.9795948087443259,0.9856756127162069,1.0010015047728762,NA,0.9714452130032635
10,0.5,0.1,ZNF788,10,0.8701026742435412,0.4559043384795779,0.41419833576396325,true,0.9577683772635117,0.9652204270872284,0.983952832872319,0.9067251453091096,NA
10,0.5,0.1,ZNF793,8,0.8289852351274342,0.46559155216473463,0.3633936829626995,true,1.0873331350431608,1.2089450046793724,1.1442795735987064,NA,NA
10,0.5,0.1,ZNF880,40,0.9008413154867878,0.4529308992028712,0.4479104162839166,true,0.968257010584836,0.9906338629152233,1.0303119532505878,0.8689036486292533,0.7270356205328857
10,0.5,0.1,KRBA1,36,0.9732390587731681,0.48843273570376944,0.48480632306939864,true,0.9994233716148996,0.9947950252621806,1.0023079053034094,0.8696897032729964,0.9251562489166658
10,0.5,0.1,ZNF660,21,0.9457562565097439,0.45443429285737724,0.4913219636523667,true,0.9625526766320519,0.9930622505545106,1.010106447507332,0.9818941772323458,0.9138251688288225
10,0.5,0.1,ZNF43,16,0.9229948889488371,0.5603013548578064,0.36269353409103067,true,0.9560795072660104,0.9700993961806184,0.9538643964073587,0.9525524567581259,0.6620167216221555
10,0.5,0.1,ACSS3,26,0.9091560928266844,0.5400780578152014,0.36907803501148306,true,0.9567718539436403,0.9968139477942545,0.9634017220134979,0.8481778847697906,0.8613541340008665
10,0.5,0.1,RAB34,67,0.9637614720121075,0.5206005681200251,0.4431609038920824,true,0.9676823492118586,0.980265650701536,NA,NA,NA
10,0.5,0.1,MAP9,34,0.9762340174722295,0.5653908791341463,0.41084313833808317,true,0.9827702674238391,0.978176452162152,0.9936112056161572,0.8199346818747647,0.876643782830811
10,0.5,0.1,ZNF813,11,0.9105432475529949,0.4385185191931773,0.47202472835981757,true,0.975294218615062,1.0176135849131827,1.010354064443948,0.8634718261340116,0.3879326081361653
10,0.5,0.1,STK33,41,0.0753018567580299,0.03467042104470327,0.040631435713326634,false,0.7767414973208986,0.8903399408208219,0.8034971372167586,0.6232044885549641,0.7557277233775732
10,0.5,0.2,KHDRBS2,4,0.9555320557475729,0.6124999999999999,0.343032055747573,true,0.9774294516459741,1.0435937549070995,1.1296320373194209,0.8086802239244457,0.9226485860917722
10,0.5,0.2,NPY,6,0.9824056895485467,0.5425925925925926,0.43981309695595405,true,0.941257700536076,0.9978986345030154,0.9814392400712431,0.938861080973206,0.902608953734095
10,0.5,0.2,FAM135B,78,0.9557209282544343,0.60033634909777,0.3553845791566643,true,0.9580642614672685,0.9676024793619282,1.0010186437852642,0.8918495040298143,0.7770086806679076
10,0.5,0.2,PCSK2,29,0.7922987000821164,0.38141430991866554,0.4108843901634509,true,1.030250384200408,0.975887799732415,1.0976843672457168,0.9007099991374332,0.8607460316103266
10,0.5,0.2,HPSE2,12,0.8681829263692007,0.4911743462281987,0.37700858014100197,true,0.9978479857972421,0.9835382975284161,1.0506362912325364,0.8960282497930822,0.792824178881258
10,0.5,0.2,RSPO2,23,0.8762390815298486,0.49300017692629117,0.3832389046035575,true,0.9393728477088799,0.9776663229408504,0.9718218306387618,0.9571438376937238,NA
10,0.5,0.2,ADHFE1,17,0.9844430930266843,0.4801893569479442,0.5042537360787401,true,1.0093720830781998,0.9955411817843213,0.9889611035437939,0.987627413682996,0.8918248204312653
10,0.5,0.2,MAL,3,0.9679417033452489,0.46606182795698925,0.5018798753882596,true,0.9840876673676562,1.0148846604671506,0.9409356408352534,0.9582602381019621,0.8250821841806824
10,0.5,0.2,SFRP1,25,0.9635058022703433,0.4624422817376533,0.5010635205326901,true,1.0204235289493155,1.0253717406195697,1.0242163893103846,0.9205786187093621,0.936548793801964
10,0.5,0.2,CRHBP,59,0.9628261061850454,0.48839196083071196,0.4744341453543334,true,1.010191109403467,1.013700912700268,1.012944751262709,0.9434088213211234,0.9043552120624884
10,0.5,0.2,CPEB1,17,0.9584587874481114,0.5503121822916949,0.40814660515641654,true,1.0130132772775469,1.0396094377914515,1.0411322011426962,0.9071613404825257,0.882279491455798
10,0.5,0.2,C16orf62,8,0.43196601275424423,0.1826873810569463,0.24927863169729794,false,1.0576023050305134,1.105669696185954,1.045019019221199,NA,NA
10,0.5,0.2,CHL1,30,0.93349292441954,0.5596004228941169,0.3738925015254231,true,0.9373066002773935,0.9259425917723945,0.9454576827104202,1.001982691455062,0.8367847387019414
10,0.5,0.2,GRIN2A,26,0.9153962201775394,0.45629037365978226,0.45910584651775715,true,0.9585352009479146,1.0193705311732748,0.9975270493724584,0.8273523473624295,0.6888091686787056
10,0.5,0.2,AFF3,32,0.9671680993582823,0.5128672628781306,0.45430083648015174,true,1.0058310309376217,1.0187319894289835,1.0133681895867486,0.8648166897107293,0.9543392491909715
10,0.5,0.2,ANKS1B,70,0.9450632980877709,0.5425951614901994,0.4024681365975715,true,0.9808644837000494,0.9717637417638169,0.9894754139721491,0.9310640152515784,0.80659467606289
10,0.5,0.2,DPP6,26,0.9503288196064932,0.6151083082830955,0.3352205113233977,true,0.9416880386247677,1.010093889055951,0.9569584724076063,NA,NA
10,0.5,0.2,ZNF229,4,0.8729946524064172,0.5625,0.31049465240641716,true,1.2669537136706133,NA,0.9489466400123021,0.9999999999999998,NA
10,0.5,0.2,GYPC,19,0.9629891065485785,0.48826667107651833,0.47472243547206017,true,1.0055706415031405,1.0135868493656606,1.0010804304020329,0.8172935463060219,0.9855162229249331
10,0.5,0.2,ZNF132,4,0.9726580265112124,0.5516795865633075,0.42097843994790485,true,0.9784117051397758,0.9752105967937893,0.9329809334885195,0.922743605340223,0.7279454115731039
10,0.5,0.2,TLL1,26,0.2902378005219445,0.16155705144133428,0.1286807490806102,false,1.0137711816082275,1.3970758430142745,1.179925774454391,NA,NA
10,0.5,0.2,PCDH10,5,0.9704761904761905,0.5207547169811322,0.4497214734950583,true,0.8679958977637484,0.9204345021662316,1.0444719702721061,0.7812500000000003,0.8382544772058642
10,0.5,0.2,KCNG1,36,0.11537968197722202,0.0690824282929546,0.04629725368426742,false,1.1103171078881158,NA,0.9169096755654955,NA,NA
10,0.5,0.2,ZNF492,16,0.7414210275432923,0.3731065109685809,0.3683145165747114,true,0.9467669188061418,0.9607901090927436,0.9675399956885848,NA,NA
10,0.5,0.2,RBPMS2,43,0.975481134959409,0.4177346634643071,0.5577464714951019,true,1.014418022610102,1.000438621655957,1.0123079557371817,0.9114073600064916,NA
10,0.5,0.2,PGR,21,0.9669016003766995,0.5630757662053301,0.4038258341713694,true,0.9681169565144846,1.0028116158312725,0.971248027417946,0.8074702393652062,0.9421702985074424
10,0.5,0.2,WDR17,6,0.9684278586701964,0.5291448247507452,0.4392830339194512,true,0.9956622919308368,1.0144933553045712,1.0381403587519982,0.9269137760729812,0.9731938188719713
10,0.5,0.2,ZNF625,21,0.9216594227389914,0.4390472599005133,0.4826121628384781,true,0.9665655800458457,0.9484594543847118,1.022931699790622,0.9563562755525253,NA
10,0.5,0.2,ZNF568,14,0.9792097021735524,0.4384353741496599,0.5407743280238926,true,0.9132687935885379,0.9780633754538764,1.0090930388123278,0.7989364285844649,0.6149043893562968
10,0.5,0.2,GPR88,9,0.9720844495471361,0.5249387080627318,0.44714574148440434,true,0.9810431367458187,0.9638768043340937,0.9929451435055249,0.9695821060580376,0.7056104072219651
10,0.5,0.2,ZNF415,27,0.8282216758254687,0.43295392243811676,0.39526775338735193,true,0.9435470814473939,1.0459620354922574,1.056585899542853,0.9971038748493026,0.873757992671944
10,0.5,0.2,ZNF135,39,0.9318143563475487,0.6102053125612635,0.3216090437862852,true,1.003296779818418,1.0263916629670486,1.060838184836234,0.9580663644255457,NA
10,0.5,0.2,SOX17,52,0.9583578670606713,0.5249561531837645,0.43340171387690674,true,0.9977897254424498,0.991599648675961,1.020000899847489,0.9097919654345191,0.8273701229009619
10,0.5,0.2,ZSCAN18,46,0.9480891157845244,0.5001400175614418,0.4479490982230826,true,0.9788802834864421,0.9904447277806613,0.9960095603598702,0.8954079795445153,0.8220533735362769
10,0.5,0.2,LRRK2,33,0.45330488715088635,0.268934018057015,0.18437086909387135,false,0.8123499811706787,0.9407913772608162,1.0218470123099817,NA,NA
10,0.5,0.2,TMEM25,44,0.027109349327532138,0.019330065540019772,0.007779283787512366,false,0.8683248295223237,0.02183873696241377,0.12685387435107334,NA,NA
10,0.5,0.2,PCDH8,63,0.9619103036578338,0.538061907630239,0.42384839602759483,true,0.9795948087443259,0.9856756127162069,1.0010015047728762,NA,0.9714452130032635
10,0.5,0.2,ZNF788,10,0.8701026742435412,0.4559043384795779,0.41419833576396325,true,0.9577683772635117,0.9652204270872284,0.983952832872319,0.9067251453091096,NA
10,0.5,0.2,ZNF793,8,0.8289852351274342,0.46559155216473463,0.3633936829626995,true,1.0873331350431608,1.2089450046793724,1.1442795735987064,NA,NA
10,0.5,0.2,ZNF880,40,0.9008413154867878,0.4529308992028712,0.4479104162839166,true,0.968257010584836,0.9906338629152233,1.0303119532505878,0.8689036486292533,0.7270356205328857
10,0.5,0.2,KRBA1,36,0.9732390587731681,0.48843273570376944,0.48480632306939864,true,0.9994233716148996,0.9947950252621806,1.0023079053034094,0.8696897032729964,0.9251562489166658
10,0.5,0.2,ZNF660,21,0.9457562565097439,0.45443429285737724,0.4913219636523667,true,0.9625526766320519,0.9930622505545106,1.010106447507332,0.9818941772323458,0.9138251688288225
10,0.5,0.2,ZNF43,16,0.9229948889488371,0.5603013548578064,0.36269353409103067,true,0.9560795072660104,0.9700993961806184,0.9538643964073587,0.9525524567581259,0.6620167216221555
10,0.5,0.2,ACSS3,26,0.9091560928266844,0.5400780578152014,0.36907803501148306,true,0.9567718539436403,0.9968139477942545,0.9634017220134979,0.8481778847697906,0.8613541340008665
10,0.5,0.2,RAB34,67,0.9637614720121075,0.5206005681200251,0.4431609038920824,true,0.9676823492118586,0.980265650701536,NA,NA,NA
10,0.5,0.2,MAP9,34,0.9762340174722295,0.5653908791341463,0.41084313833808317,true,0.9827702674238391,0.978176452162152,0.9936112056161572,0.8199346818747647,0.876643782830811
10,0.5,0.2,ZNF813,11,0.9105432475529949,0.4385185191931773,0.47202472835981757,true,0.975294218615062,1.0176135849131827,1.010354064443948,0.8634718261340116,0.3879326081361653
10,0.5,0.2,STK33,41,0.0753018567580299,0.03467042104470327,0.040631435713326634,false,0.7767414973208986,0.8903399408208219,0.8034971372167586,0.6232044885549641,0.7557277233775732
