genotype,amplicon,culture,day,cpgs,mean_change_from_baseline
WT,Constitutive_LMR-CTCF49,1,4,3,0.09523960603697769
WT,Constitutive_LMR-CTCF49,1,8,3,0.053681171986732806
WT,Constitutive_LMR-CTCF49,1,10,3,0.02111106561771814
WT,Constitutive_LMR-CTCF49,1,13,3,-0.005771407859390528
WT,Constitutive_LMR-CTCF49,1,17,3,-0.00276481880751663
WT,Constitutive_LMR-CTCF49,1,29,3,-0.013493539251499797
WT,Constitutive_LMR-CTCF49,2,4,3,0.12182510325958769
WT,Constitutive_LMR-CTCF49,2,8,3,0.06591691045149502
WT,Constitutive_LMR-CTCF49,2,10,3,0.009991823987028673
WT,Constitutive_LMR-CTCF49,2,13,3,-0.010386218014791759
WT,Constitutive_LMR-CTCF49,2,17,3,-0.04451542264139663
WT,Constitutive_LMR-CTCF49,2,29,3,-0.01949723164547446
WT,Constitutive_LMR-CTCF49,3,4,3,-0.03127068657435982
WT,Constitutive_LMR-CTCF49,3,8,3,0.0462137756824074
WT,Constitutive_LMR-CTCF49,3,10,3,-0.023511580122365164
WT,Constitutive_LMR-CTCF49,3,13,3,-0.034144060246876634
WT,Constitutive_LMR-CTCF49,3,17,3,-0.032074618284927504
WT,Constitutive_LMR-CTCF49,3,29,3,-0.02716252146469463
WT,Constitutive_LMR-CTCF50,1,4,3,0.03798250502316318
WT,Constitutive_LMR-CTCF50,1,8,3,0.019506755753743662
WT,Constitutive_LMR-CTCF50,1,10,3,-0.034062950440854466
WT,Constitutive_LMR-CTCF50,1,13,3,-0.026936725326380365
WT,Constitutive_LMR-CTCF50,1,17,3,-0.021634987875247463
WT,Constitutive_LMR-CTCF50,1,29,3,-0.027337446134420934
WT,Constitutive_LMR-CTCF50,2,8,3,0.0690668774548381
WT,Constitutive_LMR-CTCF50,2,10,3,0.0224890017461106
WT,Constitutive_LMR-CTCF50,2,13,3,-0.018268685876736603
WT,Constitutive_LMR-CTCF50,2,17,3,0.003057819838134799
WT,Constitutive_LMR-CTCF50,2,29,3,0.0029582537864412672
WT,Constitutive_LMR-CTCF50,3,4,3,0.07795729096610497
WT,Constitutive_LMR-CTCF50,3,8,3,0.03424391670066201
WT,Constitutive_LMR-CTCF50,3,10,3,0.04080920888992797
WT,Constitutive_LMR-CTCF50,3,13,3,0.005289969140218992
WT,Constitutive_LMR-CTCF50,3,17,3,-0.005067698702555706
WT,Constitutive_LMR-CTCF50,3,29,3,-0.0012723440637967289
WT,Constitutive_LMR-CTCF52,1,4,8,0.19146004167869196
WT,Constitutive_LMR-CTCF52,1,8,8,0.09242827773721891
WT,Constitutive_LMR-CTCF52,1,13,8,0.030088786668626966
WT,Constitutive_LMR-CTCF52,1,17,8,0.02431939766077859
WT,Constitutive_LMR-CTCF52,1,29,8,0.00027329991133054343
WT,Constitutive_LMR-CTCF52,2,4,8,0.22746365257764745
WT,Constitutive_LMR-CTCF52,2,8,8,0.176895493193639
WT,Constitutive_LMR-CTCF52,2,10,8,0.0572902294930281
WT,Constitutive_LMR-CTCF52,2,13,8,0.040127271869513814
WT,Constitutive_LMR-CTCF52,2,17,8,0.023959042482966153
WT,Constitutive_LMR-CTCF52,2,29,8,0.05534147968559617
WT,Constitutive_LMR-CTCF52,3,4,8,0.11516843595923833
WT,Constitutive_LMR-CTCF52,3,8,8,0.11012131265299423
WT,Constitutive_LMR-CTCF52,3,10,8,0.059467975827339085
WT,Constitutive_LMR-CTCF52,3,13,8,0.06390132155826456
WT,Constitutive_LMR-CTCF52,3,17,8,0.027833761355197363
WT,Constitutive_LMR-CTCF52,3,29,8,0.0035627267941758453
WT,Constitutive_LMR-CTCF53,1,4,3,0.014130889181077267
WT,Constitutive_LMR-CTCF53,1,8,3,0.0561936608865778
WT,Constitutive_LMR-CTCF53,1,10,3,0.02552442193241487
WT,Constitutive_LMR-CTCF53,1,13,3,0.0198140493921571
WT,Constitutive_LMR-CTCF53,1,17,3,0.007253011165406435
WT,Constitutive_LMR-CTCF53,1,29,3,0.004119062717615402
WT,Constitutive_LMR-CTCF53,2,4,3,0.12414055950145601
WT,Constitutive_LMR-CTCF53,2,8,3,0.14100509374211334
WT,Constitutive_LMR-CTCF53,2,10,3,0.01240132005473543
WT,Constitutive_LMR-CTCF53,2,13,3,-0.00019709941935439762
WT,Constitutive_LMR-CTCF53,2,17,3,-0.011358334142706266
WT,Constitutive_LMR-CTCF53,2,29,3,0.021400369642011974
WT,Constitutive_LMR-CTCF53,3,4,3,0.32863991831142875
WT,Constitutive_LMR-CTCF53,3,8,3,0.0393119997959449
WT,Constitutive_LMR-CTCF53,3,10,3,0.08423115070841992
WT,Constitutive_LMR-CTCF53,3,13,3,-0.014978735660900364
WT,Constitutive_LMR-CTCF53,3,17,3,0.025722330182709374
WT,Constitutive_LMR-CTCF53,3,29,3,-0.008075863908301199
WT,Constitutive_LMR-REST56,1,4,8,0.1350746828577045
WT,Constitutive_LMR-REST56,1,8,8,0.1625893938135276
WT,Constitutive_LMR-REST56,1,10,8,0.10195595975137137
WT,Constitutive_LMR-REST56,1,13,8,0.06515078453857928
WT,Constitutive_LMR-REST56,1,17,8,0.03420925324212362
WT,Constitutive_LMR-REST56,1,29,8,0.014351992228618108
WT,Constitutive_LMR-REST56,2,4,8,0.10859810960513916
WT,Constitutive_LMR-REST56,2,8,8,0.16178206443993254
WT,Constitutive_LMR-REST56,2,10,8,0.1167278393204892
WT,Constitutive_LMR-REST56,2,13,8,0.049986972132474466
WT,Constitutive_LMR-REST56,2,17,8,0.030041406671564592
WT,Constitutive_LMR-REST56,2,29,8,0.03748874004353649
WT,Constitutive_LMR-REST56,3,4,8,0.302850664956108
WT,Constitutive_LMR-REST56,3,8,8,0.15970174916563815
WT,Constitutive_LMR-REST56,3,10,8,0.09779590554387181
WT,Constitutive_LMR-REST56,3,13,8,0.07216268481551491
WT,Constitutive_LMR-REST56,3,17,8,0.057578409796563715
WT,Constitutive_LMR-REST56,3,29,8,0.040316465822120014
WT,Constitutive_LMR-REST60,1,4,3,-0.02934280146629083
WT,Constitutive_LMR-REST60,1,8,3,0.006827324723785164
WT,Constitutive_LMR-REST60,1,10,3,0.0055978390724972646
WT,Constitutive_LMR-REST60,1,13,3,-0.012422994715281202
WT,Constitutive_LMR-REST60,1,17,3,0.014608479645251702
WT,Constitutive_LMR-REST60,1,29,3,-0.015950227728070792
WT,Constitutive_LMR-REST60,2,4,3,0.052037796282661225
WT,Constitutive_LMR-REST60,2,8,3,0.04824787035307746
WT,Constitutive_LMR-REST60,2,13,3,0.016722793539783166
WT,Constitutive_LMR-REST60,2,17,3,-0.000022199814626897713
WT,Constitutive_LMR-REST60,2,29,3,0.017689586758182267
WT,Constitutive_LMR-REST60,3,4,3,0.015818400661871703
WT,Constitutive_LMR-REST60,3,8,3,0.021396970180845534
WT,Constitutive_LMR-REST60,3,10,3,0.04736034727228847
WT,Constitutive_LMR-REST60,3,13,3,0.04673050973997367
WT,Constitutive_LMR-REST60,3,17,3,0.027661482773341
WT,Constitutive_LMR-REST60,3,29,3,-0.005147143757936436
WT,Constitutive_LMR-REST61,1,4,9,0.1556024424963126
WT,Constitutive_LMR-REST61,1,8,9,0.17647337978630762
WT,Constitutive_LMR-REST61,1,10,9,0.11203308750133359
WT,Constitutive_LMR-REST61,1,13,9,0.07937436299895356
WT,Constitutive_LMR-REST61,1,17,9,0.0449683649028646
WT,Constitutive_LMR-REST61,1,29,9,0.027088385024427192
WT,Constitutive_LMR-REST61,2,4,9,0.10751996124769947
WT,Constitutive_LMR-REST61,2,8,9,0.2232166306233417
WT,Constitutive_LMR-REST61,2,13,9,0.08831924623501666
WT,Constitutive_LMR-REST61,2,17,9,0.02846075936580696
WT,Constitutive_LMR-REST61,2,29,9,0.05451901598062625
WT,Constitutive_LMR-REST61,3,4,9,0.1757907063615569
WT,Constitutive_LMR-REST61,3,8,9,0.18272921579779175
WT,Constitutive_LMR-REST61,3,10,9,0.15524383951450849
WT,Constitutive_LMR-REST61,3,13,9,0.0722372855488874
WT,Constitutive_LMR-REST61,3,17,9,0.05797783280128456
WT,Constitutive_LMR-REST61,3,29,9,0.08605665383483559
WT,Constitutive_LMR-REST64,1,4,14,0.06014170933510737
WT,Constitutive_LMR-REST64,1,8,14,0.008134581564586076
WT,Constitutive_LMR-REST64,1,10,14,0.012208080421967565
WT,Constitutive_LMR-REST64,1,13,14,0.0009451039831083018
WT,Constitutive_LMR-REST64,1,17,14,0.004423498361777752
WT,Constitutive_LMR-REST64,1,29,14,-0.02119427729841373
WT,Constitutive_LMR-REST64,2,4,14,0.09060697488901814
WT,Constitutive_LMR-REST64,2,8,14,0.04003669384802328
WT,Constitutive_LMR-REST64,2,10,8,0.02753653771896506
WT,Constitutive_LMR-REST64,2,13,14,0.0075799932750708985
WT,Constitutive_LMR-REST64,2,17,14,0.017829042479699162
WT,Constitutive_LMR-REST64,2,29,14,0.006902881410024814
WT,Constitutive_LMR-REST64,3,4,14,0.05525764575589082
WT,Constitutive_LMR-REST64,3,8,14,0.0176808122504896
WT,Constitutive_LMR-REST64,3,10,14,0.02533512401802464
WT,Constitutive_LMR-REST64,3,13,14,0.0025810184974163733
WT,Constitutive_LMR-REST64,3,17,14,-0.00868413724238202
WT,Constitutive_LMR-REST64,3,29,14,-0.009459565494858895
WT,Constitutive_LMR-REST65,1,4,5,0.048897439515137156
WT,Constitutive_LMR-REST65,1,8,5,0.03210808554821346
WT,Constitutive_LMR-REST65,1,10,5,0.03967649267637853
WT,Constitutive_LMR-REST65,1,13,5,0.02592539730657254
WT,Constitutive_LMR-REST65,1,17,5,0.02833428450669006
WT,Constitutive_LMR-REST65,1,29,5,0.058528374894392575
WT,Constitutive_LMR-REST65,2,4,5,0.003869990563967357
WT,Constitutive_LMR-REST65,2,8,5,0.02643489736917442
WT,Constitutive_LMR-REST65,2,10,5,0.04456453717639898
WT,Constitutive_LMR-REST65,2,13,5,0.010833153644467419
WT,Constitutive_LMR-REST65,2,17,5,-0.011079364124426101
WT,Constitutive_LMR-REST65,2,29,5,-0.007204920289071523
WT,Constitutive_LMR-REST65,3,4,5,0.06534178121351371
WT,Constitutive_LMR-REST65,3,8,5,0.03849546534043639
WT,Constitutive_LMR-REST65,3,10,5,0.017119196513560874
WT,Constitutive_LMR-REST65,3,13,5,0.02056988321195053
WT,Constitutive_LMR-REST65,3,17,5,0.012878943684920893
WT,Constitutive_LMR-REST65,3,29,5,0.01984614588930089
WT,Constitutive_LMR-REST68,1,4,3,0.2146688452588222
WT,Constitutive_LMR-REST68,1,8,3,0.10494033250217764
WT,Constitutive_LMR-REST68,1,10,3,0.12448008376607511
WT,Constitutive_LMR-REST68,1,13,3,0.08317040001356286
WT,Constitutive_LMR-REST68,1,17,3,0.046639944883740826
WT,Constitutive_LMR-REST68,1,29,3,0.046455033359278496
WT,Constitutive_LMR-REST68,2,4,3,0.14884341344876525
WT,Constitutive_LMR-REST68,2,8,3,0.11129120113531972
WT,Constitutive_LMR-REST68,2,10,3,0.09272344296427583
WT,Constitutive_LMR-REST68,2,13,3,0.04634978147547211
WT,Constitutive_LMR-REST68,2,17,3,0.0994714576874093
WT,Constitutive_LMR-REST68,2,29,3,0.04646429344992673
WT,Constitutive_LMR-REST68,3,4,3,0.1889346965877652
WT,Constitutive_LMR-REST68,3,8,3,0.12276071454998135
WT,Constitutive_LMR-REST68,3,10,3,0.10472288270908803
WT,Constitutive_LMR-REST68,3,13,3,0.12470139811844594
WT,Constitutive_LMR-REST68,3,17,3,0.09135048180289933
WT,Constitutive_LMR-REST68,3,29,3,0.08821934302658702
WT,Constitutive_LMR-REST69,1,4,8,0.13178583936080243
WT,Constitutive_LMR-REST69,1,8,8,0.03519377236729187
WT,Constitutive_LMR-REST69,1,10,8,0.0023317446070832294
WT,Constitutive_LMR-REST69,1,13,8,0.0020626421954658865
WT,Constitutive_LMR-REST69,1,17,8,-0.007105458722701524
WT,Constitutive_LMR-REST69,1,29,8,-0.01627968816948512
WT,Constitutive_LMR-REST69,2,4,8,0.14142845748615926
WT,Constitutive_LMR-REST69,2,8,8,0.05356796752037585
WT,Constitutive_LMR-REST69,2,10,8,0.041561685081739685
WT,Constitutive_LMR-REST69,2,13,8,0.012668924163266985
WT,Constitutive_LMR-REST69,2,17,8,0.016583914651715707
WT,Constitutive_LMR-REST69,2,29,8,0.0027973808593174717
WT,Constitutive_LMR-REST69,3,4,8,0.034652084207835075
WT,Constitutive_LMR-REST69,3,8,8,0.04914649212976374
WT,Constitutive_LMR-REST69,3,10,8,0.02394136766501049
WT,Constitutive_LMR-REST69,3,13,8,0.008169466855012152
WT,Constitutive_LMR-REST69,3,17,8,-0.0019063973172626378
WT,Constitutive_LMR-REST69,3,29,8,-0.009519384184671551
WT,Constitutive_LMR-REST74,1,4,9,0.09657155966299459
WT,Constitutive_LMR-REST74,1,8,9,0.057493726541795666
WT,Constitutive_LMR-REST74,1,10,9,0.052000630278093374
WT,Constitutive_LMR-REST74,1,13,9,0.031469102584412406
WT,Constitutive_LMR-REST74,1,17,9,0.02312419137454702
WT,Constitutive_LMR-REST74,1,29,9,0.018713846776691315
WT,Constitutive_LMR-REST74,2,4,9,0.05169127184534947
WT,Constitutive_LMR-REST74,2,8,9,0.10988359350908522
WT,Constitutive_LMR-REST74,2,10,9,0.05274852575104825
WT,Constitutive_LMR-REST74,2,13,9,0.04620474458326758
WT,Constitutive_LMR-REST74,2,17,9,-0.000002104248421960158
WT,Constitutive_LMR-REST74,2,29,9,0.023117871912506468
WT,Constitutive_LMR-REST74,3,4,9,-0.00013720601606591332
WT,Constitutive_LMR-REST74,3,8,9,0.04723261422889121
WT,Constitutive_LMR-REST74,3,10,9,0.020972735390423256
WT,Constitutive_LMR-REST74,3,13,9,0.017415120046424364
WT,Constitutive_LMR-REST74,3,17,9,-0.008807423833045665
WT,Constitutive_LMR-REST74,3,29,9,0.01465482712314298
WT,Constitutive_LMR-REST75,1,4,6,0.3207836356321902
WT,Constitutive_LMR-REST75,1,8,6,0.253714895028933
WT,Constitutive_LMR-REST75,1,10,6,0.13858011601769202
WT,Constitutive_LMR-REST75,1,13,6,0.11358929651275684
WT,Constitutive_LMR-REST75,1,17,6,0.12023750265603751
WT,Constitutive_LMR-REST75,1,29,6,0.06312313354940834
WT,Constitutive_LMR-REST75,2,4,6,0.25772754587447333
WT,Constitutive_LMR-REST75,2,8,6,0.26562136902570116
WT,Constitutive_LMR-REST75,2,10,6,0.19839114926681967
WT,Constitutive_LMR-REST75,2,13,6,0.07917915123608685
WT,Constitutive_LMR-REST75,2,17,6,0.07938369274672237
WT,Constitutive_LMR-REST75,2,29,6,0.07175390511134615
WT,Constitutive_LMR-REST75,3,4,6,0.1668363325289289
WT,Constitutive_LMR-REST75,3,8,6,0.24563693603969025
WT,Constitutive_LMR-REST75,3,10,6,0.13678855917010138
WT,Constitutive_LMR-REST75,3,13,6,0.0587731340602304
WT,Constitutive_LMR-REST75,3,17,6,0.11450271497443855
WT,Constitutive_LMR-REST75,3,29,6,0.0913934305843962
WT,Constitutive_LMR-REST76,1,4,3,-0.0413520627504386
WT,Constitutive_LMR-REST76,1,8,3,-0.011962015587383414
WT,Constitutive_LMR-REST76,1,10,3,-0.017489997166921567
WT,Constitutive_LMR-REST76,1,13,3,-0.0032404484592332646
WT,Constitutive_LMR-REST76,1,17,3,-0.0006197696141279676
WT,Constitutive_LMR-REST76,1,29,3,-0.0019635881392863993
WT,Constitutive_LMR-REST76,2,4,3,0.01525542730437157
WT,Constitutive_LMR-REST76,2,8,3,0.009422999486272168
WT,Constitutive_LMR-REST76,2,10,3,0.015697446340626933
WT,Constitutive_LMR-REST76,2,13,3,-0.004814153872398332
WT,Constitutive_LMR-REST76,2,17,3,0.013799315187697772
WT,Constitutive_LMR-REST76,2,29,3,0.00828640185304127
WT,Constitutive_LMR-REST76,3,4,3,-0.02063567698952744
WT,Constitutive_LMR-REST76,3,8,3,0.011003198227846437
WT,Constitutive_LMR-REST76,3,10,3,0.009161109974235299
WT,Constitutive_LMR-REST76,3,13,3,0.00035637773071846984
WT,Constitutive_LMR-REST76,3,17,3,0.005370149798975336
WT,Constitutive_LMR-REST76,3,29,3,0.0066042280852305355
WT,Constitutive_LMR-REST77,1,4,3,0.06659548675041624
WT,Constitutive_LMR-REST77,1,8,3,0.045232344002435455
WT,Constitutive_LMR-REST77,1,10,3,0.02909938474829322
WT,Constitutive_LMR-REST77,1,13,3,0.008494386816432367
WT,Constitutive_LMR-REST77,1,17,3,0.023256659943208264
WT,Constitutive_LMR-REST77,1,29,3,0.006345021636838332
WT,Constitutive_LMR-REST77,2,4,3,0.0644610916241361
WT,Constitutive_LMR-REST77,2,8,3,0.0779653218672791
WT,Constitutive_LMR-REST77,2,10,3,0.041160844760151055
WT,Constitutive_LMR-REST77,2,13,3,0.016498209147002767
WT,Constitutive_LMR-REST77,2,17,3,0.03203629811648423
WT,Constitutive_LMR-REST77,2,29,3,0.020945630760787936
WT,Constitutive_LMR-REST77,3,4,3,0.006879640508249661
WT,Constitutive_LMR-REST77,3,8,3,0.04728630340326586
WT,Constitutive_LMR-REST77,3,10,3,0.039338674312035256
WT,Constitutive_LMR-REST77,3,13,3,-0.006293418702846509
WT,Constitutive_LMR-REST77,3,17,3,0.03092819624502756
WT,Constitutive_LMR-REST77,3,29,3,0.01628197000861236
WT,Constitutive_LMR-REST78,1,4,5,0.02953496445232433
WT,Constitutive_LMR-REST78,1,8,5,0.03867973487419992
WT,Constitutive_LMR-REST78,1,10,5,0.009462779195294622
WT,Constitutive_LMR-REST78,1,13,5,0.0001796079585428427
WT,Constitutive_LMR-REST78,1,17,5,0.0036771902959237615
WT,Constitutive_LMR-REST78,1,29,5,-0.02596107362293972
WT,Constitutive_LMR-REST78,2,4,5,0.04890540118847435
WT,Constitutive_LMR-REST78,2,8,5,0.04914888892936613
WT,Constitutive_LMR-REST78,2,10,5,0.03331256007000474
WT,Constitutive_LMR-REST78,2,13,5,0.01420575365407058
WT,Constitutive_LMR-REST78,2,17,5,0.01233465049862142
WT,Constitutive_LMR-REST78,2,29,5,0.0013473537788646814
WT,Constitutive_LMR-REST78,3,8,5,0.04191485066570808
WT,Constitutive_LMR-REST78,3,10,5,0.004824869570767239
WT,Constitutive_LMR-REST78,3,13,5,0.005331988137849042
WT,Constitutive_LMR-REST78,3,17,5,-0.0024442570179157618
WT,Constitutive_LMR-REST78,3,29,5,-0.0037707096613371787
WT,Constitutive_LMR-REST79,1,4,4,0.13112325464822544
WT,Constitutive_LMR-REST79,1,8,4,0.05442849110629866
WT,Constitutive_LMR-REST79,1,10,4,0.027021847978133753
WT,Constitutive_LMR-REST79,1,13,4,0.01960155281154566
WT,Constitutive_LMR-REST79,1,17,4,0.01251260686437723
WT,Constitutive_LMR-REST79,1,29,4,-0.01808076837100652
WT,Constitutive_LMR-REST79,2,4,4,0.02865735173352167
WT,Constitutive_LMR-REST79,2,8,4,0.06605344952357098
WT,Constitutive_LMR-REST79,2,10,4,0.04076668746736009
WT,Constitutive_LMR-REST79,2,13,4,0.01064178355821378
WT,Constitutive_LMR-REST79,2,17,4,0.005870523429662643
WT,Constitutive_LMR-REST79,2,29,4,-0.0015927073330809288
WT,Constitutive_LMR-REST79,3,4,4,0.03773514753252138
WT,Constitutive_LMR-REST79,3,8,4,0.03827843884983793
WT,Constitutive_LMR-REST79,3,10,4,0.022798793305358674
WT,Constitutive_LMR-REST79,3,13,4,0.010115390141491227
WT,Constitutive_LMR-REST79,3,17,4,0.005774162170517721
WT,Constitutive_LMR-REST79,3,29,4,-0.0017073965651875841
WT,Constitutive_LMR-REST80,1,4,9,0.13367827147155958
WT,Constitutive_LMR-REST80,1,8,9,0.17823548171043596
WT,Constitutive_LMR-REST80,1,10,9,0.060077246129077895
WT,Constitutive_LMR-REST80,1,13,9,-0.0023008815975468066
WT,Constitutive_LMR-REST80,1,17,9,-0.009049174422826616
WT,Constitutive_LMR-REST80,1,29,9,-0.0184264496078792
WT,Constitutive_LMR-REST80,2,4,9,0.15930058391375165
WT,Constitutive_LMR-REST80,2,8,9,0.166350888972201
WT,Constitutive_LMR-REST80,2,10,9,0.042100681320283224
WT,Constitutive_LMR-REST80,2,13,9,-0.0007170213879330004
WT,Constitutive_LMR-REST80,2,17,9,0.006243702010451189
WT,Constitutive_LMR-REST80,2,29,9,0.013404482454795447
WT,Constitutive_LMR-REST80,3,4,9,0.03111748892124602
WT,Constitutive_LMR-REST80,3,8,9,0.11568352838452675
WT,Constitutive_LMR-REST80,3,10,9,0.04156425394606705
WT,Constitutive_LMR-REST80,3,13,9,0.011814743652221084
WT,Constitutive_LMR-REST80,3,17,9,0.03815910363678467
WT,Constitutive_LMR-REST80,3,29,9,0.0020852622500100292
WT,Constitutive_LMR-REST84,1,4,2,-0.039359537304519146
WT,Constitutive_LMR-REST84,1,8,2,0.0342577502472758
WT,Constitutive_LMR-REST84,1,10,2,0.00929649042394175
WT,Constitutive_LMR-REST84,1,13,2,0.008050970895281256
WT,Constitutive_LMR-REST84,1,17,2,0.002972096795364105
WT,Constitutive_LMR-REST84,1,29,2,-0.016990716877727144
WT,Constitutive_LMR-REST84,2,4,2,0.143144548005185
WT,Constitutive_LMR-REST84,2,8,2,0.06418507268410316
WT,Constitutive_LMR-REST84,2,10,2,0.04462643968032226
WT,Constitutive_LMR-REST84,2,13,2,0.01787959578678825
WT,Constitutive_LMR-REST84,2,17,2,-0.0006160616925418461
WT,Constitutive_LMR-REST84,2,29,2,-0.017368744143776746
WT,Constitutive_LMR-REST84,3,4,2,0.1170827863279796
WT,Constitutive_LMR-REST84,3,8,2,0.0406887443326283
WT,Constitutive_LMR-REST84,3,10,2,0.0246190914153448
WT,Constitutive_LMR-REST84,3,13,2,0.018096031520704253
WT,Constitutive_LMR-REST84,3,17,2,0.000705543583497753
WT,Constitutive_LMR-REST84,3,29,2,0.0247712518571923
WT,Constitutive_LMR-REST85,1,4,3,0.2895230015886612
WT,Constitutive_LMR-REST85,1,8,3,0.10494916228491248
WT,Constitutive_LMR-REST85,1,10,3,0.0747733258436535
WT,Constitutive_LMR-REST85,1,13,3,0.05773952268038507
WT,Constitutive_LMR-REST85,1,17,3,0.049490121686193704
WT,Constitutive_LMR-REST85,1,29,3,0.04407264281712663
WT,Constitutive_LMR-REST85,2,4,3,0.1758390836192333
WT,Constitutive_LMR-REST85,2,8,3,0.13577179610580836
WT,Constitutive_LMR-REST85,2,10,3,0.05523360182633653
WT,Constitutive_LMR-REST85,2,13,3,0.06126237985654034
WT,Constitutive_LMR-REST85,2,17,3,0.027230288333231305
WT,Constitutive_LMR-REST85,2,29,3,0.052037671941807064
WT,Constitutive_LMR-REST85,3,4,3,-0.10417674045359408
WT,Constitutive_LMR-REST85,3,8,3,0.0851542542488933
WT,Constitutive_LMR-REST85,3,10,3,0.05013417471688477
WT,Constitutive_LMR-REST85,3,13,3,0.06174680800814596
WT,Constitutive_LMR-REST85,3,17,3,-0.0005261925148709994
WT,Constitutive_LMR-REST85,3,29,3,0.050320473467773706
WT,Constitutive_LMR-REST86,1,4,2,0.03693852963100065
WT,Constitutive_LMR-REST86,1,8,2,-0.01519527760905355
WT,Constitutive_LMR-REST86,1,10,2,-0.00229399665161565
WT,Constitutive_LMR-REST86,1,13,2,0.00760892317240805
WT,Constitutive_LMR-REST86,1,17,2,-0.0029535827683816497
WT,Constitutive_LMR-REST86,1,29,2,-0.00228430202156215
WT,Constitutive_LMR-REST86,2,4,2,-0.03612019708950985
WT,Constitutive_LMR-REST86,2,8,2,0.00022938057106215194
WT,Constitutive_LMR-REST86,2,10,2,0.0090810987913552
WT,Constitutive_LMR-REST86,2,13,2,-0.003552538908647946
WT,Constitutive_LMR-REST86,2,17,2,-0.0082197414671566
WT,Constitutive_LMR-REST86,2,29,2,-0.00747544644015055
WT,Constitutive_LMR-REST86,3,4,2,0.1013879656210388
WT,Constitutive_LMR-REST86,3,8,2,-0.005134143762301797
WT,Constitutive_LMR-REST86,3,10,2,-0.011538995701873748
WT,Constitutive_LMR-REST86,3,13,2,-0.0034860179229211
WT,Constitutive_LMR-REST86,3,17,2,-0.0173708481070676
WT,Constitutive_LMR-REST86,3,29,2,-0.018288220878948047
WT,Constitutive_LMR-REST88,1,4,2,-0.01827846388520605
WT,Constitutive_LMR-REST88,1,8,2,0.045630237365392304
WT,Constitutive_LMR-REST88,1,10,2,0.0315645796045505
WT,Constitutive_LMR-REST88,1,13,2,0.015949547797285652
WT,Constitutive_LMR-REST88,1,17,2,-0.002928908028945798
WT,Constitutive_LMR-REST88,1,29,2,0.0188591958567068
WT,Constitutive_LMR-REST88,2,4,2,-0.04473198245917331
WT,Constitutive_LMR-REST88,2,8,2,-0.004528998188140995
WT,Constitutive_LMR-REST88,2,10,2,-0.008980258138559044
WT,Constitutive_LMR-REST88,2,13,2,-0.025032816883619746
WT,Constitutive_LMR-REST88,2,17,2,-0.012335537120226545
WT,Constitutive_LMR-REST88,2,29,2,0.006571480837179601
WT,Constitutive_LMR-REST88,3,4,2,0.045676088492639697
WT,Constitutive_LMR-REST88,3,8,2,0.02453438645611205
WT,Constitutive_LMR-REST88,3,10,2,0.019659791395976848
WT,Constitutive_LMR-REST88,3,13,2,0.01908095072980685
WT,Constitutive_LMR-REST88,3,17,2,0.02453050888004875
WT,Constitutive_LMR-REST88,3,29,2,0.04210386766774794
WT,ES-specific_LMR27,1,4,20,0.29809830723309
WT,ES-specific_LMR27,1,8,20,0.0683886508492144
WT,ES-specific_LMR27,1,10,20,-0.06425415682227681
WT,ES-specific_LMR27,1,13,20,-0.09313092118664616
WT,ES-specific_LMR27,1,17,20,-0.10218500415601821
WT,ES-specific_LMR27,1,29,20,-0.0706094913952485
WT,ES-specific_LMR27,2,4,20,0.08621056059243318
WT,ES-specific_LMR27,2,8,20,0.1543754849320719
WT,ES-specific_LMR27,2,10,20,0.02313925268739001
WT,ES-specific_LMR27,2,13,20,-0.017790867478270186
WT,ES-specific_LMR27,2,17,20,-0.07520843309377762
WT,ES-specific_LMR27,2,29,20,0.03231845828699463
WT,ES-specific_LMR27,3,4,20,0.0807493641499168
WT,ES-specific_LMR27,3,8,20,0.15456889473809535
WT,ES-specific_LMR27,3,10,20,0.028351768929771197
WT,ES-specific_LMR27,3,13,20,0.015026008194152627
WT,ES-specific_LMR27,3,17,20,0.0004592185739913469
WT,ES-specific_LMR27,3,29,20,0.03236503060068792
WT,ES-specific_LMR28,1,4,13,0.12248483304236588
WT,ES-specific_LMR28,1,8,13,0.0981383778185413
WT,ES-specific_LMR28,1,10,13,0.06867033251166776
WT,ES-specific_LMR28,1,13,13,0.06454872659171507
WT,ES-specific_LMR28,1,17,13,0.03383277481560108
WT,ES-specific_LMR28,1,29,13,-0.02313482057659
WT,ES-specific_LMR28,2,4,13,0.15882733636876123
WT,ES-specific_LMR28,2,8,13,0.14312012984619152
WT,ES-specific_LMR28,2,10,13,0.13387112571882726
WT,ES-specific_LMR28,2,13,13,0.08897289718522684
WT,ES-specific_LMR28,2,17,13,0.04023394040099975
WT,ES-specific_LMR28,2,29,13,0.05940492681943876
WT,ES-specific_LMR28,3,4,13,-0.021615044074599608
WT,ES-specific_LMR28,3,8,13,0.07714357095111783
WT,ES-specific_LMR28,3,10,13,0.08951325712009323
WT,ES-specific_LMR28,3,13,13,0.04966925229222393
WT,ES-specific_LMR28,3,17,13,0.05859710840009368
WT,ES-specific_LMR28,3,29,13,0.013158650437816081
WT,ES-specific_LMR30,1,4,4,0.25024342851349757
WT,ES-specific_LMR30,1,8,4,0.21938774466222857
WT,ES-specific_LMR30,1,10,4,0.07047855586232132
WT,ES-specific_LMR30,1,13,4,0.014448155360568912
WT,ES-specific_LMR30,1,17,4,0.06214570136502576
WT,ES-specific_LMR30,1,29,4,0.08493953124339071
WT,ES-specific_LMR30,2,4,4,0.04465135708905813
WT,ES-specific_LMR30,2,8,4,0.31106848718018365
WT,ES-specific_LMR30,2,10,4,0.11925056787615212
WT,ES-specific_LMR30,2,13,4,0.024646121670618422
WT,ES-specific_LMR30,2,17,4,0.025582273643562414
WT,ES-specific_LMR30,2,29,4,-0.010384209335935021
WT,ES-specific_LMR30,3,4,4,0.26866243035245424
WT,ES-specific_LMR30,3,8,4,0.18382313583943227
WT,ES-specific_LMR30,3,10,4,-0.009694611652204508
WT,ES-specific_LMR30,3,13,4,-0.060366480612337584
WT,ES-specific_LMR30,3,17,4,0.01773727124831723
WT,ES-specific_LMR30,3,29,4,-0.043847406644621334
WT,ES-specific_LMR33,1,4,10,0.05395146008250952
WT,ES-specific_LMR33,1,8,10,0.40731703714005063
WT,ES-specific_LMR33,1,10,10,0.05658796982952079
WT,ES-specific_LMR33,1,13,10,0.007144381844344114
WT,ES-specific_LMR33,1,17,10,0.0175535147378293
WT,ES-specific_LMR33,1,29,10,-0.028338107815012847
WT,ES-specific_LMR33,2,4,10,0.08906455115893781
WT,ES-specific_LMR33,2,8,10,0.41292067637903723
WT,ES-specific_LMR33,2,10,10,0.12272617789493204
WT,ES-specific_LMR33,2,13,10,-0.010597461672610721
WT,ES-specific_LMR33,2,17,10,-0.058808067317005684
WT,ES-specific_LMR33,2,29,10,-0.006064962110293233
WT,ES-specific_LMR33,3,4,10,0.11082987823257007
WT,ES-specific_LMR33,3,8,10,0.08836261655948836
WT,ES-specific_LMR33,3,10,10,0.029312711278618953
WT,ES-specific_LMR33,3,13,10,-0.05109728506388176
WT,ES-specific_LMR33,3,17,10,-0.0851407959309339
WT,ES-specific_LMR33,3,29,10,-0.006838883916905928
WT,FMR4,1,4,4,0.29167441372119973
WT,FMR4,1,8,4,0.27425407049378053
WT,FMR4,1,10,4,0.28508220216833824
WT,FMR4,1,13,4,0.20330316813056049
WT,FMR4,1,17,4,0.16331799618053455
WT,FMR4,1,29,4,0.13186060605971
WT,FMR4,2,4,4,0.32271095015183426
WT,FMR4,2,8,4,0.2922716200174275
WT,FMR4,2,10,4,0.2172793967965062
WT,FMR4,2,13,4,0.17045302392650152
WT,FMR4,2,17,4,0.1468347197855605
WT,FMR4,2,29,4,0.16598594679159379
WT,FMR4,3,4,4,0.19097371364039423
WT,FMR4,3,8,4,0.225115821895666
WT,FMR4,3,10,4,0.20584977459532447
WT,FMR4,3,13,4,0.18127475943261523
WT,FMR4,3,17,4,0.12227501372947325
WT,FMR4,3,29,4,0.08911574713728398
WT,FMR6,1,4,2,0.14457672670049448
WT,FMR6,1,8,2,0.08553105917776349
WT,FMR6,1,10,2,0.09344295751394499
WT,FMR6,1,13,2,0.03840376615889146
WT,FMR6,1,17,2,0.06263470442984947
WT,FMR6,1,29,2,0.011710007835123992
WT,FMR6,2,4,2,0.13557506547028653
WT,FMR6,2,8,2,0.09934265192701908
WT,FMR6,2,10,2,0.08390537451741303
WT,FMR6,2,13,2,0.06252486381004302
WT,FMR6,2,17,2,0.06279897927392053
WT,FMR6,2,29,2,0.06742536235121005
WT,FMR6,3,4,2,0.15947890830864248
WT,FMR6,3,8,2,0.07376676029768098
WT,FMR6,3,10,2,0.1080885608359245
WT,FMR6,3,13,2,0.05612683925259099
WT,FMR6,3,17,2,0.05829337623358
WT,FMR6,3,29,2,0.06405764340906794
WT,FMR8,1,4,5,0.07797764945863599
WT,FMR8,1,8,5,0.09404730795125482
WT,FMR8,1,10,5,0.11108706028240141
WT,FMR8,1,13,5,0.05619584759021479
WT,FMR8,1,17,5,0.05467945996738941
WT,FMR8,1,29,5,0.0377490644299604
WT,FMR8,2,4,5,0.13747222471971304
WT,FMR8,2,8,5,0.10855883151947861
WT,FMR8,2,10,5,0.09977710192338685
WT,FMR8,2,13,5,0.06453342968816662
WT,FMR8,2,17,5,0.05707166639171981
WT,FMR8,2,29,5,0.06642446147923645
WT,FMR8,3,4,5,0.12415372743903777
WT,FMR8,3,8,5,0.07868581320647458
WT,FMR8,3,10,5,0.08345717746449974
WT,FMR8,3,13,5,0.07090344476619936
WT,FMR8,3,17,5,0.09524280554257376
WT,FMR8,3,29,5,0.06454437045926657
WT,FMR9,1,4,7,0.23759839507197617
WT,FMR9,1,8,7,0.14242263983144074
WT,FMR9,1,10,7,0.14048842392200242
WT,FMR9,1,13,7,0.11416378168513017
WT,FMR9,1,17,7,0.08575508315556603
WT,FMR9,1,29,7,0.10342331480885528
WT,FMR9,2,4,7,0.1835326475375841
WT,FMR9,2,8,7,0.16788048156983365
WT,FMR9,2,10,7,0.04647513344630786
WT,FMR9,2,13,7,0.08843056061662743
WT,FMR9,2,17,7,0.13087090911442228
WT,FMR9,3,4,7,0.13711860769315984
WT,FMR9,3,8,7,0.13102740523755613
WT,FMR9,3,10,7,0.1387072644157383
WT,FMR9,3,13,7,0.09975390124136056
WT,FMR9,3,17,7,0.031098015012283407
WT,FMR9,3,29,7,0.09683017079778343
WT,LMR23,1,4,6,0.24677323116413194
WT,LMR23,1,8,6,0.10959451999843324
WT,LMR23,1,10,6,0.028015832791128237
WT,LMR23,1,13,6,-0.013557965208195917
WT,LMR23,1,17,6,-0.031880489248951115
WT,LMR23,1,29,6,-0.05040245570024907
WT,LMR23,2,4,6,0.2329311521168321
WT,LMR23,2,8,6,0.12352852502115425
WT,LMR23,2,10,6,0.03851423289403096
WT,LMR23,2,13,6,-0.0008091179809185991
WT,LMR23,2,17,6,-0.01950174063374178
WT,LMR23,2,29,6,-0.03252910411898383
WT,LMR23,3,4,6,0.0017008942457863163
WT,LMR23,3,8,6,0.00798541134125016
WT,LMR23,3,10,6,0.0054658919471834945
WT,LMR23,3,13,6,-0.07870633637420049
WT,LMR23,3,17,6,-0.0819516165752535
WT,LMR23,3,29,6,-0.08699205536133679
WT,LMR24,1,4,5,0.16543442300075217
WT,LMR24,1,8,5,0.18590887704160078
WT,LMR24,1,10,5,0.1799524849122008
WT,LMR24,1,13,5,0.016015878283762008
WT,LMR24,1,17,5,0.03548707599010779
WT,LMR24,1,29,5,-0.078481159435069
WT,LMR24,2,4,5,0.33679078817945296
WT,LMR24,2,8,5,0.2736897949766884
WT,LMR24,2,10,5,0.19241728968130942
WT,LMR24,2,13,5,0.10824047043369138
WT,LMR24,2,17,5,0.1672388503717432
WT,LMR24,2,29,5,0.0908689838111728
WT,LMR24,3,4,5,0.17594045951247944
WT,LMR24,3,8,5,0.21646301339285418
WT,LMR24,3,10,5,0.1255955430085854
WT,LMR24,3,13,5,0.07650500772246399
WT,LMR24,3,17,5,0.0897285492793866
WT,LMR24,3,29,5,-0.0200233201188428
WT,LMR35,1,4,1,0.18754423534558098
WT,LMR35,1,8,1,0.13552206116019502
WT,LMR35,1,10,1,0.07315984689174901
WT,LMR35,1,13,1,-0.011519223473786006
WT,LMR35,1,17,1,-0.062682868277181
WT,LMR35,1,29,1,-0.05468665673839598
WT,LMR35,2,4,1,0.196842702204771
WT,LMR35,2,8,1,0.200483570093325
WT,LMR35,2,10,1,0.087843052838321
WT,LMR35,2,13,1,-0.009476258065273996
WT,LMR35,2,17,1,0.04954682438351099
WT,LMR35,2,29,1,-0.043288350233014014
WT,LMR35,3,4,1,-0.13615166743002285
WT,LMR35,3,8,1,0.17440975593661398
WT,LMR35,3,10,1,0.073858679444324
WT,LMR35,3,13,1,0.041507141181684
WT,LMR35,3,17,1,0.02449276005602599
WT,LMR35,3,29,1,0.008635327526231001
WT,LMR38,1,4,4,0.12996657167629344
WT,LMR38,1,8,4,0.1806128336094292
WT,LMR38,1,10,4,0.1379425403517997
WT,LMR38,1,13,4,0.0581136415071547
WT,LMR38,1,17,4,0.03266305184687923
WT,LMR38,1,29,4,-0.007931437617712919
WT,LMR38,2,4,4,0.237028982922578
WT,LMR38,2,8,4,0.12213772078482102
WT,LMR38,2,10,4,0.09906422768748503
WT,LMR38,2,13,4,0.009100122958719398
WT,LMR38,2,17,4,-0.0027925318473294505
WT,LMR38,2,29,4,0.04885489004745678
WT,LMR38,3,4,4,0.12890353409460992
WT,LMR38,3,8,4,0.1386697226840572
WT,LMR38,3,10,4,0.05842951805538193
WT,LMR38,3,13,4,0.05276975163018263
WT,LMR38,3,17,4,0.04251875452605793
WT,LMR38,3,29,4,-0.003006289299099397
WT,LMR40,1,4,14,0.37494490229019617
WT,LMR40,1,8,14,0.2430579725218042
WT,LMR40,1,10,14,0.2281971196090569
WT,LMR40,1,13,14,0.2054391461542781
WT,LMR40,1,17,14,0.11177501077828138
WT,LMR40,1,29,14,0.07917302293991894
WT,LMR40,2,4,14,0.18611347428527575
WT,LMR40,2,8,14,0.26177154613358133
WT,LMR40,2,10,14,0.21332728356864986
WT,LMR40,2,13,14,0.16506344565234504
WT,LMR40,2,17,14,0.04698555980787383
WT,LMR40,2,29,14,0.04283835719789348
WT,LMR40,3,4,14,0.32516280963460575
WT,LMR40,3,8,14,0.31268544501023615
WT,LMR40,3,10,14,0.28903435667336347
WT,LMR40,3,13,14,0.2368010709437161
WT,LMR40,3,17,14,0.09895013471029411
WT,LMR40,3,29,14,0.07638395409312579
WT,LMR46,1,4,4,0.26144884758702963
WT,LMR46,1,8,4,0.23425082498537292
WT,LMR46,1,10,4,0.28033996447438014
WT,LMR46,1,13,4,0.08737824311356987
WT,LMR46,1,17,4,0.11328472544331634
WT,LMR46,1,29,4,0.07330362340003185
WT,LMR46,2,4,4,0.32271508508857644
WT,LMR46,2,8,4,0.25778227415460153
WT,LMR46,2,10,4,0.1982897331982983
WT,LMR46,2,13,4,0.06664069038337908
WT,LMR46,2,17,4,0.07473328398620631
WT,LMR46,2,29,4,0.10662772805757528
WT,LMR46,3,4,4,0.21416192987005703
WT,LMR46,3,8,4,0.25828100373063534
WT,LMR46,3,10,4,0.2795310950876526
WT,LMR46,3,13,4,0.1425523566378118
WT,LMR46,3,17,4,0.08929965373329439
WT,LMR46,3,29,4,0.10443188834625797
WT,LMR51,1,8,3,0.1460365407864227
WT,LMR51,1,10,3,0.09585518935827841
WT,LMR51,1,13,3,0.045024246984553006
WT,LMR51,1,17,3,0.059013228715397235
WT,LMR51,1,29,3,0.026355653233181762
WT,LMR51,2,4,3,0.2389058145418014
WT,LMR51,2,8,3,0.1531402000908514
WT,LMR51,2,10,3,0.013455865836868133
WT,LMR51,2,13,3,-0.003855383170147835
WT,LMR51,2,17,3,0.0605801121097894
WT,LMR51,2,29,3,-0.041900896524287475
WT,LMR51,3,4,3,0.06866666497522753
WT,LMR51,3,8,3,0.056351537710413346
WT,LMR51,3,10,3,0.030330651209962145
WT,LMR51,3,13,3,-0.03626757521744378
WT,LMR51,3,17,3,0.016410727058228547
WT,LMR51,3,29,3,0.023848629689731587
WT,LMR63,1,4,4,-0.09741158282014298
WT,LMR63,1,8,4,0.044164966345351254
WT,LMR63,1,10,4,-0.004337237685271417
WT,LMR63,1,13,4,-0.01879671026183169
WT,LMR63,1,17,4,-0.013404296822963202
WT,LMR63,1,29,4,-0.08197009732063594
WT,LMR63,2,4,4,0.23125536037221917
WT,LMR63,2,8,4,0.013448844304285903
WT,LMR63,2,13,4,-0.05655355499517044
WT,LMR63,2,17,4,-0.06700857974277336
WT,LMR63,2,29,4,-0.055118691425284014
WT,LMR63,3,4,4,0.0902587760059389
WT,LMR63,3,8,4,0.06195160044207162
WT,LMR63,3,10,4,0.00044402313819270726
WT,LMR63,3,13,4,-0.028166430413882247
WT,LMR63,3,17,4,-0.012265056761010994
WT,LMR63,3,29,4,-0.03382116268495076
WT,LMR7,1,4,3,0.17208832508611904
WT,LMR7,1,8,3,0.09550165760315836
WT,LMR7,1,10,3,0.13496730619112265
WT,LMR7,1,13,3,0.09831370232438034
WT,LMR7,1,17,3,0.06642012729034234
WT,LMR7,1,29,3,0.04326061503617499
WT,LMR7,2,4,3,0.18821448061264268
WT,LMR7,2,8,3,0.246752121453233
WT,LMR7,2,10,3,0.22113389183899668
WT,LMR7,2,13,3,0.17959990651539867
WT,LMR7,2,17,3,0.20176554385552226
WT,LMR7,2,29,3,0.18328932303695167
WT,LMR7,3,4,3,0.21733236658254598
WT,LMR7,3,8,3,0.22302415686746935
WT,LMR7,3,10,3,0.1643383394758523
WT,LMR7,3,13,3,0.13762299188406166
WT,LMR7,3,17,3,0.13039126830826234
WT,LMR7,3,29,3,0.14591750449337162
WT,LMR73,1,4,4,-0.013443578158041298
WT,LMR73,1,8,4,0.023163336952609977
WT,LMR73,1,10,4,-0.021906859147388852
WT,LMR73,1,13,4,-0.021508023467026197
WT,LMR73,1,17,4,-0.016559138675355703
WT,LMR73,1,29,4,-0.028215815919765252
WT,LMR73,2,8,4,0.11800990064193154
WT,LMR73,2,10,4,0.004747808810774903
WT,LMR73,2,13,4,-0.009933214667245649
WT,LMR73,2,17,4,-0.022406768493795574
WT,LMR73,2,29,4,-0.02938474228201947
WT,LMR73,3,8,4,0.08327099870628615
WT,LMR73,3,10,4,0.010718676555706958
WT,LMR73,3,13,4,0.030130019285252108
WT,LMR73,3,17,4,0.013505359136272006
WT,LMR73,3,29,4,0.02768554132428091
WT,LMR81,1,4,2,-0.11693991037205036
WT,LMR81,1,8,2,0.2645317490575645
WT,LMR81,1,10,2,0.275606063659056
WT,LMR81,1,13,2,0.18749269408969949
WT,LMR81,1,17,2,0.15905709421917702
WT,LMR81,1,29,2,0.165237928701215
WT,LMR81,2,4,2,0.027804309760582513
WT,LMR81,2,8,2,0.2811409529772455
WT,LMR81,2,10,2,0.28637927222367454
WT,LMR81,2,13,2,0.2383196909692885
WT,LMR81,2,17,2,0.019693540046078012
WT,LMR81,2,29,2,0.077948730910774
WT,LMR81,3,4,2,-0.014904131950041921
WT,LMR81,3,8,2,0.20117445005860196
WT,LMR81,3,10,2,0.30958962058834893
WT,LMR81,3,13,2,0.21562057378349403
WT,LMR81,3,17,2,0.26995618545259104
WT,LMR81,3,29,2,0.0781791685086545
WT,Methylated_UMR22,1,4,6,0.10970320309346016
WT,Methylated_UMR22,1,8,6,0.10914176098248467
WT,Methylated_UMR22,1,10,6,0.11524347818130715
WT,Methylated_UMR22,1,13,6,0.09828699699293016
WT,Methylated_UMR22,1,17,6,0.07684617170979184
WT,Methylated_UMR22,1,29,6,0.052000166124479476
WT,Methylated_UMR22,2,4,6,0.13302154414018447
WT,Methylated_UMR22,2,8,6,0.12691996366582112
WT,Methylated_UMR22,2,10,6,0.11079636392847098
WT,Methylated_UMR22,2,13,6,0.07469513338835848
WT,Methylated_UMR22,2,17,6,0.034808262269457824
WT,Methylated_UMR22,2,29,6,0.06109633820780749
WT,Methylated_UMR22,3,4,6,0.12788712767577867
WT,Methylated_UMR22,3,8,6,0.11134569060494619
WT,Methylated_UMR22,3,10,6,0.09861817883518116
WT,Methylated_UMR22,3,13,6,0.09227613193554468
WT,Methylated_UMR22,3,17,6,0.06626483424015167
WT,Methylated_UMR22,3,29,6,0.043560205285775845
WT,NP-specific_LMR37,1,4,10,0.0839997297034731
WT,NP-specific_LMR37,1,8,10,0.0636599125075413
WT,NP-specific_LMR37,1,10,10,0.07171770338647829
WT,NP-specific_LMR37,1,13,10,0.05331463214852509
WT,NP-specific_LMR37,1,17,10,0.043306433620456296
WT,NP-specific_LMR37,1,29,10,0.03347603746646398
WT,NP-specific_LMR37,2,4,10,0.10910967768664093
WT,NP-specific_LMR37,2,8,10,0.06202465670261499
WT,NP-specific_LMR37,2,10,10,0.06838341709477481
WT,NP-specific_LMR37,2,13,10,0.04826498435541142
WT,NP-specific_LMR37,2,17,10,0.039575376083972005
WT,NP-specific_LMR37,2,29,10,0.04230641019452652
WT,NP-specific_LMR37,3,4,10,0.10041008514454038
WT,NP-specific_LMR37,3,8,10,0.051074015175485474
WT,NP-specific_LMR37,3,10,10,0.0590063883730607
WT,NP-specific_LMR37,3,13,10,0.04824791610423599
WT,NP-specific_LMR37,3,17,10,0.023617536700400798
WT,NP-specific_LMR37,3,29,10,0.03815070689955029
WT,NP-specific_LMR39,1,4,3,0.044184164370574965
WT,NP-specific_LMR39,1,8,3,0.140383822874628
WT,NP-specific_LMR39,1,10,3,0.13740980566291264
WT,NP-specific_LMR39,1,13,3,0.10684533735142365
WT,NP-specific_LMR39,1,17,3,0.07975492699642166
WT,NP-specific_LMR39,1,29,3,0.046050987970472655
WT,NP-specific_LMR39,2,4,3,0.17107892765728003
WT,NP-specific_LMR39,2,8,3,0.16910743084722202
WT,NP-specific_LMR39,2,10,3,0.1290030562136007
WT,NP-specific_LMR39,2,13,3,0.08226944883358402
WT,NP-specific_LMR39,2,17,3,0.098389334854527
WT,NP-specific_LMR39,2,29,3,0.09507774844585802
WT,NP-specific_LMR39,3,4,3,0.023422841690278973
WT,NP-specific_LMR39,3,8,3,0.154385209975453
WT,NP-specific_LMR39,3,10,3,0.1498189999296213
WT,NP-specific_LMR39,3,13,3,0.11416535923419398
WT,NP-specific_LMR39,3,17,3,0.08500669002917398
WT,NP-specific_LMR39,3,29,3,0.05463013955477366
WT,NP-specific_LMR41,1,4,8,0.07875511385339062
WT,NP-specific_LMR41,1,8,8,0.14339401250330364
WT,NP-specific_LMR41,1,10,8,0.12389234241536926
WT,NP-specific_LMR41,1,13,8,0.09720726985809162
WT,NP-specific_LMR41,1,17,8,0.1134692306516435
WT,NP-specific_LMR41,1,29,8,0.0749252239869805
WT,NP-specific_LMR41,2,4,8,0.1455012897229394
WT,NP-specific_LMR41,2,8,8,0.1591622638604463
WT,NP-specific_LMR41,2,10,8,0.15492506191579428
WT,NP-specific_LMR41,2,13,8,0.09176518482750001
WT,NP-specific_LMR41,2,17,8,0.07507901714737927
WT,NP-specific_LMR41,2,29,8,0.08493754968017002
WT,NP-specific_LMR41,3,4,8,0.05978330027736711
WT,NP-specific_LMR41,3,8,8,0.11180031528839475
WT,NP-specific_LMR41,3,10,8,0.1320176155747645
WT,NP-specific_LMR41,3,13,8,0.11500863960675561
WT,NP-specific_LMR41,3,17,8,0.053888232822803014
WT,NP-specific_LMR41,3,29,8,0.07237930154493986
WT,NP-specific_LMR43,1,4,6,0.033104241520354016
WT,NP-specific_LMR43,1,8,6,0.0808549214028117
WT,NP-specific_LMR43,1,10,6,0.07495033451849852
WT,NP-specific_LMR43,1,13,6,0.05500988323502585
WT,NP-specific_LMR43,1,17,6,0.051316974914220014
WT,NP-specific_LMR43,1,29,6,0.057427877186191835
WT,NP-specific_LMR43,2,4,6,0.08130244936526682
WT,NP-specific_LMR43,2,8,6,0.10658594319373933
WT,NP-specific_LMR43,2,10,6,0.1013456175487935
WT,NP-specific_LMR43,2,13,6,0.06384579643251566
WT,NP-specific_LMR43,2,17,6,0.07073310553318181
WT,NP-specific_LMR43,2,29,6,0.05056954359818048
WT,NP-specific_LMR43,3,8,6,0.05208911589424969
WT,NP-specific_LMR43,3,10,6,0.05628832508317052
WT,NP-specific_LMR43,3,13,6,0.04664450537609401
WT,NP-specific_LMR43,3,17,6,0.026155369906334696
WT,NP-specific_LMR43,3,29,6,0.042716480715834004
WT,NP-specific_LMR44,1,4,5,0.1377400748674972
WT,NP-specific_LMR44,1,8,5,0.16549072352518876
WT,NP-specific_LMR44,1,10,5,0.1384562971651902
WT,NP-specific_LMR44,1,13,5,0.1111965346961448
WT,NP-specific_LMR44,1,17,5,0.101787651219898
WT,NP-specific_LMR44,1,29,5,0.06635849661390078
WT,NP-specific_LMR44,2,4,5,0.15032444654086402
WT,NP-specific_LMR44,2,8,5,0.14693618999230162
WT,NP-specific_LMR44,2,10,5,0.15589402086901702
WT,NP-specific_LMR44,2,13,5,0.08034560706967102
WT,NP-specific_LMR44,2,17,5,0.11836054250914663
WT,NP-specific_LMR44,2,29,5,0.0301850972766748
WT,NP-specific_LMR44,3,4,5,0.043333706271180585
WT,NP-specific_LMR44,3,8,5,0.122536703982758
WT,NP-specific_LMR44,3,10,5,0.10556033744883038
WT,NP-specific_LMR44,3,13,5,0.07153233780787818
WT,NP-specific_LMR44,3,17,5,0.05570123911159799
WT,NP-specific_LMR44,3,29,5,0.06206754201631999
WT,UMR10,1,4,5,-0.002129963123026371
WT,UMR10,1,8,5,-0.015551040482701034
WT,UMR10,1,10,5,-0.01885968633012265
WT,UMR10,1,13,5,-0.0036715770135938007
WT,UMR10,1,17,5,-0.0055913512813957405
WT,UMR10,1,29,5,-0.017625415846739066
WT,UMR10,2,4,5,-0.003469807420887824
WT,UMR10,2,8,5,-0.012507571247871224
WT,UMR10,2,10,5,-0.00707119514542692
WT,UMR10,2,13,5,-0.0020003962666623994
WT,UMR10,2,17,5,0.0005834477059474357
WT,UMR10,2,29,5,-0.01518278276270057
WT,UMR10,3,4,5,-0.012780747793512704
WT,UMR10,3,8,5,-0.006101346777099601
WT,UMR10,3,10,5,-0.004527437447094197
WT,UMR10,3,13,5,-0.006538095466022168
WT,UMR10,3,17,5,-0.001794693044743441
WT,UMR10,3,29,5,-0.009211972535190835
WT,UMR11,1,4,12,0.07385143811963683
WT,UMR11,1,8,12,0.019570900731834238
WT,UMR11,1,10,12,0.018413524136433514
WT,UMR11,1,13,12,0.014300060617495794
WT,UMR11,1,17,12,0.007668965430303126
WT,UMR11,1,29,12,0.002818791089603907
WT,UMR11,2,4,12,0.013640812434329788
WT,UMR11,2,8,12,0.021327442149501493
WT,UMR11,2,10,12,0.0145433077401488
WT,UMR11,2,13,12,0.014470090742008007
WT,UMR11,2,17,12,-0.00696657027131806
WT,UMR11,2,29,12,0.007102730608719989
WT,UMR11,3,4,12,0.010799750751190303
WT,UMR11,3,8,12,0.019709780952179737
WT,UMR11,3,10,12,0.029948998477830734
WT,UMR11,3,13,12,0.007835807679185939
WT,UMR11,3,17,12,0.0023561737841788035
WT,UMR11,3,29,12,0.011785453038830497
WT,UMR13,1,4,5,-0.00403803811292275
WT,UMR13,1,8,5,-0.0053396023644862855
WT,UMR13,1,10,5,-0.008880208764208744
WT,UMR13,1,13,5,0.004630535365403379
WT,UMR13,1,17,5,-0.0011221737668729403
WT,UMR13,1,29,5,-0.0033892443205033227
WT,UMR13,2,4,5,0.0033251289752627396
WT,UMR13,2,8,5,-0.012299179968419515
WT,UMR13,2,10,5,0.0078388220807071
WT,UMR13,2,13,5,-0.0004117427465176602
WT,UMR13,2,17,5,-0.007567221562768305
WT,UMR13,2,29,5,-0.002827878574826132
WT,UMR13,3,4,5,-0.018217749904008613
WT,UMR13,3,8,5,-0.005847723124584801
WT,UMR13,3,10,5,0.0065713923962240125
WT,UMR13,3,13,5,0.001289294393360179
WT,UMR13,3,17,5,0.00948693183187946
WT,UMR13,3,29,5,0.00409217998813638
WT,UMR14,1,4,11,0.005872333865139794
WT,UMR14,1,8,11,-0.002581975246071798
WT,UMR14,1,10,11,-0.009478832253050287
WT,UMR14,1,13,11,-0.002494939450468889
WT,UMR14,1,17,11,0.002920662445504991
WT,UMR14,1,29,11,0.00046373083212064537
WT,UMR14,2,4,11,0.0034520429488913455
WT,UMR14,2,8,11,-0.006475708460779467
WT,UMR14,2,10,11,-0.01095973618752366
WT,UMR14,2,13,11,0.0027534561927348537
WT,UMR14,2,17,11,-0.0036926960401509183
WT,UMR14,2,29,11,0.002771259156889073
WT,UMR14,3,4,11,-0.017457637720901496
WT,UMR14,3,8,11,-0.002524208701678073
WT,UMR14,3,10,11,-0.007964737133982264
WT,UMR14,3,13,11,-0.0009360338019797243
WT,UMR14,3,17,11,0.0018954790698296475
WT,UMR14,3,29,11,0.0016948310581306819
WT,UMR15,1,4,7,0.007700263855218381
WT,UMR15,1,8,7,0.0010072455977968293
WT,UMR15,1,10,7,0.0015418108478495007
WT,UMR15,1,13,7,0.003117281825307944
WT,UMR15,1,17,7,0.0009216429032679865
WT,UMR15,1,29,7,-0.0015147781301548277
WT,UMR15,2,4,7,0.006654827977031214
WT,UMR15,2,8,7,0.005994948337359607
WT,UMR15,2,10,7,-0.0029272084390689554
WT,UMR15,2,13,7,-0.0008000074895123646
WT,UMR15,2,17,7,0.005968189722526022
WT,UMR15,2,29,7,-0.0014013230570464087
WT,UMR15,3,4,7,0.021872242247031083
WT,UMR15,3,8,7,0.0022084119549140896
WT,UMR15,3,10,7,0.01053603584338258
WT,UMR15,3,13,7,0.0026532328650304806
WT,UMR15,3,17,7,-0.0022691732268274823
WT,UMR15,3,29,7,-0.007000096048251118
WT,UMR19,1,4,13,-0.02177100518924045
WT,UMR19,1,8,13,-0.015713715108866745
WT,UMR19,1,10,13,-0.009969462554362504
WT,UMR19,1,13,13,-0.00830159343125154
WT,UMR19,1,17,13,-0.004728834193172453
WT,UMR19,1,29,13,-0.011058417329144359
WT,UMR19,2,4,13,-0.016125656228672777
WT,UMR19,2,8,13,-0.018633625808484523
WT,UMR19,2,10,13,-0.01894461096747297
WT,UMR19,2,13,13,-0.004112356425025709
WT,UMR19,2,17,13,-0.009121243247282137
WT,UMR19,2,29,13,-0.012664209857619966
WT,UMR19,3,4,13,0.00196359539426121
WT,UMR19,3,8,13,-0.016262588507933738
WT,UMR19,3,10,13,-0.005789686528311951
WT,UMR19,3,13,13,-0.008960944283049204
WT,UMR19,3,17,13,-0.0017275958898550908
WT,UMR19,3,29,13,-0.008143181844812265
WT,UMR20,1,4,3,0.08228104450361316
WT,UMR20,1,8,3,0.00879097128296457
WT,UMR20,1,10,3,0.01572920198683077
WT,UMR20,1,13,3,-0.0056005663820578
WT,UMR20,1,17,3,0.0046615224674394625
WT,UMR20,1,29,3,-0.024456811677497
WT,UMR20,2,4,3,-0.000467459186497735
WT,UMR20,2,8,3,-0.00970032807244908
WT,UMR20,2,10,3,-0.007169032749570634
WT,UMR20,2,13,3,-0.003957393338801264
WT,UMR20,2,17,3,-0.009825596982435002
WT,UMR20,2,29,3,0.00046035698508713543
WT,UMR20,3,4,3,0.05569980906104253
WT,UMR20,3,8,3,0.010487474599776718
WT,UMR20,3,10,3,0.02551946759158982
WT,UMR20,3,13,3,0.00816841649685825
WT,UMR20,3,17,3,0.0037884537260234816
WT,UMR20,3,29,3,0.0034628289040845813
WT,metIsland21,1,4,12,0.09921948296348405
WT,metIsland21,1,8,12,0.08533839817210258
WT,metIsland21,1,10,12,0.06480235398386908
WT,metIsland21,1,13,12,0.06253345094715466
WT,metIsland21,1,17,12,0.05582011687138316
WT,metIsland21,1,29,12,0.05756526219437966
WT,metIsland21,2,4,12,0.052572244684234236
WT,metIsland21,2,8,12,0.043287105563826415
WT,metIsland21,2,10,12,0.025447954825726333
WT,metIsland21,2,13,12,0.03888157020679018
WT,metIsland21,2,17,12,0.03103734388509523
WT,metIsland21,2,29,12,0.01835783122787042
WT,metIsland21,3,4,12,0.09398688737371508
WT,metIsland21,3,8,12,0.05929931726749507
WT,metIsland21,3,10,12,0.061019899984998495
WT,metIsland21,3,13,12,0.05551158112030242
WT,metIsland21,3,17,12,0.04499178053726874
WT,metIsland21,3,29,12,0.03486569707317067
TTKO,Constitutive_LMR-CTCF52,1,4,8,-0.06931710860940124
TTKO,Constitutive_LMR-CTCF52,1,8,8,-0.04452149939477926
TTKO,Constitutive_LMR-CTCF52,1,10,8,-0.0159481653769049
TTKO,Constitutive_LMR-CTCF52,1,13,8,-0.019797544724784264
TTKO,Constitutive_LMR-CTCF52,1,17,8,0.01677151643453117
TTKO,Constitutive_LMR-CTCF52,1,29,8,-0.042602536314349314
TTKO,Constitutive_LMR-CTCF52,2,4,8,0.026686692974208538
TTKO,Constitutive_LMR-CTCF52,2,8,8,0.0451889757024333
TTKO,Constitutive_LMR-CTCF52,2,10,8,0.040892696667070516
TTKO,Constitutive_LMR-CTCF52,2,13,8,0.08125563286747156
TTKO,Constitutive_LMR-CTCF52,2,17,8,0.026815142484524657
TTKO,Constitutive_LMR-CTCF52,2,29,8,-0.01107655349063829
TTKO,Constitutive_LMR-CTCF52,3,4,8,0.0990831785690171
TTKO,Constitutive_LMR-CTCF52,3,8,8,0.16023247589928963
TTKO,Constitutive_LMR-CTCF52,3,10,8,0.0861010729292644
TTKO,Constitutive_LMR-CTCF52,3,13,8,0.1279252605360679
TTKO,Constitutive_LMR-CTCF52,3,17,8,0.06484766703632679
TTKO,Constitutive_LMR-CTCF53,1,4,3,-0.07706564427882186
TTKO,Constitutive_LMR-CTCF53,1,8,3,-0.01815400149448893
TTKO,Constitutive_LMR-CTCF53,1,10,3,-0.06588327863980716
TTKO,Constitutive_LMR-CTCF53,1,13,3,0.04617995550689787
TTKO,Constitutive_LMR-CTCF53,1,17,3,0.1006619642534739
TTKO,Constitutive_LMR-CTCF53,1,29,3,-0.06465521834989542
TTKO,Constitutive_LMR-CTCF53,2,4,3,0.03484692774401793
TTKO,Constitutive_LMR-CTCF53,2,8,3,0.012283823875870155
TTKO,Constitutive_LMR-CTCF53,2,10,3,-0.032954721850870346
TTKO,Constitutive_LMR-CTCF53,2,13,3,-0.07059918754590748
TTKO,Constitutive_LMR-CTCF53,2,17,3,0.009059643360587908
TTKO,Constitutive_LMR-CTCF53,2,29,3,-0.08387542507963182
TTKO,Constitutive_LMR-CTCF53,3,4,3,0.020039981736292126
TTKO,Constitutive_LMR-CTCF53,3,8,3,0.07308145848283333
TTKO,Constitutive_LMR-CTCF53,3,10,3,0.12952816280277865
TTKO,Constitutive_LMR-CTCF53,3,13,3,0.041352240839752516
TTKO,Constitutive_LMR-CTCF53,3,17,3,0.04081547677448253
TTKO,Constitutive_LMR-CTCF53,3,29,3,-0.018312289002468157
TTKO,Constitutive_LMR-REST56,1,4,8,-0.004854086061732408
TTKO,Constitutive_LMR-REST56,1,8,8,0.004694326152919179
TTKO,Constitutive_LMR-REST56,1,10,8,-0.002395420720319694
TTKO,Constitutive_LMR-REST56,1,13,8,0.02544771659233975
TTKO,Constitutive_LMR-REST56,1,17,8,-0.04430473517868168
TTKO,Constitutive_LMR-REST56,1,29,8,-0.036963723006960485
TTKO,Constitutive_LMR-REST56,2,4,8,0.07685824321845837
TTKO,Constitutive_LMR-REST56,2,8,8,0.07175844366310907
TTKO,Constitutive_LMR-REST56,2,10,8,0.027868337340207036
TTKO,Constitutive_LMR-REST56,2,13,8,0.05645639920360499
TTKO,Constitutive_LMR-REST56,2,17,8,0.052628661369033644
TTKO,Constitutive_LMR-REST56,2,29,8,0.04799498972049118
TTKO,Constitutive_LMR-REST56,3,4,8,-0.033686619893499296
TTKO,Constitutive_LMR-REST56,3,8,8,-0.0005561040356460009
TTKO,Constitutive_LMR-REST56,3,10,8,-0.01795439278720821
TTKO,Constitutive_LMR-REST56,3,13,8,0.0074293028553244
TTKO,Constitutive_LMR-REST56,3,17,8,-0.05247109863664602
TTKO,Constitutive_LMR-REST56,3,29,8,-0.029803101230657658
TTKO,Constitutive_LMR-REST60,1,4,3,-0.0721691367622449
TTKO,Constitutive_LMR-REST60,1,8,3,-0.02435517440248718
TTKO,Constitutive_LMR-REST60,1,10,3,-0.019554720784332742
TTKO,Constitutive_LMR-REST60,1,13,3,-0.08306930762811142
TTKO,Constitutive_LMR-REST60,1,17,3,-0.0056387856800279535
TTKO,Constitutive_LMR-REST60,1,29,3,-0.03556275764230144
TTKO,Constitutive_LMR-REST60,2,4,3,-0.06518194444280793
TTKO,Constitutive_LMR-REST60,2,8,3,-0.04899759717055812
TTKO,Constitutive_LMR-REST60,2,10,3,-0.024231718064705476
TTKO,Constitutive_LMR-REST60,2,13,3,-0.013240429996165343
TTKO,Constitutive_LMR-REST60,2,17,3,-0.02575459562360923
TTKO,Constitutive_LMR-REST60,2,29,3,-0.014495146296341542
TTKO,Constitutive_LMR-REST60,3,4,3,0.0004788593788191582
TTKO,Constitutive_LMR-REST60,3,8,3,-0.012928985850653685
TTKO,Constitutive_LMR-REST60,3,10,3,-0.06275314394171096
TTKO,Constitutive_LMR-REST60,3,13,3,0.03030957180902295
TTKO,Constitutive_LMR-REST60,3,17,3,0.04893687028621202
TTKO,Constitutive_LMR-REST60,3,29,3,0.019484067685967565
TTKO,Constitutive_LMR-REST61,1,4,9,-0.019140700700329947
TTKO,Constitutive_LMR-REST61,1,8,9,-0.04289128203780837
TTKO,Constitutive_LMR-REST61,1,10,9,-0.028671361076332797
TTKO,Constitutive_LMR-REST61,1,13,9,-0.06978345386264954
TTKO,Constitutive_LMR-REST61,1,17,9,0.05650689734725514
TTKO,Constitutive_LMR-REST61,1,29,9,-0.04274963757094492
TTKO,Constitutive_LMR-REST61,2,4,9,-0.019572490273983646
TTKO,Constitutive_LMR-REST61,2,8,9,-0.04593512968129265
TTKO,Constitutive_LMR-REST61,2,10,9,0.014475492666758794
TTKO,Constitutive_LMR-REST61,2,13,9,0.008668610493077267
TTKO,Constitutive_LMR-REST61,2,17,9,-0.010180410850986955
TTKO,Constitutive_LMR-REST61,2,29,9,0.03730987166814736
TTKO,Constitutive_LMR-REST61,3,4,9,0.007902692666599487
TTKO,Constitutive_LMR-REST61,3,8,9,0.035459175993105295
TTKO,Constitutive_LMR-REST61,3,10,9,0.0234093905210616
TTKO,Constitutive_LMR-REST61,3,13,9,0.04070607652016222
TTKO,Constitutive_LMR-REST61,3,17,9,-0.009732293624200083
TTKO,Constitutive_LMR-REST61,3,29,9,-0.0046719286075323375
TTKO,Constitutive_LMR-REST64,1,4,14,-0.005434365932710871
TTKO,Constitutive_LMR-REST64,1,8,14,-0.014775868205985214
TTKO,Constitutive_LMR-REST64,1,10,14,-0.018246729451844492
TTKO,Constitutive_LMR-REST64,1,13,14,-0.043457045881160165
TTKO,Constitutive_LMR-REST64,1,17,14,-0.003773326069344361
TTKO,Constitutive_LMR-REST64,1,29,14,-0.04219264735109431
TTKO,Constitutive_LMR-REST64,2,4,14,-0.044531884864445204
TTKO,Constitutive_LMR-REST64,2,8,14,-0.03321349232327171
TTKO,Constitutive_LMR-REST64,2,10,14,-0.04415862259991816
TTKO,Constitutive_LMR-REST64,2,13,14,-0.009576097206893525
TTKO,Constitutive_LMR-REST64,2,17,14,-0.04774723815658154
TTKO,Constitutive_LMR-REST64,2,29,14,-0.05734006612266941
TTKO,Constitutive_LMR-REST64,3,4,14,-0.02380775134681084
TTKO,Constitutive_LMR-REST64,3,8,14,-0.02954805867716609
TTKO,Constitutive_LMR-REST64,3,10,14,-0.015464025065711453
TTKO,Constitutive_LMR-REST64,3,13,14,-0.01866020334704937
TTKO,Constitutive_LMR-REST64,3,17,14,-0.0145646984340411
TTKO,Constitutive_LMR-REST64,3,29,14,-0.026681263207666155
TTKO,Constitutive_LMR-REST68,1,4,3,0.017519097982690007
TTKO,Constitutive_LMR-REST68,1,8,3,0.03639331996618337
TTKO,Constitutive_LMR-REST68,1,10,3,0.08264766082036712
TTKO,Constitutive_LMR-REST68,1,13,3,0.07059031461548171
TTKO,Constitutive_LMR-REST68,1,17,3,0.06620161321730035
TTKO,Constitutive_LMR-REST68,1,29,3,0.04343944832648153
TTKO,Constitutive_LMR-REST68,2,4,3,0.054193734059492404
TTKO,Constitutive_LMR-REST68,2,8,3,0.07111350172776722
TTKO,Constitutive_LMR-REST68,2,10,3,0.09293830664099485
TTKO,Constitutive_LMR-REST68,2,13,3,0.09808066596459812
TTKO,Constitutive_LMR-REST68,2,17,3,0.0895671383025861
TTKO,Constitutive_LMR-REST68,2,29,3,0.027837030915221373
TTKO,Constitutive_LMR-REST68,3,4,3,0.014543801890044615
TTKO,Constitutive_LMR-REST68,3,8,3,0.07800810102111519
TTKO,Constitutive_LMR-REST68,3,10,3,0.08163730823798769
TTKO,Constitutive_LMR-REST68,3,13,3,0.07920836943105335
TTKO,Constitutive_LMR-REST68,3,17,3,0.10689220255575642
TTKO,Constitutive_LMR-REST68,3,29,3,0.019444134992768737
TTKO,Constitutive_LMR-REST69,1,4,8,0.008589668954465526
TTKO,Constitutive_LMR-REST69,1,8,8,-0.049419150687455324
TTKO,Constitutive_LMR-REST69,1,10,8,0.010980397879742186
TTKO,Constitutive_LMR-REST69,1,13,8,0.002190576952079316
TTKO,Constitutive_LMR-REST69,1,17,8,0.027181604810087412
TTKO,Constitutive_LMR-REST69,1,29,8,-0.011909291737857926
TTKO,Constitutive_LMR-REST69,2,4,8,0.04531295300918148
TTKO,Constitutive_LMR-REST69,2,8,8,-0.030220947241758656
TTKO,Constitutive_LMR-REST69,2,10,8,-0.013245930160261772
TTKO,Constitutive_LMR-REST69,2,13,8,-0.013967071511755025
TTKO,Constitutive_LMR-REST69,2,17,8,-0.011073022479104484
TTKO,Constitutive_LMR-REST69,2,29,8,-0.0367897195840219
TTKO,Constitutive_LMR-REST69,3,4,8,-0.002191754508593111
TTKO,Constitutive_LMR-REST69,3,8,8,-0.046775280509141065
TTKO,Constitutive_LMR-REST69,3,10,8,-0.013984695254669822
TTKO,Constitutive_LMR-REST69,3,13,8,-0.01317998562343844
TTKO,Constitutive_LMR-REST69,3,17,8,-0.012972902626504683
TTKO,Constitutive_LMR-REST69,3,29,8,-0.02596739289176113
TTKO,Constitutive_LMR-REST74,1,4,9,-0.017391497955701777
TTKO,Constitutive_LMR-REST74,1,8,9,0.02669082933181936
TTKO,Constitutive_LMR-REST74,1,10,9,0.051402792935115765
TTKO,Constitutive_LMR-REST74,1,13,9,0.061345317510270725
TTKO,Constitutive_LMR-REST74,1,17,9,0.03150612864396619
TTKO,Constitutive_LMR-REST74,1,29,9,0.030479864888403707
TTKO,Constitutive_LMR-REST74,2,4,9,-0.0014294704001249691
TTKO,Constitutive_LMR-REST74,2,8,9,0.015852288260739377
TTKO,Constitutive_LMR-REST74,2,10,9,0.018612603610374482
TTKO,Constitutive_LMR-REST74,2,13,9,0.06042118359445971
TTKO,Constitutive_LMR-REST74,2,17,9,0.06030257155739624
TTKO,Constitutive_LMR-REST74,2,29,9,-0.012580236826230112
TTKO,Constitutive_LMR-REST74,3,4,9,0.05298461583517048
TTKO,Constitutive_LMR-REST74,3,8,9,0.026918118019647323
TTKO,Constitutive_LMR-REST74,3,10,9,0.0418791514219024
TTKO,Constitutive_LMR-REST74,3,13,9,0.027491565586886615
TTKO,Constitutive_LMR-REST74,3,17,9,0.04701290203443417
TTKO,Constitutive_LMR-REST74,3,29,9,0.010315135658337391
TTKO,Constitutive_LMR-REST75,1,4,6,-0.058764826900453655
TTKO,Constitutive_LMR-REST75,1,8,6,0.02790072831038637
TTKO,Constitutive_LMR-REST75,1,10,6,-0.013226446448160484
TTKO,Constitutive_LMR-REST75,1,13,6,0.08284843303157602
TTKO,Constitutive_LMR-REST75,1,17,6,-0.05105004201278404
TTKO,Constitutive_LMR-REST75,1,29,6,-0.011029848330983147
TTKO,Constitutive_LMR-REST75,2,4,6,0.04172276868629052
TTKO,Constitutive_LMR-REST75,2,8,6,0.053080038514569806
TTKO,Constitutive_LMR-REST75,2,10,6,0.012902995054429664
TTKO,Constitutive_LMR-REST75,2,13,6,0.100277330728389
TTKO,Constitutive_LMR-REST75,2,17,6,0.03907278763935717
TTKO,Constitutive_LMR-REST75,2,29,6,0.04524603395417684
TTKO,Constitutive_LMR-REST75,3,4,6,-0.011384436817139826
TTKO,Constitutive_LMR-REST75,3,8,6,0.09863405657012919
TTKO,Constitutive_LMR-REST75,3,10,6,0.06653333676756867
TTKO,Constitutive_LMR-REST75,3,13,6,0.06062530423292251
TTKO,Constitutive_LMR-REST75,3,17,6,0.080211464617947
TTKO,Constitutive_LMR-REST75,3,29,6,0.055803429318414845
TTKO,Constitutive_LMR-REST76,1,4,3,-0.03370843316885813
TTKO,Constitutive_LMR-REST76,1,8,3,-0.05901415359892028
TTKO,Constitutive_LMR-REST76,1,10,3,-0.030985017319442698
TTKO,Constitutive_LMR-REST76,1,13,3,-0.027286522780664842
TTKO,Constitutive_LMR-REST76,1,17,3,0.02264082322790821
TTKO,Constitutive_LMR-REST76,1,29,3,-0.011193224509403299
TTKO,Constitutive_LMR-REST76,2,4,3,-0.025966752729095266
TTKO,Constitutive_LMR-REST76,2,8,3,-0.05750357243969407
TTKO,Constitutive_LMR-REST76,2,10,3,-0.02606530602342814
TTKO,Constitutive_LMR-REST76,2,13,3,0.0128070481313823
TTKO,Constitutive_LMR-REST76,2,17,3,-0.008304939360229304
TTKO,Constitutive_LMR-REST76,2,29,3,-0.0007430467935283699
TTKO,Constitutive_LMR-REST76,3,4,3,-0.03308923181584417
TTKO,Constitutive_LMR-REST76,3,8,3,-0.035391434827927094
TTKO,Constitutive_LMR-REST76,3,10,3,-0.051026118186812096
TTKO,Constitutive_LMR-REST76,3,13,3,-0.042809400860007306
TTKO,Constitutive_LMR-REST76,3,17,3,-0.019383664039676066
TTKO,Constitutive_LMR-REST76,3,29,3,-0.027743132512978132
TTKO,Constitutive_LMR-REST77,1,4,3,-0.031180795271840905
TTKO,Constitutive_LMR-REST77,1,8,3,-0.004536334153795975
TTKO,Constitutive_LMR-REST77,1,10,3,0.056103177007453896
TTKO,Constitutive_LMR-REST77,1,13,3,-0.010224052576792946
TTKO,Constitutive_LMR-REST77,1,17,3,0.030899324648886794
TTKO,Constitutive_LMR-REST77,1,29,3,0.011143669695037032
TTKO,Constitutive_LMR-REST77,2,4,3,-0.04346217331237493
TTKO,Constitutive_LMR-REST77,2,8,3,-0.010080526098800072
TTKO,Constitutive_LMR-REST77,2,10,3,0.026370482601400128
TTKO,Constitutive_LMR-REST77,2,13,3,0.0474610287040913
TTKO,Constitutive_LMR-REST77,2,17,3,0.02874321605257127
TTKO,Constitutive_LMR-REST77,2,29,3,-0.025077067012460496
TTKO,Constitutive_LMR-REST77,3,4,3,0.041518158714130234
TTKO,Constitutive_LMR-REST77,3,8,3,0.0593749485793268
TTKO,Constitutive_LMR-REST77,3,10,3,0.02320930111790646
TTKO,Constitutive_LMR-REST77,3,13,3,0.0380478879792441
TTKO,Constitutive_LMR-REST77,3,17,3,0.086686475739008
TTKO,Constitutive_LMR-REST77,3,29,3,0.0275131581581083
TTKO,Constitutive_LMR-REST78,1,4,5,-0.012183838214083
TTKO,Constitutive_LMR-REST78,1,8,5,-0.0010675653441911584
TTKO,Constitutive_LMR-REST78,1,10,5,0.011731239668497258
TTKO,Constitutive_LMR-REST78,1,13,5,0.0017956722800562333
TTKO,Constitutive_LMR-REST78,1,17,5,0.09733402448649932
TTKO,Constitutive_LMR-REST78,1,29,5,-0.011245222730552753
TTKO,Constitutive_LMR-REST78,2,4,5,-0.03888030883524771
TTKO,Constitutive_LMR-REST78,2,8,5,-0.013514539313007718
TTKO,Constitutive_LMR-REST78,2,10,5,0.05659589992021853
TTKO,Constitutive_LMR-REST78,2,13,5,0.049727352606564704
TTKO,Constitutive_LMR-REST78,2,17,5,0.01324372990444106
TTKO,Constitutive_LMR-REST78,2,29,5,-0.02426069275718044
TTKO,Constitutive_LMR-REST78,3,4,5,0.008880403250915351
TTKO,Constitutive_LMR-REST78,3,8,5,0.000650417281130004
TTKO,Constitutive_LMR-REST78,3,10,5,0.02283285002967394
TTKO,Constitutive_LMR-REST78,3,13,5,-0.0018656448451070044
TTKO,Constitutive_LMR-REST78,3,17,5,0.022007455551184524
TTKO,Constitutive_LMR-REST78,3,29,5,-0.038164978520649415
TTKO,Constitutive_LMR-REST79,1,4,4,-0.03387867588464864
TTKO,Constitutive_LMR-REST79,1,8,4,-0.032037274525130915
TTKO,Constitutive_LMR-REST79,1,10,4,-0.030559988532282714
TTKO,Constitutive_LMR-REST79,1,13,4,-0.032007108943135826
TTKO,Constitutive_LMR-REST79,1,17,4,0.0071000906270925115
TTKO,Constitutive_LMR-REST79,1,29,4,-0.04328521136670091
TTKO,Constitutive_LMR-REST79,2,4,4,-0.031985067741209905
TTKO,Constitutive_LMR-REST79,2,8,4,-0.02614556702154919
TTKO,Constitutive_LMR-REST79,2,10,4,-0.008301908693136151
TTKO,Constitutive_LMR-REST79,2,13,4,0.0017588227212534963
TTKO,Constitutive_LMR-REST79,2,17,4,0.005622253317725477
TTKO,Constitutive_LMR-REST79,2,29,4,-0.0014639219182847334
TTKO,Constitutive_LMR-REST79,3,4,4,-0.030465442789583443
TTKO,Constitutive_LMR-REST79,3,8,4,-0.03466310880390246
TTKO,Constitutive_LMR-REST79,3,10,4,-0.03711661912672684
TTKO,Constitutive_LMR-REST79,3,13,4,-0.02822031092959871
TTKO,Constitutive_LMR-REST79,3,17,4,-0.024131716677772058
TTKO,Constitutive_LMR-REST79,3,29,4,-0.013459591660112853
TTKO,Constitutive_LMR-REST80,1,4,9,0.003304024320996977
TTKO,Constitutive_LMR-REST80,1,8,9,-0.015473062011026606
TTKO,Constitutive_LMR-REST80,1,10,9,0.10087083884273253
TTKO,Constitutive_LMR-REST80,1,13,9,0.015814305458855833
TTKO,Constitutive_LMR-REST80,1,17,9,-0.03788604265990624
TTKO,Constitutive_LMR-REST80,1,29,9,-0.06760913742490036
TTKO,Constitutive_LMR-REST80,2,4,9,0.08820596082189505
TTKO,Constitutive_LMR-REST80,2,8,9,0.031763330335150386
TTKO,Constitutive_LMR-REST80,2,10,9,0.08932918193446884
TTKO,Constitutive_LMR-REST80,2,13,9,0.02303143528866853
TTKO,Constitutive_LMR-REST80,2,17,9,0.05077464525588529
TTKO,Constitutive_LMR-REST80,2,29,9,-0.050448691814604346
TTKO,Constitutive_LMR-REST80,3,4,9,0.020301534449384546
TTKO,Constitutive_LMR-REST80,3,8,9,0.08513453416459882
TTKO,Constitutive_LMR-REST80,3,10,9,0.12178614231419568
TTKO,Constitutive_LMR-REST80,3,13,9,0.04931329780988869
TTKO,Constitutive_LMR-REST80,3,17,9,0.057926132871118
TTKO,Constitutive_LMR-REST80,3,29,9,-0.02968675946126816
TTKO,Constitutive_LMR-REST84,1,4,2,-0.03349943944042025
TTKO,Constitutive_LMR-REST84,1,8,2,-0.04984504606370805
TTKO,Constitutive_LMR-REST84,1,10,2,-0.009111234384829695
TTKO,Constitutive_LMR-REST84,1,13,2,0.022013513579139304
TTKO,Constitutive_LMR-REST84,1,17,2,-0.0763315771831945
TTKO,Constitutive_LMR-REST84,1,29,2,-0.042065074685673796
TTKO,Constitutive_LMR-REST84,2,4,2,-0.022411238759731354
TTKO,Constitutive_LMR-REST84,2,8,2,-0.0030815182029896478
TTKO,Constitutive_LMR-REST84,2,10,2,0.013767348164870595
TTKO,Constitutive_LMR-REST84,2,13,2,0.002944388836904642
TTKO,Constitutive_LMR-REST84,2,17,2,0.017250650454469493
TTKO,Constitutive_LMR-REST84,2,29,2,-0.015461670505624515
TTKO,Constitutive_LMR-REST84,3,4,2,-0.022865675506829955
TTKO,Constitutive_LMR-REST84,3,8,2,-0.033577108439517944
TTKO,Constitutive_LMR-REST84,3,10,2,-0.001495376270277491
TTKO,Constitutive_LMR-REST84,3,13,2,-0.043144829401982304
TTKO,Constitutive_LMR-REST84,3,17,2,0.0006311690894990028
TTKO,Constitutive_LMR-REST84,3,29,2,-0.032606380015977945
TTKO,Constitutive_LMR-REST85,1,4,3,0.0024643621289073664
TTKO,Constitutive_LMR-REST85,1,8,3,-0.01562793370281983
TTKO,Constitutive_LMR-REST85,1,10,3,0.05117418394006216
TTKO,Constitutive_LMR-REST85,1,13,3,-0.007687966102134493
TTKO,Constitutive_LMR-REST85,1,17,3,0.0664914561449594
TTKO,Constitutive_LMR-REST85,1,29,3,-0.01679269345935969
TTKO,Constitutive_LMR-REST85,2,4,3,0.012759834262468026
TTKO,Constitutive_LMR-REST85,2,8,3,0.029363032322104594
TTKO,Constitutive_LMR-REST85,2,10,3,0.00800515661136036
TTKO,Constitutive_LMR-REST85,2,13,3,0.02224476468115712
TTKO,Constitutive_LMR-REST85,2,17,3,0.023389367803212758
TTKO,Constitutive_LMR-REST85,2,29,3,-0.007754820150954939
TTKO,Constitutive_LMR-REST85,3,4,3,0.045324347571345645
TTKO,Constitutive_LMR-REST85,3,8,3,0.049215554735350574
TTKO,Constitutive_LMR-REST85,3,10,3,0.025643553446229168
TTKO,Constitutive_LMR-REST85,3,13,3,0.040867746595989025
TTKO,Constitutive_LMR-REST85,3,17,3,0.061756672205431525
TTKO,Constitutive_LMR-REST85,3,29,3,0.029551750699803935
TTKO,Constitutive_LMR-REST86,1,4,2,-0.02240630930321125
TTKO,Constitutive_LMR-REST86,1,8,2,0.1066900396805597
TTKO,Constitutive_LMR-REST86,1,10,2,0.0191195333432118
TTKO,Constitutive_LMR-REST86,1,13,2,0.006562963863054749
TTKO,Constitutive_LMR-REST86,1,17,2,-0.011479422404240951
TTKO,Constitutive_LMR-REST86,1,29,2,-0.015922660749526897
TTKO,Constitutive_LMR-REST86,2,4,2,-0.030363847603518995
TTKO,Constitutive_LMR-REST86,2,8,2,0.08764288885178415
TTKO,Constitutive_LMR-REST86,2,10,2,0.0080835771505999
TTKO,Constitutive_LMR-REST86,2,13,2,0.009571880455796903
TTKO,Constitutive_LMR-REST86,2,17,2,0.0009892849536095993
TTKO,Constitutive_LMR-REST86,2,29,2,-0.012968533724787401
TTKO,Constitutive_LMR-REST86,3,4,2,-0.022179970301284938
TTKO,Constitutive_LMR-REST86,3,8,2,0.0031677238878501553
TTKO,Constitutive_LMR-REST86,3,10,2,-0.004072476420357796
TTKO,Constitutive_LMR-REST86,3,13,2,-0.022819568384878846
TTKO,Constitutive_LMR-REST86,3,17,2,-0.012063838900315446
TTKO,Constitutive_LMR-REST86,3,29,2,-0.020201156028231346
TTKO,Constitutive_LMR-REST88,1,4,2,0.018825653671039402
TTKO,Constitutive_LMR-REST88,1,8,2,-0.015373240694068414
TTKO,Constitutive_LMR-REST88,1,10,2,0.026391472489796196
TTKO,Constitutive_LMR-REST88,1,13,2,0.022361910215347402
TTKO,Constitutive_LMR-REST88,1,17,2,0.0501428213798946
TTKO,Constitutive_LMR-REST88,1,29,2,0.0038217868080652004
TTKO,Constitutive_LMR-REST88,2,4,2,0.0203570084953658
TTKO,Constitutive_LMR-REST88,2,8,2,0.0354542673711887
TTKO,Constitutive_LMR-REST88,2,10,2,-0.004303933803615753
TTKO,Constitutive_LMR-REST88,2,13,2,0.027592871766219402
TTKO,Constitutive_LMR-REST88,2,17,2,-0.009722241732024451
TTKO,Constitutive_LMR-REST88,2,29,2,0.002144453549414398
TTKO,Constitutive_LMR-REST88,3,4,2,-0.004030300384618404
TTKO,Constitutive_LMR-REST88,3,8,2,0.03268632388434295
TTKO,Constitutive_LMR-REST88,3,10,2,-0.008618252305782902
TTKO,Constitutive_LMR-REST88,3,13,2,-0.011521185967469821
TTKO,Constitutive_LMR-REST88,3,17,2,0.009652210707826446
TTKO,Constitutive_LMR-REST88,3,29,2,-0.012465679167360752
TTKO,ES-specific_LMR27,1,4,20,0.03770070488175255
TTKO,ES-specific_LMR27,1,8,20,0.021835059716253425
TTKO,ES-specific_LMR27,1,10,20,0.047958554634877505
TTKO,ES-specific_LMR27,1,13,20,-0.027706106994534768
TTKO,ES-specific_LMR27,1,17,20,-0.004366934836057391
TTKO,ES-specific_LMR27,1,29,20,-0.014534573982216447
TTKO,ES-specific_LMR27,2,4,20,0.034807784709305914
TTKO,ES-specific_LMR27,2,8,20,0.04134040003904735
TTKO,ES-specific_LMR27,2,10,20,0.016655982132450245
TTKO,ES-specific_LMR27,2,13,20,0.03328333827560766
TTKO,ES-specific_LMR27,2,17,20,-0.0181788412390149
TTKO,ES-specific_LMR27,2,29,20,-0.05242678720163021
TTKO,ES-specific_LMR27,3,4,20,0.0673578339083093
TTKO,ES-specific_LMR27,3,8,20,0.0384590851280599
TTKO,ES-specific_LMR27,3,10,20,-0.003134263139617931
TTKO,ES-specific_LMR27,3,13,20,0.00818542479242607
TTKO,ES-specific_LMR27,3,17,20,-0.0361965756068366
TTKO,ES-specific_LMR27,3,29,20,-0.07508796915173964
TTKO,ES-specific_LMR28,1,4,13,-0.00046510798803578446
TTKO,ES-specific_LMR28,1,8,13,0.025228643244777523
TTKO,ES-specific_LMR28,1,10,13,0.02122524752031929
TTKO,ES-specific_LMR28,1,13,13,0.00021846016970821907
TTKO,ES-specific_LMR28,1,17,13,-0.00858214954281539
TTKO,ES-specific_LMR28,1,29,13,0.009821838000419154
TTKO,ES-specific_LMR28,2,4,13,-0.03543956807422975
TTKO,ES-specific_LMR28,2,8,13,-0.026413450918739374
TTKO,ES-specific_LMR28,2,10,13,-0.00448082109847813
TTKO,ES-specific_LMR28,2,13,13,-0.022758519157627978
TTKO,ES-specific_LMR28,2,17,13,-0.007955209559731067
TTKO,ES-specific_LMR28,2,29,13,-0.018871021206173916
TTKO,ES-specific_LMR28,3,4,13,-0.00035748085375408
TTKO,ES-specific_LMR28,3,8,13,-0.011239622426814234
TTKO,ES-specific_LMR28,3,10,13,0.016374610846326146
TTKO,ES-specific_LMR28,3,13,13,0.015921337411450368
TTKO,ES-specific_LMR28,3,17,13,0.011877093074153163
TTKO,ES-specific_LMR28,3,29,13,0.007101725801188772
TTKO,ES-specific_LMR30,1,4,4,0.004314620151253765
TTKO,ES-specific_LMR30,1,8,4,0.0429377319699195
TTKO,ES-specific_LMR30,1,10,4,-0.03197353648976476
TTKO,ES-specific_LMR30,1,17,4,0.04990748081283851
TTKO,ES-specific_LMR30,1,29,4,-0.10765131054624448
TTKO,ES-specific_LMR30,2,4,4,-0.0184210231546535
TTKO,ES-specific_LMR30,2,8,4,-0.14382751496030105
TTKO,ES-specific_LMR30,2,10,4,-0.1245931153005635
TTKO,ES-specific_LMR30,2,13,4,-0.04325423143553574
TTKO,ES-specific_LMR30,2,17,4,-0.107537241012048
TTKO,ES-specific_LMR30,2,29,4,-0.1169382804919225
TTKO,ES-specific_LMR30,3,4,4,-0.004025316608362729
TTKO,ES-specific_LMR30,3,8,4,0.09170185628049778
TTKO,ES-specific_LMR30,3,10,4,0.026283806428978276
TTKO,ES-specific_LMR30,3,13,4,-0.07204257703973574
TTKO,ES-specific_LMR30,3,17,4,-0.012321006520959243
TTKO,ES-specific_LMR30,3,29,4,-0.07250762616458223
TTKO,ES-specific_LMR32,1,4,6,0.012558269499296672
TTKO,ES-specific_LMR32,1,8,6,0.17989872287665984
TTKO,ES-specific_LMR32,1,10,6,0.02016967637530299
TTKO,ES-specific_LMR32,1,13,6,0.13799974002656265
TTKO,ES-specific_LMR32,1,17,6,0.12229903465519269
TTKO,ES-specific_LMR32,1,29,6,0.010245900821706162
TTKO,ES-specific_LMR32,2,4,6,0.30820695663234904
TTKO,ES-specific_LMR32,2,8,6,0.066448961057836
TTKO,ES-specific_LMR32,2,10,6,0.025076875308528004
TTKO,ES-specific_LMR32,2,13,6,0.07736645056843847
TTKO,ES-specific_LMR32,2,17,6,0.0063641080494331636
TTKO,ES-specific_LMR32,2,29,6,-0.018136722579162896
TTKO,ES-specific_LMR32,3,4,6,0.15713394398320535
TTKO,ES-specific_LMR32,3,8,6,0.16516386188978618
TTKO,ES-specific_LMR32,3,10,6,0.0022304945877768315
TTKO,ES-specific_LMR32,3,13,6,-0.0065861967551364324
TTKO,ES-specific_LMR32,3,17,6,0.07517819273750069
TTKO,ES-specific_LMR32,3,29,6,0.02207360067128984
TTKO,ES-specific_LMR33,1,4,10,-0.018653833959971694
TTKO,ES-specific_LMR33,1,8,10,-0.03256726736281587
TTKO,ES-specific_LMR33,1,10,10,0.007375964415496905
TTKO,ES-specific_LMR33,1,13,10,0.038384892802045295
TTKO,ES-specific_LMR33,1,17,10,0.048401547964431316
TTKO,ES-specific_LMR33,1,29,10,-0.03722631891251039
TTKO,ES-specific_LMR33,2,4,10,0.11983964720760858
TTKO,ES-specific_LMR33,2,8,10,0.07480660607985509
TTKO,ES-specific_LMR33,2,10,10,0.025696377085133594
TTKO,ES-specific_LMR33,2,13,10,0.09245515056128122
TTKO,ES-specific_LMR33,2,17,10,0.06662744648326199
TTKO,ES-specific_LMR33,2,29,10,-0.0590583618662862
TTKO,ES-specific_LMR33,3,4,10,0.1235850449670842
TTKO,ES-specific_LMR33,3,8,10,0.16534982072852428
TTKO,ES-specific_LMR33,3,10,10,0.16025779787869832
TTKO,ES-specific_LMR33,3,13,10,0.1163484858133464
TTKO,ES-specific_LMR33,3,17,10,0.16367092251064644
TTKO,ES-specific_LMR33,3,29,10,0.03769565029438039
TTKO,ES-specific_LMR34,1,4,11,-0.015708270273292725
TTKO,ES-specific_LMR34,1,8,11,-0.09360671307288118
TTKO,ES-specific_LMR34,1,10,11,-0.013547067577137277
TTKO,ES-specific_LMR34,1,13,11,-0.004366313607848565
TTKO,ES-specific_LMR34,1,17,11,0.08356986603590855
TTKO,ES-specific_LMR34,1,29,11,-0.030603432572479106
TTKO,ES-specific_LMR34,2,4,11,-0.00776734936453371
TTKO,ES-specific_LMR34,2,8,11,0.01602532201296973
TTKO,ES-specific_LMR34,2,10,11,0.011644503130228013
TTKO,ES-specific_LMR34,2,13,11,0.04936798993622283
TTKO,ES-specific_LMR34,2,17,11,0.0052305043170091155
TTKO,ES-specific_LMR34,2,29,11,-0.04258068893422572
TTKO,ES-specific_LMR34,3,4,11,0.047933247700031
TTKO,ES-specific_LMR34,3,8,11,0.04541434607807538
TTKO,ES-specific_LMR34,3,10,11,0.015134390722789553
TTKO,ES-specific_LMR34,3,13,11,0.03774398021372256
TTKO,ES-specific_LMR34,3,17,11,0.06374877486617128
TTKO,ES-specific_LMR34,3,29,11,0.00299880108312473
TTKO,FMR4,1,4,4,0.01765330910315105
TTKO,FMR4,1,8,4,0.07156612401072426
TTKO,FMR4,1,10,4,0.039343968324050294
TTKO,FMR4,1,13,4,0.07716236019153502
TTKO,FMR4,1,17,4,0.09855882634189875
TTKO,FMR4,1,29,4,0.022578232382670538
TTKO,FMR4,2,4,4,-0.05099103403125749
TTKO,FMR4,2,8,4,-0.0030809979313117797
TTKO,FMR4,2,10,4,0.02440854807937723
TTKO,FMR4,2,13,4,0.08026774804856623
TTKO,FMR4,2,17,4,0.056348314439556235
TTKO,FMR4,2,29,4,0.012244510543733017
TTKO,FMR4,3,4,4,0.055511384218924986
TTKO,FMR4,3,8,4,0.009330790239817754
TTKO,FMR4,3,10,4,0.11578189821129922
TTKO,FMR4,3,13,4,0.10242984242402078
TTKO,FMR4,3,17,4,0.08754119931023777
TTKO,FMR4,3,29,4,0.05413954133527074
TTKO,FMR5,1,4,4,-0.054784805189647984
TTKO,FMR5,1,8,4,-0.0932701496352715
TTKO,FMR5,1,10,4,-0.028702115989228255
TTKO,FMR5,1,13,4,-0.0386790659900845
TTKO,FMR5,1,17,4,-0.12883707299539124
TTKO,FMR5,1,29,4,-0.056691396689068724
TTKO,FMR5,2,4,4,0.05426946578699149
TTKO,FMR5,2,8,4,0.018263345101728723
TTKO,FMR5,2,10,4,0.02629865647024074
TTKO,FMR5,2,13,4,0.03250376598912402
TTKO,FMR5,2,17,4,0.030860924565250275
TTKO,FMR5,2,29,4,-0.03715342579050654
TTKO,FMR5,3,4,4,0.0005461449925004969
TTKO,FMR5,3,8,4,0.00511511523860525
TTKO,FMR5,3,10,4,0.02867830861855153
TTKO,FMR5,3,13,4,0.05609670720979776
TTKO,FMR5,3,17,4,0.06695082004560626
TTKO,FMR5,3,29,4,-0.0033811566091689615
TTKO,FMR6,1,4,2,0.01666073078726893
TTKO,FMR6,1,8,2,-0.009559836200317029
TTKO,FMR6,1,10,2,0.01219016416538199
TTKO,FMR6,1,13,2,0.06987239844099591
TTKO,FMR6,1,17,2,0.05883607019839998
TTKO,FMR6,1,29,2,0.005649402114455471
TTKO,FMR6,2,4,2,0.048986593373151976
TTKO,FMR6,2,8,2,0.015493678363204477
TTKO,FMR6,2,10,2,-0.026813727822025513
TTKO,FMR6,2,13,2,0.008194358759164022
TTKO,FMR6,2,17,2,0.024013850381844004
TTKO,FMR6,2,29,2,0.0019293614922569757
TTKO,FMR6,3,4,2,-0.008788383495785035
TTKO,FMR6,3,8,2,0.041246640044269534
TTKO,FMR6,3,10,2,0.0010723350917999919
TTKO,FMR6,3,13,2,-0.0486272841718805
TTKO,FMR6,3,17,2,0.050413010926685986
TTKO,FMR6,3,29,2,-0.006426145794094951
TTKO,FMR8,1,4,5,0.012824460674053207
TTKO,FMR8,1,8,5,0.0416272953118632
TTKO,FMR8,1,10,5,0.044205364404135805
TTKO,FMR8,1,13,5,0.05561484383350259
TTKO,FMR8,1,17,5,0.06219315565002681
TTKO,FMR8,1,29,5,0.026029087220970193
TTKO,FMR8,2,4,5,0.054192898743110576
TTKO,FMR8,2,8,5,0.03018066372593655
TTKO,FMR8,2,10,5,0.019431622461654953
TTKO,FMR8,2,13,5,0.024688796278239743
TTKO,FMR8,2,17,5,0.03741649780705456
TTKO,FMR8,2,29,5,-0.014060296726583798
TTKO,FMR8,3,4,5,0.023303277879373186
TTKO,FMR8,3,8,5,0.06430659120474899
TTKO,FMR8,3,10,5,0.1002122541697206
TTKO,FMR8,3,13,5,0.0490643282886198
TTKO,FMR8,3,17,5,0.04593045390431818
TTKO,FMR8,3,29,5,0.0315816608234446
TTKO,LMR23,1,4,6,-0.0782633176327093
TTKO,LMR23,1,8,6,0.04228966060067236
TTKO,LMR23,1,10,6,-0.04645856031990364
TTKO,LMR23,1,13,6,0.0371369026392315
TTKO,LMR23,1,17,6,-0.031006397927960463
TTKO,LMR23,1,29,6,-0.03941610147182679
TTKO,LMR23,2,4,6,0.01728006590441583
TTKO,LMR23,2,8,6,-0.1498661714533097
TTKO,LMR23,2,10,6,-0.011481193601084507
TTKO,LMR23,2,13,6,0.030014635055990002
TTKO,LMR23,2,17,6,-0.052219366529640675
TTKO,LMR23,2,29,6,-0.053137825724896025
TTKO,LMR23,3,4,6,-0.03067545995581632
TTKO,LMR23,3,8,6,-0.04846475132606768
TTKO,LMR23,3,10,6,-0.06544505419777717
TTKO,LMR23,3,13,6,0.0010532750102066658
TTKO,LMR23,3,17,6,-0.015470947425276008
TTKO,LMR23,3,29,6,0.04961513884352798
TTKO,LMR24,1,4,5,0.0029368820763527983
TTKO,LMR24,1,8,5,0.008509011882433814
TTKO,LMR24,1,10,5,0.009466426123240213
TTKO,LMR24,1,13,5,0.07261948080234298
TTKO,LMR24,1,17,5,0.08494380567024239
TTKO,LMR24,1,29,5,-0.024017472118041606
TTKO,LMR24,2,4,5,0.019410004046279416
TTKO,LMR24,2,8,5,-0.026371996778907402
TTKO,LMR24,2,10,5,-0.04856583124359661
TTKO,LMR24,2,13,5,0.04192712240519001
TTKO,LMR24,2,17,5,-0.002560783014753776
TTKO,LMR24,2,29,5,-0.07258848722759059
TTKO,LMR24,3,4,5,0.1422732930248546
TTKO,LMR24,3,8,5,0.0574872672082528
TTKO,LMR24,3,10,5,0.0763285425789464
TTKO,LMR24,3,13,5,0.09551231184369341
TTKO,LMR24,3,17,5,0.1035830219731908
TTKO,LMR24,3,29,5,0.066955648395403
TTKO,LMR35,1,4,1,-0.015063368737021077
TTKO,LMR35,1,8,1,-0.07014134759136603
TTKO,LMR35,1,10,1,0.06972591262716898
TTKO,LMR35,1,13,1,0.008181017178214955
TTKO,LMR35,1,17,1,0.006685001182321959
TTKO,LMR35,1,29,1,-0.010888403492468002
TTKO,LMR35,2,4,1,-0.004855915023923019
TTKO,LMR35,2,8,1,0.0060997064035139825
TTKO,LMR35,2,10,1,-0.017329309926110925
TTKO,LMR35,2,13,1,0.097661432013186
TTKO,LMR35,2,17,1,0.02261579346188103
TTKO,LMR35,2,29,1,-0.06062983010180201
TTKO,LMR35,3,4,1,-0.035409833167940996
TTKO,LMR35,3,8,1,0.011647871819723932
TTKO,LMR35,3,10,1,-0.08798497847904507
TTKO,LMR35,3,13,1,0.053903922466085
TTKO,LMR35,3,17,1,-0.027361650393843084
TTKO,LMR35,3,29,1,-0.016094917848156087
TTKO,LMR38,1,4,4,-0.03284487112416999
TTKO,LMR38,1,8,4,0.01244402858964326
TTKO,LMR38,1,10,4,0.004368666674433752
TTKO,LMR38,1,13,4,-0.05212769758292099
TTKO,LMR38,1,17,4,-0.0998790103221715
TTKO,LMR38,1,29,4,-0.0804284197271105
TTKO,LMR38,2,4,4,-0.04685866879829423
TTKO,LMR38,2,8,4,-0.0009200465931955004
TTKO,LMR38,2,10,4,-0.0045948570992170035
TTKO,LMR38,2,13,4,0.06647772356294925
TTKO,LMR38,2,17,4,-0.022653982729658725
TTKO,LMR38,2,29,4,-0.08045126653948799
TTKO,LMR38,3,4,4,0.04076353591441498
TTKO,LMR38,3,8,4,0.05979279613824698
TTKO,LMR38,3,10,4,0.04369823699724347
TTKO,LMR38,3,13,4,0.06839605121743247
TTKO,LMR38,3,17,4,-0.010058123163200997
TTKO,LMR38,3,29,4,0.00438000345944925
TTKO,LMR40,1,4,14,-0.04697696640351514
TTKO,LMR40,1,8,14,-0.034694103643395494
TTKO,LMR40,1,10,14,-0.03667629347408951
TTKO,LMR40,1,13,14,0.030370923373710865
TTKO,LMR40,1,17,14,0.12693010702384605
TTKO,LMR40,1,29,14,-0.04871546880240293
TTKO,LMR40,2,4,14,0.08378052912266187
TTKO,LMR40,2,8,14,-0.03989434355006543
TTKO,LMR40,2,10,14,0.020213539726066064
TTKO,LMR40,2,13,14,0.01801072266727935
TTKO,LMR40,2,17,14,0.04861005136862457
TTKO,LMR40,2,29,14,-0.10097036651264
TTKO,LMR40,3,4,14,0.02405078177258585
TTKO,LMR40,3,8,14,0.09365076153127393
TTKO,LMR40,3,10,14,0.0942310118809325
TTKO,LMR40,3,13,14,0.0649323206665992
TTKO,LMR40,3,17,14,0.051281743284458635
TTKO,LMR40,3,29,14,0.04048953224659864
TTKO,LMR51,1,4,3,-0.12431740235866935
TTKO,LMR51,1,8,3,-0.3071402447809557
TTKO,LMR51,1,10,3,0.015735758409665974
TTKO,LMR51,1,13,3,0.07300559586521464
TTKO,LMR51,1,17,3,0.15272173922225366
TTKO,LMR51,1,29,3,0.022300233994455982
TTKO,LMR51,2,4,3,-0.1181860736098923
TTKO,LMR51,2,8,3,0.05165834981762235
TTKO,LMR51,2,10,3,0.05904867900002536
TTKO,LMR51,2,13,3,-0.01865931323459265
TTKO,LMR51,2,17,3,0.06339908564332403
TTKO,LMR51,2,29,3,0.13526007351734234
TTKO,LMR51,3,4,3,0.06011902867436136
TTKO,LMR51,3,8,3,-0.15445954916272497
TTKO,LMR51,3,10,3,0.06417942089777473
TTKO,LMR51,3,13,3,0.00026676829409070607
TTKO,LMR51,3,17,3,0.02842737188891072
TTKO,LMR51,3,29,3,-0.030030463839849957
TTKO,LMR59,1,4,3,-0.07425344459562365
TTKO,LMR59,1,8,3,-0.04937431009858029
TTKO,LMR59,1,10,3,0.04025914948100103
TTKO,LMR59,1,13,3,0.13539346447322034
TTKO,LMR59,1,17,3,0.011301132317140047
TTKO,LMR59,1,29,3,-0.022658150340439293
TTKO,LMR59,2,4,3,0.04651134660228632
TTKO,LMR59,2,8,3,-0.058136420893604344
TTKO,LMR59,2,10,3,0.019244735139514635
TTKO,LMR59,2,13,3,0.04638656995536502
TTKO,LMR59,2,17,3,0.0030863514544500203
TTKO,LMR59,2,29,3,-0.04635368913942232
TTKO,LMR59,3,4,3,0.04306751790802236
TTKO,LMR59,3,8,3,0.04062608289874133
TTKO,LMR59,3,10,3,-0.022108567775346682
TTKO,LMR59,3,13,3,0.0984903938510393
TTKO,LMR59,3,17,3,0.0947806116045613
TTKO,LMR59,3,29,3,0.012921582022547673
TTKO,LMR63,1,4,4,-0.04902494131861016
TTKO,LMR63,1,10,4,0.006753474445583753
TTKO,LMR63,1,13,4,0.03152624112323375
TTKO,LMR63,1,17,4,0.0007859553148460152
TTKO,LMR63,1,29,4,0.012589166333871256
TTKO,LMR63,2,4,4,0.05197390269026223
TTKO,LMR63,2,8,4,-0.0013947024246264983
TTKO,LMR63,2,10,4,0.0023061118038077352
TTKO,LMR63,2,13,4,0.04318731973432274
TTKO,LMR63,2,17,4,0.030986391956893233
TTKO,LMR63,2,29,4,-0.03287132723765178
TTKO,LMR63,3,4,4,0.012561822710808482
TTKO,LMR63,3,8,4,0.06250462766617523
TTKO,LMR63,3,10,4,0.023941194516021468
TTKO,LMR63,3,13,4,0.01479732149443548
TTKO,LMR63,3,17,4,0.03269485713030949
TTKO,LMR63,3,29,4,-0.012764259368786515
TTKO,LMR7,1,4,3,-0.03180418036014269
TTKO,LMR7,1,8,3,0.04174376353975532
TTKO,LMR7,1,10,3,-0.0009158986559929527
TTKO,LMR7,1,13,3,0.002413998814833026
TTKO,LMR7,1,17,3,0.03293533620934238
TTKO,LMR7,1,29,3,-0.002143734367561323
TTKO,LMR7,2,4,3,-0.012962091132714662
TTKO,LMR7,2,8,3,0.009366325451678667
TTKO,LMR7,2,10,3,0.004237685567061352
TTKO,LMR7,2,13,3,0.06444969524273803
TTKO,LMR7,2,17,3,0.03139950796139831
TTKO,LMR7,2,29,3,-0.020506350665594957
TTKO,LMR7,3,4,3,0.023213506700460667
TTKO,LMR7,3,8,3,-0.007471104834610627
TTKO,LMR7,3,10,3,-0.003668770121209327
TTKO,LMR7,3,13,3,0.021943472591306024
TTKO,LMR7,3,17,3,0.05473139636146237
TTKO,LMR7,3,29,3,-0.002859005621125658
TTKO,LMR81,1,4,2,0.2405805297333755
TTKO,LMR81,1,8,2,0.16615147590605
TTKO,LMR81,1,10,2,-0.004000881615440002
TTKO,LMR81,1,13,2,0.05741359204888101
TTKO,LMR81,1,17,2,0.10326928563181399
TTKO,LMR81,1,29,2,-0.099271513452798
TTKO,LMR81,2,4,2,0.117284961301548
TTKO,LMR81,2,8,2,0.16247960863080252
TTKO,LMR81,2,10,2,0.11457211261596849
TTKO,LMR81,2,13,2,0.1113876269567165
TTKO,LMR81,2,17,2,0.089472623703009
TTKO,LMR81,2,29,2,0.2911542571103105
TTKO,LMR81,3,4,2,0.29154335602721804
TTKO,LMR81,3,8,2,-0.048738663906803606
TTKO,LMR81,3,10,2,-0.08192811036697205
TTKO,LMR81,3,13,2,0.15189546510586752
TTKO,LMR81,3,17,2,0.142618782885786
TTKO,LMR81,3,29,2,0.05307133972608899
TTKO,Methylated_UMR22,1,4,6,-0.004173093120861671
TTKO,Methylated_UMR22,1,8,6,0.028497857115518166
TTKO,Methylated_UMR22,1,10,6,0.016630842869915802
TTKO,Methylated_UMR22,1,13,6,0.02112966046209767
TTKO,Methylated_UMR22,1,17,6,-0.04594444526210567
TTKO,Methylated_UMR22,1,29,6,0.0024877546286761567
TTKO,Methylated_UMR22,2,4,6,0.0144530535888203
TTKO,Methylated_UMR22,2,8,6,0.0653953650795538
TTKO,Methylated_UMR22,2,10,6,0.0519096245751303
TTKO,Methylated_UMR22,2,13,6,0.04379612117490883
TTKO,Methylated_UMR22,2,17,6,0.06015619875817899
TTKO,Methylated_UMR22,2,29,6,0.017660135149049166
TTKO,Methylated_UMR22,3,4,6,0.032626058080097144
TTKO,Methylated_UMR22,3,8,6,0.05716596455846534
TTKO,Methylated_UMR22,3,10,6,0.05913516222315016
TTKO,Methylated_UMR22,3,13,6,0.05708195528227685
TTKO,Methylated_UMR22,3,17,6,0.07979885118522267
TTKO,Methylated_UMR22,3,29,6,0.034955191509994356
TTKO,NP-specific_LMR37,1,4,10,-0.020028213328646703
TTKO,NP-specific_LMR37,1,8,10,0.0090457743955762
TTKO,NP-specific_LMR37,1,10,10,-0.0011890222988519938
TTKO,NP-specific_LMR37,1,13,10,-0.0020174599086817957
TTKO,NP-specific_LMR37,1,17,10,0.007453051303677694
TTKO,NP-specific_LMR37,1,29,10,-0.019743742496168983
TTKO,NP-specific_LMR37,2,4,10,-0.040775073890400484
TTKO,NP-specific_LMR37,2,8,10,-0.0041540278454320735
TTKO,NP-specific_LMR37,2,10,10,-0.010050875761778277
TTKO,NP-specific_LMR37,2,13,10,0.023937718939008822
TTKO,NP-specific_LMR37,2,17,10,0.00788374324291512
TTKO,NP-specific_LMR37,2,29,10,0.001296144795346621
TTKO,NP-specific_LMR37,3,4,10,0.025187613266690723
TTKO,NP-specific_LMR37,3,8,10,0.014006240829766503
TTKO,NP-specific_LMR37,3,10,10,-0.006582267146400511
TTKO,NP-specific_LMR37,3,13,10,0.0249422260319488
TTKO,NP-specific_LMR37,3,17,10,0.03114377495646111
TTKO,NP-specific_LMR37,3,29,10,0.013126054151843924
TTKO,NP-specific_LMR39,1,4,3,-0.07946556905740032
TTKO,NP-specific_LMR39,1,8,3,-0.03274245321528161
TTKO,NP-specific_LMR39,1,10,3,-0.017425013554004276
TTKO,NP-specific_LMR39,1,13,3,-0.03227659220536864
TTKO,NP-specific_LMR39,1,17,3,-0.03768016807626432
TTKO,NP-specific_LMR39,1,29,3,-0.03148403254593801
TTKO,NP-specific_LMR39,2,4,3,0.02552445679768267
TTKO,NP-specific_LMR39,2,8,3,0.05420942984057501
TTKO,NP-specific_LMR39,2,10,3,0.049377005742335354
TTKO,NP-specific_LMR39,2,13,3,0.0999294449972133
TTKO,NP-specific_LMR39,2,17,3,0.04880978936563133
TTKO,NP-specific_LMR39,2,29,3,0.025382652693562657
TTKO,NP-specific_LMR39,3,4,3,0.017391732564609314
TTKO,NP-specific_LMR39,3,8,3,0.04968083956667069
TTKO,NP-specific_LMR39,3,10,3,0.06940109402821733
TTKO,NP-specific_LMR39,3,13,3,0.0023974013619016965
TTKO,NP-specific_LMR39,3,17,3,0.022342345244705353
TTKO,NP-specific_LMR39,3,29,3,0.01592139103614835
TTKO,NP-specific_LMR41,1,4,8,-0.038360866942283744
TTKO,NP-specific_LMR41,1,8,8,-0.040142860424226504
TTKO,NP-specific_LMR41,1,10,8,0.004284704110525089
TTKO,NP-specific_LMR41,1,13,8,0.005111622268740498
TTKO,NP-specific_LMR41,1,17,8,0.020157889308583476
TTKO,NP-specific_LMR41,1,29,8,0.0023428070101347703
TTKO,NP-specific_LMR41,2,4,8,0.031261340994261255
TTKO,NP-specific_LMR41,2,8,8,-0.00670620813640925
TTKO,NP-specific_LMR41,2,10,8,0.03166216659671525
TTKO,NP-specific_LMR41,2,13,8,0.031439326767219986
TTKO,NP-specific_LMR41,2,17,8,0.02695878441638065
TTKO,NP-specific_LMR41,2,29,8,-0.0016298871886167576
TTKO,NP-specific_LMR41,3,4,8,-0.010767618287068653
TTKO,NP-specific_LMR41,3,8,8,0.019973902582553854
TTKO,NP-specific_LMR41,3,10,8,0.004588283587450337
TTKO,NP-specific_LMR41,3,13,8,0.012739191596151611
TTKO,NP-specific_LMR41,3,17,8,0.025652782979324343
TTKO,NP-specific_LMR41,3,29,8,-0.007739615822265011
TTKO,UMR10,1,4,5,-0.03226066916848614
TTKO,UMR10,1,8,5,-0.034636892068763483
TTKO,UMR10,1,10,5,-0.0312670360953952
TTKO,UMR10,1,13,5,-0.010176269764352036
TTKO,UMR10,1,17,5,-0.010320030944914457
TTKO,UMR10,1,29,5,-0.024803283138539634
TTKO,UMR10,2,4,5,-0.01588008919052359
TTKO,UMR10,2,8,5,-0.016536579757882967
TTKO,UMR10,2,10,5,-0.014020072153376983
TTKO,UMR10,2,13,5,0.01546501479129766
TTKO,UMR10,2,17,5,-0.0042780493527088004
TTKO,UMR10,2,29,5,-0.011076408783387958
TTKO,UMR10,3,4,5,-0.025340816490043338
TTKO,UMR10,3,8,5,-0.024870121176812452
TTKO,UMR10,3,10,5,-0.02533435748283776
TTKO,UMR10,3,13,5,-0.02191847387153245
TTKO,UMR10,3,17,5,-0.01346454098392479
TTKO,UMR10,3,29,5,-0.018739186699364842
TTKO,UMR11,1,4,12,-0.006161000911785755
TTKO,UMR11,1,8,12,-0.005909780264286242
TTKO,UMR11,1,10,12,0.007206176151654601
TTKO,UMR11,1,13,12,-0.003759237732335867
TTKO,UMR11,1,17,12,-0.009668956389030169
TTKO,UMR11,1,29,12,0.008273997863690208
TTKO,UMR11,2,4,12,0.0014107323477932207
TTKO,UMR11,2,8,12,-0.008584709556028495
TTKO,UMR11,2,10,12,0.01412308791723114
TTKO,UMR11,2,13,12,0.01715246835740776
TTKO,UMR11,2,17,12,0.025924228099975355
TTKO,UMR11,2,29,12,0.001082830007307449
TTKO,UMR11,3,4,12,0.00047081173447440704
TTKO,UMR11,3,8,12,0.002016720160561362
TTKO,UMR11,3,10,12,-0.007687783276825969
TTKO,UMR11,3,13,12,0.002897784850888208
TTKO,UMR11,3,17,12,0.021999241670748463
TTKO,UMR11,3,29,12,-0.004476078888482476
TTKO,UMR13,1,4,5,-0.041029568549805016
TTKO,UMR13,1,8,5,-0.03775421516052414
TTKO,UMR13,1,10,5,-0.00539888873563768
TTKO,UMR13,1,13,5,-0.022246031515358165
TTKO,UMR13,1,17,5,-0.03220196910488562
TTKO,UMR13,1,29,5,-0.028629130511262285
TTKO,UMR13,2,4,5,-0.0017957030604531473
TTKO,UMR13,2,8,5,-0.0010096667274312528
TTKO,UMR13,2,10,5,-0.014220344435098656
TTKO,UMR13,2,13,5,-0.012007044045294686
TTKO,UMR13,2,17,5,0.0031075761827993437
TTKO,UMR13,2,29,5,-0.010906354474508816
TTKO,UMR13,3,4,5,-0.032640620366742264
TTKO,UMR13,3,8,5,-0.0016238299066470598
TTKO,UMR13,3,10,5,0.006276879613018283
TTKO,UMR13,3,13,5,-0.028526495800946898
TTKO,UMR13,3,17,5,-0.01487005401334801
TTKO,UMR13,3,29,5,-0.03147532027552967
TTKO,UMR14,1,4,11,-0.0212356892853221
TTKO,UMR14,1,8,11,-0.015013333984674334
TTKO,UMR14,1,10,11,-0.0025701742053254786
TTKO,UMR14,1,13,11,0.01799944180517427
TTKO,UMR14,1,17,11,-0.0019743988636162454
TTKO,UMR14,1,29,11,-0.015542945988625113
TTKO,UMR14,2,4,11,-0.016013915630474447
TTKO,UMR14,2,8,11,-0.014571211776410518
TTKO,UMR14,2,10,11,-0.005085431006209736
TTKO,UMR14,2,13,11,0.00861934444756165
TTKO,UMR14,2,17,11,-0.01233520876683167
TTKO,UMR14,2,29,11,-0.010809194194790117
TTKO,UMR14,3,4,11,-0.015837385207775466
TTKO,UMR14,3,8,11,-0.012840304792390794
TTKO,UMR14,3,10,11,-0.011355134455255331
TTKO,UMR14,3,13,11,-0.017725757829772405
TTKO,UMR14,3,17,11,-0.002379488090603363
TTKO,UMR14,3,29,11,-0.017949155474386483
TTKO,UMR15,1,4,7,-0.004024235942224025
TTKO,UMR15,1,8,7,-0.01154483738967731
TTKO,UMR15,1,10,7,0.010183478098419149
TTKO,UMR15,1,13,7,0.005888286209273165
TTKO,UMR15,1,17,7,0.01135717052705347
TTKO,UMR15,1,29,7,-0.014828473808732997
TTKO,UMR15,2,4,7,-0.00778151501406548
TTKO,UMR15,2,8,7,-0.008920206534593187
TTKO,UMR15,2,10,7,-0.006419571988364628
TTKO,UMR15,2,13,7,0.013911698044377602
TTKO,UMR15,2,17,7,0.000362218486871433
TTKO,UMR15,2,29,7,-0.01167236002984324
TTKO,UMR15,3,4,7,-0.014700571938536642
TTKO,UMR15,3,8,7,0.007333899452778915
TTKO,UMR15,3,10,7,-0.011435864396608717
TTKO,UMR15,3,13,7,-0.016144691964928366
TTKO,UMR15,3,17,7,0.00449782879735524
TTKO,UMR15,3,29,7,-0.0194431696204529
TTKO,UMR17,1,4,16,-0.01824683699156543
TTKO,UMR17,1,8,16,-0.016773368720736995
TTKO,UMR17,1,10,16,-0.0036250442508361444
TTKO,UMR17,1,13,16,-0.003138767300503381
TTKO,UMR17,1,17,16,-0.008287558409494425
TTKO,UMR17,1,29,16,-0.012269131233384448
TTKO,UMR17,2,4,16,-0.012481406775098932
TTKO,UMR17,2,8,16,-0.008677360235811919
TTKO,UMR17,2,10,16,-0.006640233520450345
TTKO,UMR17,2,13,16,0.0129534933597678
TTKO,UMR17,2,17,16,-0.0013225999784956506
TTKO,UMR17,2,29,16,-0.009763443023786412
TTKO,UMR17,3,4,16,-0.009674460686765259
TTKO,UMR17,3,8,16,0.001033123238595697
TTKO,UMR17,3,10,16,-0.010824997284672849
TTKO,UMR17,3,13,16,-0.009192351009028953
TTKO,UMR17,3,17,16,0.003660797267742626
TTKO,UMR17,3,29,16,-0.012815307902325265
TTKO,UMR18,1,4,10,-0.00849820671712969
TTKO,UMR18,1,8,10,0.021508575907210524
TTKO,UMR18,1,10,10,0.005265464794451618
TTKO,UMR18,1,13,10,0.018696843727465915
TTKO,UMR18,1,17,10,0.007804122324214515
TTKO,UMR18,1,29,10,-0.001445266301370557
TTKO,UMR18,2,4,10,-0.034073212125646776
TTKO,UMR18,2,8,10,-0.0352682596545777
TTKO,UMR18,2,10,10,0.00209830464576918
TTKO,UMR18,2,13,10,0.023412782878787203
TTKO,UMR18,2,17,10,0.01463936907686314
TTKO,UMR18,2,29,10,-0.015714424367273612
TTKO,UMR18,3,4,10,0.010719971682975633
TTKO,UMR18,3,8,10,-0.015823935783029257
TTKO,UMR18,3,10,10,-0.002290797620163769
TTKO,UMR18,3,13,10,-0.026350225277926898
TTKO,UMR18,3,17,10,0.0137467421881298
TTKO,UMR18,3,29,10,-0.024045861659356994
TTKO,UMR19,1,4,13,-0.0045365010445680126
TTKO,UMR19,1,8,13,-0.009549087971858312
TTKO,UMR19,1,10,13,0.001756104263101765
TTKO,UMR19,1,13,13,-0.0035955329029633927
TTKO,UMR19,1,17,13,-0.006213166642782995
TTKO,UMR19,1,29,13,-0.01808711752857263
TTKO,UMR19,2,4,13,-0.008591295284754196
TTKO,UMR19,2,8,13,-0.009961334461050917
TTKO,UMR19,2,10,13,-0.0016186104461360302
TTKO,UMR19,2,13,13,0.008432729571921161
TTKO,UMR19,2,17,13,-0.006538853075939767
TTKO,UMR19,2,29,13,-0.014989037632726568
TTKO,UMR19,3,4,13,-0.014984062691782974
TTKO,UMR19,3,8,13,-0.004874884284475791
TTKO,UMR19,3,10,13,-0.01242521914033878
TTKO,UMR19,3,13,13,-0.010074416680852672
TTKO,UMR19,3,17,13,0.012566741477392293
TTKO,UMR19,3,29,13,-0.009787895946368681
TTKO,metIsland21,1,4,12,-0.020062114672677833
TTKO,metIsland21,1,8,12,0.003832250138250911
TTKO,metIsland21,1,10,12,-0.00028761273699356993
TTKO,metIsland21,1,13,12,-0.02319273911430249
TTKO,metIsland21,1,17,12,0.01067941686366892
TTKO,metIsland21,1,29,12,-0.03975384456417192
TTKO,metIsland21,2,4,12,0.03612335943447923
TTKO,metIsland21,2,8,12,-0.010445529778101093
TTKO,metIsland21,2,10,12,0.005555049280851404
TTKO,metIsland21,2,13,12,0.033633205169603574
TTKO,metIsland21,2,17,12,0.01928903741605334
TTKO,metIsland21,2,29,12,0.031848376074871
TTKO,metIsland21,3,4,12,0.015932028158354317
TTKO,metIsland21,3,8,12,0.024377972838824823
TTKO,metIsland21,3,10,12,0.029055156914021246
TTKO,metIsland21,3,13,12,0.03781076355585891
TTKO,metIsland21,3,17,12,0.04047389964549125
TTKO,metIsland21,3,29,12,0.02289179020452209
