path,bytes,sha256,source_url,archive_byte_range
data/raw/broad_validation/hg19ToHg38.over.chain.gz,227698,5c0598e500ceb5a78c73086929e8ef993aec309bcafb595139b53d440b125a1d,https://hgdownload.soe.ucsc.edu/goldenPath/hg19/liftOver/hg19ToHg38.over.chain.gz,
data/raw/broad_validation/guide_region_0_hg19.json,485,a8bf62b939d5edee284a24875503c6be085e2e0e971c9fc7d4db5fa17eed210a,https://api.genome.ucsc.edu/getData/sequence?genome=hg19;chrom=chr6;start=29520899;end=29521301,
data/raw/broad_validation/guide_region_0_hg38.json,485,e8560f049888d6af2730ba97dfbcf4a93c68f862e3b3e9cb67ad8fcf2be86333,https://api.genome.ucsc.edu/getData/sequence?genome=hg38;chrom=chr6;start=29520899;end=29521301,
data/raw/broad_validation/guide_region_1_hg19.json,1005,fc4f3474e96b388f272cb2c7388297572f506b2f6a9a78d2cccb614c317efb1e,https://api.genome.ucsc.edu/getData/sequence?genome=hg19;chrom=chr6;start=62995832;end=62996754,
data/raw/broad_validation/guide_region_1_hg38.json,1005,b65103e28acc9da4d6b4e284b29433598c9fe9038e75deba650b56dd148c4c8b,https://api.genome.ucsc.edu/getData/sequence?genome=hg38;chrom=chr6;start=62995832;end=62996754,
data/raw/broad_validation/guide_region_2_hg19.json,607,a4346f5d290a555ad55a575f09735897901d1fea703f2636f69d8b7b450534cf,https://api.genome.ucsc.edu/getData/sequence?genome=hg19;chrom=chr2;start=193059163;end=193059685,
data/raw/broad_validation/guide_region_2_hg38.json,607,791eb125628443f0eb9beb7c9d5449f757cc5dfcd50e92ee5b193ea4782d2283,https://api.genome.ucsc.edu/getData/sequence?genome=hg38;chrom=chr2;start=193059163;end=193059685,
data/raw/broad_validation/guide_region_3_hg19.json,499,89cf72ca4f81ab97e2bad6d8d1ac372335350058b842abe432c15fda2b593596,https://api.genome.ucsc.edu/getData/sequence?genome=hg19;chrom=chr7;start=24323641;end=24324057,
data/raw/broad_validation/guide_region_3_hg38.json,499,e1027a9778529e157e1ef44afe1f26e0b101826aaadaea83f1a143a8f8c89b64,https://api.genome.ucsc.edu/getData/sequence?genome=hg38;chrom=chr7;start=24323641;end=24324057,
data/raw/broad_validation/guide_region_4_hg19.json,628,6240a02da5fde2a01243814110f3f5a987b0260ca621e8cb9389d32541e4be52,https://api.genome.ucsc.edu/getData/sequence?genome=hg19;chrom=chr21;start=31312189;end=31312733,
data/raw/broad_validation/guide_region_4_hg38.json,628,4a3a146d9c41718b3d1500bb5a182e2df5f3e7d724f2a65815343d0d873595de,https://api.genome.ucsc.edu/getData/sequence?genome=hg38;chrom=chr21;start=31312189;end=31312733,
data/raw/broad_validation/guide_region_5_hg19.json,800,62c9448ecfd6f2ee171dfdae375bc10f9654316ceed55d031fdafe6ae85649e0,https://api.genome.ucsc.edu/getData/sequence?genome=hg19;chrom=chr8;start=139509022;end=139509737,
data/raw/broad_validation/guide_region_5_hg38.json,800,0bfe09c5cf644108f7ed84a35a0bca4b0a20f3d551650c47b551be94055b4da2,https://api.genome.ucsc.edu/getData/sequence?genome=hg38;chrom=chr8;start=139509022;end=139509737,
data/raw/broad_validation/guide_region_6_hg19.json,670,59a68880f7ac3377eb03d46d5e8036e26182c6f5e317690d44eff55997015cd9,https://api.genome.ucsc.edu/getData/sequence?genome=hg19;chrom=chr20;start=17206477;end=17207063,
data/raw/broad_validation/guide_region_6_hg38.json,670,8e1029a423fe3d42dcdead0122a6aefce2b52e3e43f8e6d42d5e96e96e777c2b,https://api.genome.ucsc.edu/getData/sequence?genome=hg38;chrom=chr20;start=17206477;end=17207063,
data/raw/broad_validation/guide_region_7_hg19.json,478,ade130d1a161ccb3f8ebbcd6e0913a4abe234218e4b84706b1a09d540d0fb6fe,https://api.genome.ucsc.edu/getData/sequence?genome=hg19;chrom=chr10;start=100993405;end=100993797,
data/raw/broad_validation/guide_region_7_hg38.json,478,4c7179388108d7e882beb1477ae3a0c53d6f00723025a4e321ab8bb157c725bc,https://api.genome.ucsc.edu/getData/sequence?genome=hg38;chrom=chr10;start=100993405;end=100993797,
data/raw/broad_validation/guide_region_8_hg19.json,857,1504792ecff3a8a638aa03c6c6192ebef2094c9c21a9e1b1ace478e97a357677,https://api.genome.ucsc.edu/getData/sequence?genome=hg19;chrom=chr8;start=109095183;end=109095955,
data/raw/broad_validation/guide_region_8_hg38.json,857,64e12a436da2b1bc256777ed53b7afdf474f24664467ea8ea9bc622fdaf51922,https://api.genome.ucsc.edu/getData/sequence?genome=hg38;chrom=chr8;start=109095183;end=109095955,
data/raw/broad_validation/guide_region_9_hg19.json,530,a7c493043d56c3da6ae501809d64f3fdad5121880ca4c3c4bbe76be076af46d8,https://api.genome.ucsc.edu/getData/sequence?genome=hg19;chrom=chr8;start=67344427;end=67344874,
data/raw/broad_validation/guide_region_9_hg38.json,530,ece01f605d1aaa06996f3cbf5d8dffb36f4aaf1106ee19ccb726d5c49a92db49,https://api.genome.ucsc.edu/getData/sequence?genome=hg38;chrom=chr8;start=67344427;end=67344874,
data/raw/broad_validation/guide_region_10_hg19.json,863,0495a0eda1381eb8b9f5eb15581dbe77038985aac2d38064020f2d9646b5614a,https://api.genome.ucsc.edu/getData/sequence?genome=hg19;chrom=chr2;start=95690849;end=95691629,
data/raw/broad_validation/guide_region_10_hg38.json,863,64871eea44fa7f440009bcd9f36e4ee9fbd0dabc44fd025c1be1d340dddcf5cc,https://api.genome.ucsc.edu/getData/sequence?genome=hg38;chrom=chr2;start=95690849;end=95691629,
data/raw/broad_validation/guide_region_11_hg19.json,986,c4ede1591df512b0801801084be873930c890232d3444026a8521af6443adcbe,https://api.genome.ucsc.edu/getData/sequence?genome=hg19;chrom=chr5;start=38556073;end=38556976,
data/raw/broad_validation/guide_region_11_hg38.json,986,cfe65061018951bcf3c19a54e12cd2625d9ce507d3f68436ab35653c729b636a,https://api.genome.ucsc.edu/getData/sequence?genome=hg38;chrom=chr5;start=38556073;end=38556976,
data/raw/broad_validation/guide_region_12_hg19.json,526,eb3c863c5006a9e5243751272ad2a391ce6f1f15c01043f7d28d8f3ed790df80,https://api.genome.ucsc.edu/getData/sequence?genome=hg19;chrom=chr8;start=41166874;end=41167317,
data/raw/broad_validation/guide_region_12_hg38.json,526,670bad121e718cca9e5f0088381cc484b5f4b64c25d4362c5e495a2c446c2d48,https://api.genome.ucsc.edu/getData/sequence?genome=hg38;chrom=chr8;start=41166874;end=41167317,
data/raw/broad_validation/guide_region_13_hg19.json,1472,04863d0a51124379acabbc2197a307582a06e4437e02819d7c64b92ca6bf62f1,https://api.genome.ucsc.edu/getData/sequence?genome=hg19;chrom=chr5;start=76248519;end=76249908,
data/raw/broad_validation/guide_region_13_hg38.json,1472,16068782c70a4dd0d0ed68c7d5975a9dc70363d3e8fc6489ab5c89820edefa92,https://api.genome.ucsc.edu/getData/sequence?genome=hg38;chrom=chr5;start=76248519;end=76249908,
data/raw/broad_validation/guide_region_14_hg19.json,529,60605ce874b4dd08e0f900695e84a6444ed27fc3bb803bc6bcdb6dbc2ba316cf,https://api.genome.ucsc.edu/getData/sequence?genome=hg19;chrom=chr15;start=83316594;end=83317039,
data/raw/broad_validation/guide_region_14_hg38.json,529,9cd1f0aefd900438aa0970710ea95322beba398eb10d5e0ce269f340441a84cb,https://api.genome.ucsc.edu/getData/sequence?genome=hg38;chrom=chr15;start=83316594;end=83317039,
data/raw/broad_validation/guide_region_15_hg19.json,1166,d79f7daa93a7a65b2aebc2fdb81bc08f5849e45d549d70254cb5f72a269fc133,https://api.genome.ucsc.edu/getData/sequence?genome=hg19;chrom=chr3;start=173302242;end=173303323,
data/raw/broad_validation/guide_region_15_hg38.json,1166,e4a9dd3ba88788af71dabc77ad25b90ec55c8e4f3da5a32452fd001c12e19c34,https://api.genome.ucsc.edu/getData/sequence?genome=hg38;chrom=chr3;start=173302242;end=173303323,
data/raw/broad_validation/guide_region_16_hg19.json,928,649f13378b0adb6a309bd61435d599887517e63afd069ffdf7de59d47a153cb2,https://api.genome.ucsc.edu/getData/sequence?genome=hg19;chrom=chr16;start=19566610;end=19567454,
data/raw/broad_validation/guide_region_16_hg38.json,928,a729d099cf9d227f10d38f8bf01339d7c5cc0931e53af41c6b2e6b8a9056bc79,https://api.genome.ucsc.edu/getData/sequence?genome=hg38;chrom=chr16;start=19566610;end=19567454,
data/raw/broad_validation/guide_region_17_hg19.json,873,c1ad53cd50a456d38153c8fb0a3e09757ea9569d2cb070d2b3cb00fa1da15061,https://api.genome.ucsc.edu/getData/sequence?genome=hg19;chrom=chr3;start=237963;end=238757,
data/raw/broad_validation/guide_region_17_hg38.json,873,7d398537a9eb4eab6111a3cf233e06160387630ae637a5b8b3be178443462f3d,https://api.genome.ucsc.edu/getData/sequence?genome=hg38;chrom=chr3;start=237963;end=238757,
data/raw/broad_validation/guide_region_18_hg19.json,696,ef2d8ee9abf74b8e367f363e971b326e7c6dc32846dbc6d59e91f4459094fbf3,https://api.genome.ucsc.edu/getData/sequence?genome=hg19;chrom=chr16;start=10276212;end=10276824,
data/raw/broad_validation/guide_region_18_hg38.json,696,34044d25bf9e1a019da89e65884cbdd988a1a24db95fef0a4e1daaca4738428e,https://api.genome.ucsc.edu/getData/sequence?genome=hg38;chrom=chr16;start=10276212;end=10276824,
data/raw/broad_validation/guide_region_19_hg19.json,917,36c338466d1dd0ad8e9f9468b11dba5a94a5c8b6c47f711bef0164dc3d82fb8d,https://api.genome.ucsc.edu/getData/sequence?genome=hg19;chrom=chr2;start=100938687;end=100939519,
data/raw/broad_validation/guide_region_19_hg38.json,917,77117a075b002e1584bd4a1451eb1b19a1201c72be9fa791e2fde8400935f8b5,https://api.genome.ucsc.edu/getData/sequence?genome=hg38;chrom=chr2;start=100938687;end=100939519,
data/raw/broad_validation/guide_region_20_hg19.json,560,3741d61ed2d4cdbf5bb1b2be9156a6576bcdd7cc6d7248a16459e6d6458c197c,https://api.genome.ucsc.edu/getData/sequence?genome=hg19;chrom=chr13;start=36705366;end=36705842,
data/raw/broad_validation/guide_region_20_hg38.json,560,a3fc306c3c7ec5e67b6bf6c33da74865f7794c11be04d0ed8765f402f84b624e,https://api.genome.ucsc.edu/getData/sequence?genome=hg38;chrom=chr13;start=36705366;end=36705842,
data/raw/broad_validation/guide_region_21_hg19.json,542,c2074cdb89908997cec5e8058f17f408693e6fe048f03f7fde701c4cc4524da1,https://api.genome.ucsc.edu/getData/sequence?genome=hg19;chrom=chr12;start=99288564;end=99289022,
data/raw/broad_validation/guide_region_21_hg38.json,542,3331eb84b33b7544cb9214ef20691e44508578bdcdf14716b0f653b630b2484e,https://api.genome.ucsc.edu/getData/sequence?genome=hg38;chrom=chr12;start=99288564;end=99289022,
data/raw/broad_validation/guide_region_22_hg19.json,894,e9dae5996085956abdce441d3fca12bfac7716c36785f14e595d649bcfb1cb83,https://api.genome.ucsc.edu/getData/sequence?genome=hg19;chrom=chr7;start=153583702;end=153584511,
data/raw/broad_validation/guide_region_22_hg38.json,894,834928803e6b87eb3f40e362c322f2377c00ce01db08dd93ad6299dbda602001,https://api.genome.ucsc.edu/getData/sequence?genome=hg38;chrom=chr7;start=153583702;end=153584511,
data/raw/broad_validation/guide_region_23_hg19.json,726,767a784b6d549779e0895585161b4b843f5e481d9ecdb014c6b21934a3e1cc48,https://api.genome.ucsc.edu/getData/sequence?genome=hg19;chrom=chr19;start=44952498;end=44953140,
data/raw/broad_validation/guide_region_23_hg38.json,726,0f4fc69894fe3a36ce193fd2655a2957b81c1fb938be67a2c1d6b0c227845d02,https://api.genome.ucsc.edu/getData/sequence?genome=hg38;chrom=chr19;start=44952498;end=44953140,
data/raw/broad_validation/guide_region_24_hg19.json,641,c5c4902729836a3f5a6892da49df7d7296d6347d513af69e9511b55d0666b08f,https://api.genome.ucsc.edu/getData/sequence?genome=hg19;chrom=chr2;start=127413308;end=127413864,
data/raw/broad_validation/guide_region_24_hg38.json,641,54de1f0786693f126dcd529239d06e0f26d8b8091ee5616a7dce57fe70b4ba50,https://api.genome.ucsc.edu/getData/sequence?genome=hg38;chrom=chr2;start=127413308;end=127413864,
data/raw/broad_validation/guide_region_25_hg19.json,592,7dae9561a001460be570fafbdae32e46d04fe6e7ddcef915d7c95dfdce871281,https://api.genome.ucsc.edu/getData/sequence?genome=hg19;chrom=chr19;start=58951480;end=58951988,
data/raw/broad_validation/guide_region_25_hg38.json,3,ca3d163bab055381827226140568f3bef7eaac187cebd76878e0b63e9e442356,https://api.genome.ucsc.edu/getData/sequence?genome=hg38;chrom=chr19;start=58951480;end=58951988,
data/raw/broad_validation/guide_region_26_hg19.json,1967,791bdab809ad32a3db6d1b8d5376cbae472653cbde5e2cc5da330a18adf6e8a5,https://api.genome.ucsc.edu/getData/sequence?genome=hg19;chrom=chr4;start=166793896;end=166795778,
data/raw/broad_validation/guide_region_26_hg38.json,1967,d139d8b794d94cfeffc5306cdd2fa5dd22acdfb31a1f746b0034dd69a5274bff,https://api.genome.ucsc.edu/getData/sequence?genome=hg38;chrom=chr4;start=166793896;end=166795778,
data/raw/broad_validation/guide_region_27_hg19.json,926,8d344779ef926d16deb7fadc1699f47a12304fd92d2516bd3a16b7de2677e757,https://api.genome.ucsc.edu/getData/sequence?genome=hg19;chrom=chr4;start=134069638;end=134070479,
data/raw/broad_validation/guide_region_27_hg38.json,926,c7615f60d1ca536f8d24eee5c4e5901c46c8f0026f32f1289b04772f13e46c2e,https://api.genome.ucsc.edu/getData/sequence?genome=hg38;chrom=chr4;start=134069638;end=134070479,
data/raw/broad_validation/guide_region_28_hg19.json,702,05d67fd692caed271ec9f894d5a21fcd81111ec901e706aeb38d9f32b3726f76,https://api.genome.ucsc.edu/getData/sequence?genome=hg19;chrom=chr20;start=49639556;end=49640174,
data/raw/broad_validation/guide_region_28_hg38.json,702,91868dde58905bf57b43ade6539f4a02a63ea57dfc450d264a56e2951a94ecf7,https://api.genome.ucsc.edu/getData/sequence?genome=hg38;chrom=chr20;start=49639556;end=49640174,
data/raw/broad_validation/guide_region_29_hg19.json,959,054c679d009a08f2d3c0ff62d96308f14400f2537d5f85a5f5923068ac061daa,https://api.genome.ucsc.edu/getData/sequence?genome=hg19;chrom=chr19;start=22816449;end=22817324,
data/raw/broad_validation/guide_region_29_hg38.json,959,c0d5ddf8f18a753d2ea607938ab001fdf5d73b9cfe0d41d1d39735f0e33c446c,https://api.genome.ucsc.edu/getData/sequence?genome=hg38;chrom=chr19;start=22816449;end=22817324,
data/raw/broad_validation/guide_region_30_hg19.json,808,557667552696be07b5e218d6297b90cae0f3fe901f3777af4e34e46149891663,https://api.genome.ucsc.edu/getData/sequence?genome=hg19;chrom=chr15;start=65115819;end=65116543,
data/raw/broad_validation/guide_region_30_hg38.json,808,af214d1e5df0495e68e6aedb624c8109371ef0d3b93b557aab616f91ef2f4768,https://api.genome.ucsc.edu/getData/sequence?genome=hg38;chrom=chr15;start=65115819;end=65116543,
data/raw/broad_validation/guide_region_31_hg19.json,982,c0ba15b6bf30501a0325b9b24276a146a1673a6a8783b9eec51844c485fd1a75,https://api.genome.ucsc.edu/getData/sequence?genome=hg19;chrom=chr11;start=101454283;end=101455179,
data/raw/broad_validation/guide_region_31_hg38.json,982,ca0497292dc34169f0a0217ea17bc332418e3c76513851d312d0cd54ac427bf3,https://api.genome.ucsc.edu/getData/sequence?genome=hg38;chrom=chr11;start=101454283;end=101455179,
data/raw/broad_validation/guide_region_32_hg19.json,916,35e2cce12d78c353a04988e7ff1c854d3c3d1ae69bfa7c5b4a0a32c18858e8e5,https://api.genome.ucsc.edu/getData/sequence?genome=hg19;chrom=chr4;start=176986555;end=176987386,
data/raw/broad_validation/guide_region_32_hg38.json,916,841ff587c12764b77549101f5839fb5ba282cbfb9a9a89061aec3c9335d66178,https://api.genome.ucsc.edu/getData/sequence?genome=hg38;chrom=chr4;start=176986555;end=176987386,
data/raw/broad_validation/guide_region_33_hg19.json,809,88105dcc10eae9460675d4ea98e1c1da14d3d6229990185efc022132796ec9bb,https://api.genome.ucsc.edu/getData/sequence?genome=hg19;chrom=chr19;start=12267181;end=12267906,
data/raw/broad_validation/guide_region_33_hg38.json,809,e4c3bcd1a6da16e3eb53038a0400f4ebdc3e0c04053568cc2f6c5ca582dd42b8,https://api.genome.ucsc.edu/getData/sequence?genome=hg38;chrom=chr19;start=12267181;end=12267906,
data/raw/broad_validation/guide_region_34_hg19.json,621,ba26f856a13e37574dbde09e1e06959a3bf9271caae3f0a657415cd80b4d003a,https://api.genome.ucsc.edu/getData/sequence?genome=hg19;chrom=chr19;start=37407101;end=37407638,
data/raw/broad_validation/guide_region_34_hg38.json,621,e1d30bfa6b612910915748518dbfbe255e1deb997fe7a2b4834aff6df9da5957,https://api.genome.ucsc.edu/getData/sequence?genome=hg38;chrom=chr19;start=37407101;end=37407638,
data/raw/broad_validation/guide_region_35_hg19.json,881,22142eb4605161ddbcf4961e6a560139aaf313ab2b9372685d59ac38e4b3041e,https://api.genome.ucsc.edu/getData/sequence?genome=hg19;chrom=chr19;start=57018611;end=57019408,
data/raw/broad_validation/guide_region_35_hg38.json,881,ac656f72bef0e3430de3ea67413182ce486489c1257a816cb4941db21de64562,https://api.genome.ucsc.edu/getData/sequence?genome=hg38;chrom=chr19;start=57018611;end=57019408,
data/raw/broad_validation/guide_region_36_hg19.json,746,2b3f31a67ac8be146a9aa7391e6bd75b5f5abcbae7732f4d5a8dbadf3a7653cc,https://api.genome.ucsc.edu/getData/sequence?genome=hg19;chrom=chr1;start=101004068;end=101004729,
data/raw/broad_validation/guide_region_36_hg38.json,746,30f41cf7cef88973cc595adf1f16987e8c85722844f80d09a52beb89009f348c,https://api.genome.ucsc.edu/getData/sequence?genome=hg38;chrom=chr1;start=101004068;end=101004729,
data/raw/broad_validation/guide_region_37_hg19.json,897,22ab15254a68ee0b973ae38d1de186170d68eb3272b44a0a997a4dc7b71010b1,https://api.genome.ucsc.edu/getData/sequence?genome=hg19;chrom=chr19;start=53635805;end=53636618,
data/raw/broad_validation/guide_region_37_hg38.json,897,26cca050ef13c198d5cc6c798b549b959f71a33429e6a647db40d81d9b2c197c,https://api.genome.ucsc.edu/getData/sequence?genome=hg38;chrom=chr19;start=53635805;end=53636618,
data/raw/broad_validation/guide_region_38_hg19.json,739,a54cf76e5ada577ae26d741f5e994195ef1a9c24b21fe8f22e301357508369b3,https://api.genome.ucsc.edu/getData/sequence?genome=hg19;chrom=chr7;start=150038707;end=150039361,
data/raw/broad_validation/guide_region_38_hg38.json,739,8037316b0a8ecdd25c6e030c60f5e3a1a53254f338b9720a4cef974944b1678a,https://api.genome.ucsc.edu/getData/sequence?genome=hg38;chrom=chr7;start=150038707;end=150039361,
data/raw/broad_validation/guide_region_39_hg19.json,747,68c283b024d1ad5b5e0dd9f4ad11adae02f23d8da801dd638012aba7fcb984d5,https://api.genome.ucsc.edu/getData/sequence?genome=hg19;chrom=chr19;start=58570269;end=58570932,
data/raw/broad_validation/guide_region_39_hg38.json,747,bef10bb9a15b7f40e3d14c312a49e82c8b6d92c64d0b933d1327eccd58f7b9d7,https://api.genome.ucsc.edu/getData/sequence?genome=hg38;chrom=chr19;start=58570269;end=58570932,
data/raw/broad_validation/guide_region_40_hg19.json,890,57ceff81024e3fc4408993f270e2bbb2b84221b47990861ace98d5113620eb97,https://api.genome.ucsc.edu/getData/sequence?genome=hg19;chrom=chr8;start=55378798;end=55379605,
data/raw/broad_validation/guide_region_40_hg38.json,890,6a60dfc982f5f83902ee2ef80387329d910ecd5e752426b1c2c2cea79cb667ac,https://api.genome.ucsc.edu/getData/sequence?genome=hg38;chrom=chr8;start=55378798;end=55379605,
data/raw/broad_validation/guide_region_41_hg19.json,1416,28e1a743b33f74d595ce33f96e75460bed41c81e44dd5a1a0a6f9369bd7c6efc,https://api.genome.ucsc.edu/getData/sequence?genome=hg19;chrom=chr19;start=58608837;end=58610169,
data/raw/broad_validation/guide_region_41_hg38.json,1416,20d5b13f00c5b5e851cf8787732a5f4bea130e23b866fc5101060e988f086e40,https://api.genome.ucsc.edu/getData/sequence?genome=hg38;chrom=chr19;start=58608837;end=58610169,
data/raw/broad_validation/guide_region_42_hg19.json,1065,728176cc147cbb0fda3ee658c810c6d8210c03fd3046eab22b4980cc2222f567,https://api.genome.ucsc.edu/getData/sequence?genome=hg19;chrom=chr13;start=36919393;end=36920374,
data/raw/broad_validation/guide_region_42_hg38.json,1065,9bf93a66ff9cff015953c2cb28144749d93046a7f463ac28331fe48b71e8d8f9,https://api.genome.ucsc.edu/getData/sequence?genome=hg38;chrom=chr13;start=36919393;end=36920374,
data/raw/broad_validation/guide_region_43_hg19.json,1032,f755675e296b562c2533748540a279d81c91747e5a2cf057e97780569a38a9a3,https://api.genome.ucsc.edu/getData/sequence?genome=hg19;chrom=chr12;start=41086020;end=41086968,
data/raw/broad_validation/guide_region_43_hg38.json,1032,b94c2b32c749a3cd1a3cad35ccb6893ea301a6325297ae3791ac3f912b065fc5,https://api.genome.ucsc.edu/getData/sequence?genome=hg38;chrom=chr12;start=41086020;end=41086968,
data/raw/broad_validation/guide_region_44_hg19.json,976,fb42a409bf42fba77f3fe15286974020107798dfab2d1507977849dfdd76d072,https://api.genome.ucsc.edu/getData/sequence?genome=hg19;chrom=chr11;start=118401692;end=118402582,
data/raw/broad_validation/guide_region_44_hg38.json,976,f39c34e0c820c1fc9ca6377334637d24ea4eab3ca3609deca388cf37cfcef8c6,https://api.genome.ucsc.edu/getData/sequence?genome=hg38;chrom=chr11;start=118401692;end=118402582,
data/raw/broad_validation/guide_region_45_hg19.json,989,fb93e46ba58de3a5fc1de042a20028b4dbc12386f257bb682de7d4903efcade2,https://api.genome.ucsc.edu/getData/sequence?genome=hg19;chrom=chr13;start=53419733;end=53420638,
data/raw/broad_validation/guide_region_45_hg38.json,989,cf43f47764baa3701ee9970da195151ec685c7346ea138349cf3526fec22d84d,https://api.genome.ucsc.edu/getData/sequence?genome=hg38;chrom=chr13;start=53419733;end=53420638,
data/raw/broad_validation/guide_region_46_hg19.json,852,0b54ee7ef60c94667952ecba238c58363f195318ab845387222c5878cecc4c39,https://api.genome.ucsc.edu/getData/sequence?genome=hg19;chrom=chr19;start=12202760;end=12203528,
data/raw/broad_validation/guide_region_46_hg38.json,852,95978033b9726bdd09104e595508845f4c8e2ff837ab8cb8af79ab838f866202,https://api.genome.ucsc.edu/getData/sequence?genome=hg38;chrom=chr19;start=12202760;end=12203528,
data/raw/broad_validation/guide_region_47_hg19.json,1396,18e0be091dba783ff46d87064691a839b549e823f9b24e8f7e37381589980f0a,https://api.genome.ucsc.edu/getData/sequence?genome=hg19;chrom=chr19;start=37997010;end=37998322,
data/raw/broad_validation/guide_region_47_hg38.json,1396,2ffcbe52384e45048ee1d7be2c701cc45beb07f7d7ed6389fb0e4a8b2b936395,https://api.genome.ucsc.edu/getData/sequence?genome=hg38;chrom=chr19;start=37997010;end=37998322,
data/raw/broad_validation/guide_region_48_hg19.json,743,fabdc5ee944f7c1502368e19fb5085353ead84cce10fdda8f24a803380d39a37,https://api.genome.ucsc.edu/getData/sequence?genome=hg19;chrom=chr19;start=52872830;end=52873489,
data/raw/broad_validation/guide_region_48_hg38.json,743,38aa16dec8775dbe3273cd6f9922a655105e74a36a36308b7881dc5ff6875c98,https://api.genome.ucsc.edu/getData/sequence?genome=hg38;chrom=chr19;start=52872830;end=52873489,
data/raw/broad_validation/guide_region_49_hg19.json,1281,41054aa441a159feb55b1156ba0facf180f7ff727c1bff6c849487fb401429c6,https://api.genome.ucsc.edu/getData/sequence?genome=hg19;chrom=chr7;start=149410992;end=149412188,
data/raw/broad_validation/guide_region_49_hg38.json,1281,6e2f53a9316789f6bce9ee32e84ffe58fd0af888b4136b0fea7b669f7308f8ed,https://api.genome.ucsc.edu/getData/sequence?genome=hg38;chrom=chr7;start=149410992;end=149412188,
data/raw/broad_validation/guide_region_50_hg19.json,864,fb92e037e0a713481f2d1cbefd424b50b6efebad2a95fce2a06932df1f8f150e,https://api.genome.ucsc.edu/getData/sequence?genome=hg19;chrom=chr3;start=44626019;end=44626800,
data/raw/broad_validation/guide_region_50_hg38.json,864,3f58c5abec11b0e215f9518d26444a68891660d0986502f6b0dd98ff6d04818c,https://api.genome.ucsc.edu/getData/sequence?genome=hg38;chrom=chr3;start=44626019;end=44626800,
data/raw/broad_validation/guide_region_51_hg19.json,909,212999e5d7dd89dabc19c7d18770e91b92c2fbfe86055c67551470a2ab90d82a,https://api.genome.ucsc.edu/getData/sequence?genome=hg19;chrom=chr19;start=22034356;end=22035181,
data/raw/broad_validation/guide_region_51_hg38.json,909,936bfca75d105ca3cfc18862e5413d73bdafb96af09be05efc373384b1ded9a9,https://api.genome.ucsc.edu/getData/sequence?genome=hg38;chrom=chr19;start=22034356;end=22035181,
data/raw/broad_validation/guide_region_52_hg19.json,860,1deff51a015f109297582b3151f2a5c196b5db43bbf26aa04a18b6169e087cd9,https://api.genome.ucsc.edu/getData/sequence?genome=hg19;chrom=chr12;start=81471316;end=81472092,
data/raw/broad_validation/guide_region_52_hg38.json,860,5b64a8aab087b2c9a59799148a0fb3125b7153cce7f3ba8b456cbc6729a8a4f2,https://api.genome.ucsc.edu/getData/sequence?genome=hg38;chrom=chr12;start=81471316;end=81472092,
data/raw/broad_validation/guide_region_53_hg19.json,875,4d79ca1f756effc732db0d1201438aded7317f047a4553273500d22e4cf00ccc,https://api.genome.ucsc.edu/getData/sequence?genome=hg19;chrom=chr17;start=27044373;end=27045164,
data/raw/broad_validation/guide_region_53_hg38.json,875,1ef43740a8e5e1f86fc44f0d926ac29077a69c205563dfa8388b3df5ff4adccb,https://api.genome.ucsc.edu/getData/sequence?genome=hg38;chrom=chr17;start=27044373;end=27045164,
data/raw/broad_validation/guide_region_54_hg19.json,890,87637302d3f3303cee4272b3a775c0b9cbf3453876b00d30cf541b26f2e8b2ae,https://api.genome.ucsc.edu/getData/sequence?genome=hg19;chrom=chr4;start=156297370;end=156298175,
data/raw/broad_validation/guide_region_54_hg38.json,890,ad7897bcf869bb17beef2aa7a8aa6a20f64f786de4f924e1c9ffab1b3a0371a1,https://api.genome.ucsc.edu/getData/sequence?genome=hg38;chrom=chr4;start=156297370;end=156298175,
data/raw/broad_validation/guide_region_55_hg19.json,897,fc5d700f42555a6c8dc4d848f688152d6e34f71ecc2734d00b8b822d8195b5b0,https://api.genome.ucsc.edu/getData/sequence?genome=hg19;chrom=chr19;start=54023584;end=54024397,
data/raw/broad_validation/guide_region_55_hg38.json,897,aec240a4cc937edee884145a9d58431cac9685d9911b86a1b813c1c639fe13bc,https://api.genome.ucsc.edu/getData/sequence?genome=hg38;chrom=chr19;start=54023584;end=54024397,
data/raw/broad_validation/guide_region_56_hg19.json,1061,799267f88a932c2daae5c24c2f382103afc68ed146ddd0b8c7a309320ff8fa5f,https://api.genome.ucsc.edu/getData/sequence?genome=hg19;chrom=chr11;start=8615031;end=8616010,
data/raw/broad_validation/guide_region_56_hg38.json,1061,b75b7c20bc59bf613e066b56ab5e73ffedbf549ad6a4fd04aaa99fb21386a26e,https://api.genome.ucsc.edu/getData/sequence?genome=hg38;chrom=chr11;start=8615031;end=8616010,
