gene,day,penalty,model,observed,predicted,squared_error
KHDRBS2,28,0.001,0,0.9774294516459741,0.9052797913760271,0.005205573477068763
KHDRBS2,28,0.001,1,0.9774294516459741,0.9053225833218428,0.005199400459513605
KHDRBS2,28,0.001,2,0.9774294516459741,0.9070082190296689,0.004959150003199763
NPY,28,0.001,0,0.941257700536076,0.9789706407152579,0.0014222658569585456
NPY,28,0.001,1,0.941257700536076,0.9789115129147697,0.0014178095866498666
NPY,28,0.001,2,0.941257700536076,0.9818828025948804,0.0016503989172882668
FAM135B,28,0.001,0,0.9580642614672685,0.9741665221019234,0.00025928279754635746
FAM135B,28,0.001,1,0.9580642614672685,0.974228958098724,0.00026129741718698804
FAM135B,28,0.001,2,0.9580642614672685,0.9762071101990061,0.0003291629601027108
PCSK2,28,0.001,0,1.030250384200408,0.9687080579309972,0.0037874579226506114
PCSK2,28,0.001,1,1.030250384200408,0.9685770877417971,0.0038035954960717166
PCSK2,28,0.001,2,1.030250384200408,0.9706247866545645,0.0035552118826988996
HPSE2,28,0.001,0,0.9978479857972421,0.9581410578658641,0.0015766401257476445
HPSE2,28,0.001,1,0.9978479857972421,0.9580294849576542,0.001585513009112265
HPSE2,28,0.001,2,0.9978479857972421,0.960249694200966,0.0014136315309586094
RSPO2,28,0.001,0,0.9393728477088799,0.9881585161522665,0.002380041445468048
RSPO2,28,0.001,1,0.9393728477088799,0.9883405295646224,0.002397833866325215
RSPO2,28,0.001,2,0.9393728477088799,0.9904868812372738,0.00261264442354178
ADHFE1,28,0.001,0,1.0093720830781998,0.99190104997784,0.00030523699759386777
ADHFE1,28,0.001,1,1.0093720830781998,0.9919084224755133,0.00030497944164582666
ADHFE1,28,0.001,2,1.0093720830781998,0.9940478836112864,0.00023483108930175
MAL,28,0.001,0,0.9840876673676562,0.9998432609313623,0.00024823872854469865
MAL,28,0.001,1,0.9840876673676562,0.9998297639998903,0.00024781360637859734
MAL,28,0.001,2,0.9840876673676562,1.0019601970092695,0.0003194273157903476
SFRP1,28,0.001,0,1.0204235289493155,0.951195086239279,0.004792577280056818
SFRP1,28,0.001,1,1.0204235289493155,0.9511632720572667,0.004796983184752599
SFRP1,28,0.001,2,1.0204235289493155,0.9526850908351582,0.004588495998145527
CRHBP,28,0.001,0,1.010191109403467,0.9796427308140678,0.0009332034344412624
CRHBP,28,0.001,1,1.010191109403467,0.979689462088982,0.0009303504888972309
CRHBP,28,0.001,2,1.010191109403467,0.9810488257294606,0.0008492726977362598
CPEB1,28,0.001,0,1.0130132772775469,0.994643069678478,0.00033746452723288587
CPEB1,28,0.001,1,1.0130132772775469,0.9945087752287552,0.0003424165960737331
CPEB1,28,0.001,2,1.0130132772775469,0.9955815776182844,0.0003038641530107324
CHL1,28,0.001,0,0.9373066002773935,0.9472998473669278,0.00009986498739248591
CHL1,28,0.001,1,0.9373066002773935,0.947124003015252,0.00009638139651731101
CHL1,28,0.001,2,0.9373066002773935,0.9509809151994988,0.0001869868885889102
GRIN2A,28,0.001,0,0.9585352009479146,0.9915610497758944,0.0010907066908085797
GRIN2A,28,0.001,1,0.9585352009479146,0.9914932580729118,0.00108623352945458
GRIN2A,28,0.001,2,0.9585352009479146,0.994642127782092,0.0013037101654086464
AFF3,28,0.001,0,1.0058310309376217,0.9819145470379165,0.0005719982021248601
AFF3,28,0.001,1,1.0058310309376217,0.9816000127388301,0.0005871422429501691
AFF3,28,0.001,2,1.0058310309376217,0.9831404022013283,0.0005148646324483066
ANKS1B,28,0.001,0,0.9808644837000494,0.9789390592750637,0.000003707259216331385
ANKS1B,28,0.001,1,0.9808644837000494,0.9790957328066221,0.000003128479722999935
ANKS1B,28,0.001,2,0.9808644837000494,0.9804434206636888,0.00000017729408058919154
DPP6,28,0.001,0,0.9416880386247677,0.9500742368819273,0.00007032832120838642
DPP6,28,0.001,1,0.9416880386247677,0.9500637079283064,0.00007015183628224086
DPP6,28,0.001,2,0.9416880386247677,0.9530641699266149,0.00012941636339686824
GYPC,28,0.001,0,1.0055706415031405,0.9645224951359992,0.001684950320178253
GYPC,28,0.001,1,1.0055706415031405,0.964414204117605,0.0016938523382694982
GYPC,28,0.001,2,1.0055706415031405,0.9666805713004486,0.0015124375603703015
ZNF132,28,0.001,0,0.9784117051397758,0.9725980589626552,0.00003379848187274963
ZNF132,28,0.001,1,0.9784117051397758,0.9722139564530827,0.00003841208878340597
ZNF132,28,0.001,2,0.9784117051397758,0.9725570301482497,0.00003427721925640165
PCDH10,28,0.001,0,0.8679958977637484,0.9893881961321769,0.01473609010316956
PCDH10,28,0.001,1,0.8679958977637484,0.9894203218383713,0.014743890761853846
PCDH10,28,0.001,2,0.8679958977637484,0.9918950812489188,0.015351007668291915
ZNF492,28,0.001,0,0.9467669188061418,0.968348526367311,0.0004657657849243119
ZNF492,28,0.001,1,0.9467669188061418,0.9684815389314166,0.0004715247271849897
ZNF492,28,0.001,2,0.9467669188061418,0.9679988992909633,0.00045079699530783864
RBPMS2,28,0.001,0,1.014418022610102,0.9921423712053593,0.0004962046455056175
RBPMS2,28,0.001,1,1.014418022610102,0.9921378534681551,0.000496405936993766
RBPMS2,28,0.001,2,1.014418022610102,0.9942874626731599,0.00040523944337481944
PGR,28,0.001,0,0.9681169565144846,0.9806476544336475,0.00015701839034131462
PGR,28,0.001,1,0.9681169565144846,0.9804679290557547,0.00015254652271520937
PGR,28,0.001,2,0.9681169565144846,0.9835079738553024,0.000236883414785355
WDR17,28,0.001,0,0.9956622919308368,1.0075790598577528,0.00014200935782397346
WDR17,28,0.001,1,0.9956622919308368,1.007538979017651,0.00014105569615809963
WDR17,28,0.001,2,0.9956622919308368,1.01054561536833,0.00022151331654503807
ZNF625,28,0.001,0,0.9665655800458457,0.9693401546554589,0.00000769826426431006
ZNF625,28,0.001,1,0.9665655800458457,0.9692319135589498,0.000007109334403101945
ZNF625,28,0.001,2,0.9665655800458457,0.9740507029449589,0.00005602706481482855
ZNF568,28,0.001,0,0.9132687935885379,0.9868547178637975,0.0054148882514442505
ZNF568,28,0.001,1,0.9132687935885379,0.9885431894451786,0.005666234671582254
ZNF568,28,0.001,2,0.9132687935885379,0.986005881599795,0.005290683972357363
GPR88,28,0.001,0,0.9810431367458187,0.9651756927692439,0.00025177577834973995
GPR88,28,0.001,1,0.9810431367458187,0.9636577770929264,0.000302250730260413
GPR88,28,0.001,2,0.9810431367458187,0.9654082529911096,0.00024444959002326705
ZNF415,28,0.001,0,0.9435470814473939,0.9758325764654828,0.0010423531885630478
ZNF415,28,0.001,1,0.9435470814473939,0.9773105271620678,0.0011399702665277336
ZNF415,28,0.001,2,0.9435470814473939,0.9760353633865002,0.0010554884633548643
SOX17,28,0.001,0,0.9977897254424498,0.9869942050364491,0.00011654326083637829
SOX17,28,0.001,1,0.9977897254424498,0.9862262703431307,0.0001337134938339691
SOX17,28,0.001,2,0.9977897254424498,0.985687840776225,0.0001464556124746084
ZSCAN18,28,0.001,0,0.9788802834864421,0.9553583263067154,0.0005532824695648972
ZSCAN18,28,0.001,1,0.9788802834864421,0.9535171364292812,0.0006432892286431705
ZSCAN18,28,0.001,2,0.9788802834864421,0.9548475363608526,0.000577572934402528
PCDH8,28,0.001,0,0.9795948087443259,0.9782315870921532,0.0000018583732729525484
PCDH8,28,0.001,1,0.9795948087443259,0.9750299842027583,0.00002083762309529777
PCDH8,28,0.001,2,0.9795948087443259,0.9571124246582413,0.0005054575941942303
ZNF788,28,0.001,0,0.9577683772635117,0.9593501581818957,0.0000025020308737637705
ZNF788,28,0.001,1,0.9577683772635117,0.9606865855057011,0.000008515939344781899
ZNF788,28,0.001,2,0.9577683772635117,0.9534189892623383,0.000018917175984751666
ZNF880,28,0.001,0,0.968257010584836,0.9698710879902003,0.000002605245870507337
ZNF880,28,0.001,1,0.968257010584836,0.9706769133335984,0.0000058559293134676215
ZNF880,28,0.001,2,0.968257010584836,0.9667117307237911,0.0000023878898489509843
KRBA1,28,0.001,0,0.9994233716148996,0.9925628467561681,0.000047066801337272234
KRBA1,28,0.001,1,0.9994233716148996,0.9929457432476917,0.00004195966926365633
KRBA1,28,0.001,2,0.9994233716148996,0.9881963005333844,0.00012604712506939525
ZNF660,28,0.001,0,0.9625526766320519,0.9847218738940864,0.0004914733072429971
ZNF660,28,0.001,1,0.9625526766320519,0.9863406127721276,0.0005658659058043187
ZNF660,28,0.001,2,0.9625526766320519,0.9815664797584683,0.0003615247093301232
ZNF43,28,0.001,0,0.9560795072660104,0.9695073825586864,0.00018030783487565783
ZNF43,28,0.001,1,0.9560795072660104,0.9710374775286525,0.00022374087437808588
ZNF43,28,0.001,2,0.9560795072660104,0.9665437686611307,0.00010950076654540389
ACSS3,28,0.001,0,0.9567718539436403,0.9650485654774916,0.00006850395381458788
ACSS3,28,0.001,1,0.9567718539436403,0.9662797712901251,0.0000904004922675869
ACSS3,28,0.001,2,0.9567718539436403,0.9616376054057143,0.000023675537290675458
RAB34,28,0.001,0,0.9676823492118586,0.9792537860056427,0.00013389814947254138
RAB34,28,0.001,1,0.9676823492118586,0.9807363916858514,0.00017040802491280748
RAB34,28,0.001,2,0.9676823492118586,0.9758646479908365,0.00006695001330846348
MAP9,28,0.001,0,0.9827702674238391,0.9631959121352973,0.0003831553849620639
MAP9,28,0.001,1,0.9827702674238391,0.9630514863841543,0.00038883032569103393
MAP9,28,0.001,2,0.9827702674238391,0.9605547443057332,0.000493529467411099
ZNF813,28,0.001,0,0.975294218615062,0.9729442483396369,0.000005522360295381811
ZNF813,28,0.001,1,0.975294218615062,0.9738401359270124,0.0000021143564636858296
ZNF813,28,0.001,2,0.975294218615062,0.9657622922757177,0.00009085761973868561
KHDRBS2,28,0.01,0,0.9774294516459741,0.906068559609168,0.005092376912288692
KHDRBS2,28,0.01,1,0.9774294516459741,0.9061110824129431,0.005086309790058931
KHDRBS2,28,0.01,2,0.9774294516459741,0.9077894046069613,0.0048497361515959046
NPY,28,0.01,0,0.941257700536076,0.9789954048392511,0.0014241343260738748
NPY,28,0.01,1,0.941257700536076,0.978936360707067,0.0014196814322810216
NPY,28,0.01,2,0.941257700536076,0.9818901468460686,0.0016509956931344248
FAM135B,28,0.01,0,0.9580642614672685,0.9741353063699032,0.00025827848426249975
FAM135B,28,0.01,1,0.9580642614672685,0.9741965211551901,0.0002602498026385382
FAM135B,28,0.01,2,0.9580642614672685,0.9761650517947624,0.00032763861047989667
PCSK2,28,0.01,0,1.030250384200408,0.9687042210394483,0.003787930199835477
PCSK2,28,0.01,1,1.030250384200408,0.9685735514311755,0.003804031700443875
PCSK2,28,0.01,2,1.030250384200408,0.9705915835073298,0.003559172500136437
HPSE2,28,0.01,0,0.9978479857972421,0.9582340195941824,0.0015692663183371545
HPSE2,28,0.01,1,0.9978479857972421,0.9581226479713789,0.0015781024653789561
HPSE2,28,0.01,2,0.9978479857972421,0.96032019423109,0.0014083351398325526
RSPO2,28,0.01,0,0.9393728477088799,0.9878854899991345,0.002353476461982204
RSPO2,28,0.01,1,0.9393728477088799,0.9880661990970347,0.002371042469410326
RSPO2,28,0.01,2,0.9393728477088799,0.9901786094132805,0.002581225422364344
ADHFE1,28,0.01,0,1.0093720830781998,0.9916784040633335,0.0003130662770811198
ADHFE1,28,0.01,1,1.0093720830781998,0.9916856429906883,0.0003128101629691346
ADHFE1,28,0.01,2,1.0093720830781998,0.9937892309044095,0.00024282528187020096
MAL,28,0.01,0,0.9840876673676562,0.9996040855565668,0.00024075923341315526
MAL,28,0.01,1,0.9840876673676562,0.9995906320328658,0.00024034191341073795
MAL,28,0.01,2,0.9840876673676562,1.0016950677986618,0.00031002054993777673
SFRP1,28,0.01,0,1.0204235289493155,0.9518898189315641,0.004696869408797244
SFRP1,28,0.01,1,1.0204235289493155,0.9518564129518619,0.004701449396208269
SFRP1,28,0.01,2,1.0204235289493155,0.953365509950253,0.004496777912078627
CRHBP,28,0.01,0,1.010191109403467,0.9795547057010395,0.0009385892318181124
CRHBP,28,0.01,1,1.010191109403467,0.9796018415705392,0.0009357033065545922
CRHBP,28,0.01,2,1.010191109403467,0.9809419176789335,0.000855515216538522
CPEB1,28,0.01,0,1.0130132772775469,0.9943543428602398,0.0003481558335893651
CPEB1,28,0.01,1,1.0130132772775469,0.9942203338002704,0.00035317472454010737
CPEB1,28,0.01,2,1.0130132772775469,0.9952979697093408,0.0003138321222361386
CHL1,28,0.01,0,0.9373066002773935,0.947666430448934,0.00010732608118315895
CHL1,28,0.01,1,0.9373066002773935,0.9474928795639258,0.00010376028570323623
CHL1,28,0.01,2,0.9373066002773935,0.9513117213646377,0.0001961434166683712
GRIN2A,28,0.01,0,0.9585352009479146,0.9913414533178856,0.00107625019456223
GRIN2A,28,0.01,1,0.9585352009479146,0.9912721775691145,0.0010717096382969887
GRIN2A,28,0.01,2,0.9585352009479146,0.9943724448367672,0.0012843080495491086
AFF3,28,0.01,0,1.0058310309376217,0.9818670364400752,0.0005742730322784385
AFF3,28,0.01,1,1.0058310309376217,0.98155451941453,0.0005893490117308059
AFF3,28,0.01,2,1.0058310309376217,0.983088244805503,0.0005172343210512891
ANKS1B,28,0.01,0,0.9808644837000494,0.9790064162256831,0.00000345241473929812
ANKS1B,28,0.01,1,0.9808644837000494,0.97916041353367,0.0000029038551319443577
ANKS1B,28,0.01,2,0.9808644837000494,0.9804938327563602,0.00000013738212205774327
DPP6,28,0.01,0,0.9416880386247677,0.9503023168500556,0.00007420578934266977
DPP6,28,0.01,1,0.9416880386247677,0.9502914355655031,0.00007401843891985557
DPP6,28,0.01,2,0.9416880386247677,0.95326742797155,0.0001340822576443746
GYPC,28,0.01,0,1.0055706415031405,0.964619896709557,0.0016769634991492075
GYPC,28,0.01,1,1.0055706415031405,0.9645133321643222,0.0016857026501434112
GYPC,28,0.01,2,1.0055706415031405,0.9667504222041082,0.0015070094264249545
ZNF132,28,0.01,0,0.9784117051397758,0.9728459440143322,0.000030977696905499236
ZNF132,28,0.01,1,0.9784117051397758,0.9724697887258491,0.000035306370670091745
ZNF132,28,0.01,2,0.9784117051397758,0.9728601338599556,0.000030819943674924496
PCDH10,28,0.01,0,0.8679958977637484,0.9891103081290571,0.01466870039813639
PCDH10,28,0.01,1,0.8679958977637484,0.9891427533245798,0.014676560612276941
PCDH10,28,0.01,2,0.8679958977637484,0.9915703659065304,0.01527064917677143
ZNF492,28,0.01,0,0.9467669188061418,0.9685608805766551,0.0004749767696545949
ZNF492,28,0.01,1,0.9467669188061418,0.9686961779936006,0.0004808924085107464
ZNF492,28,0.01,2,0.9467669188061418,0.9682177275212597,0.00046013719453257554
RBPMS2,28,0.01,0,1.014418022610102,0.99207907575947,0.0004990285463953654
RBPMS2,28,0.01,1,1.014418022610102,0.9920744360281839,0.0004992358613436728
RBPMS2,28,0.01,2,1.014418022610102,0.9941844700681921,0.00040939664846623055
PGR,28,0.01,0,0.9681169565144846,0.980343018878169,0.00014947660092070014
PGR,28,0.01,1,0.9681169565144846,0.9801621070295699,0.00014508565093105863
PGR,28,0.01,2,0.9681169565144846,0.983159207383465,0.0002262693112053406
WDR17,28,0.01,0,0.9956622919308368,1.0068963231414636,0.00012620345724133764
WDR17,28,0.01,1,0.9956622919308368,1.006857373430267,0.0001253298497788859
WDR17,28,0.01,2,0.9956622919308368,1.0098075112314056,0.00020008722906118348
ZNF625,28,0.01,0,0.9665655800458457,0.9693924412877604,0.000007991144481039344
ZNF625,28,0.01,1,0.9665655800458457,0.96928494827976,0.000007394963591622052
ZNF625,28,0.01,2,0.9665655800458457,0.9740079419904325,0.00005538875131423391
ZNF568,28,0.01,0,0.9132687935885379,0.9870171418998371,0.00543881887864472
ZNF568,28,0.01,1,0.9132687935885379,0.9886876035903286,0.00568799690208621
ZNF568,28,0.01,2,0.9132687935885379,0.9861848690093098,0.0053167540547677025
GPR88,28,0.01,0,0.9810431367458187,0.9651001004050033,0.0002541804077645604
GPR88,28,0.01,1,0.9810431367458187,0.9635941833313761,0.0003044659752593855
GPR88,28,0.01,2,0.9810431367458187,0.9653109509120182,0.00024750167110923086
ZNF415,28,0.01,0,0.9435470814473939,0.9756294041193111,0.001029275428025015
ZNF415,28,0.01,1,0.9435470814473939,0.9770611289452173,0.0011231913796863693
ZNF415,28,0.01,2,0.9435470814473939,0.9758009411363221,0.0010403114648330704
SOX17,28,0.01,0,0.9977897254424498,0.986743099616108,0.00012202794214720299
SOX17,28,0.01,1,0.9977897254424498,0.9859724067449337,0.00013964902119866413
SOX17,28,0.01,2,0.9977897254424498,0.9854509402253121,0.00015224562063465623
ZSCAN18,28,0.01,0,0.9788802834864421,0.9556221637190924,0.0005409401351123831
ZSCAN18,28,0.01,1,0.9788802834864421,0.9538105228319423,0.0006284928992739027
ZSCAN18,28,0.01,2,0.9788802834864421,0.9551156318495597,0.0005647586674223749
PCDH8,28,0.01,0,0.9795948087443259,0.9781602769837288,0.0000020578813721619802
PCDH8,28,0.01,1,0.9795948087443259,0.9749347837679655,0.00002171583278030295
PCDH8,28,0.01,2,0.9795948087443259,0.957277400413549,0.0004980667146026297
ZNF788,28,0.01,0,0.9577683772635117,0.9595649848907658,0.000003227798966307563
ZNF788,28,0.01,1,0.9577683772635117,0.9609190070365463,0.000009926467966732034
ZNF788,28,0.01,2,0.9577683772635117,0.9537161138547838,0.00001642083873371494
ZNF880,28,0.01,0,0.968257010584836,0.9699329286167697,0.000002808701249760447
ZNF880,28,0.01,1,0.968257010584836,0.9707399029504306,0.000006164754499127519
ZNF880,28,0.01,2,0.968257010584836,0.9668021611802518,0.0000021165867900192653
KRBA1,28,0.01,0,0.9994233716148996,0.9923428056336827,0.0000501344146143656
KRBA1,28,0.01,1,0.9994233716148996,0.9927148048969209,0.00004500486740957155
KRBA1,28,0.01,2,0.9994233716148996,0.9880116417040895,0.00013022757955727734
ZNF660,28,0.01,0,0.9625526766320519,0.9846948206147818,0.0004902745401519395
ZNF660,28,0.01,1,0.9625526766320519,0.9863040716049588,0.0005641287631590273
ZNF660,28,0.01,2,0.9625526766320519,0.9815783229294754,0.00036197521703466596
ZNF43,28,0.01,0,0.9560795072660104,0.969381943817114,0.00017695481819613503
ZNF43,28,0.01,1,0.9560795072660104,0.9708944618938479,0.00021948288062488197
ZNF43,28,0.01,2,0.9560795072660104,0.9664551567653707,0.00010765410253357601
ACSS3,28,0.01,0,0.9567718539436403,0.9650581827878358,0.00006866324571414726
ACSS3,28,0.01,1,0.9567718539436403,0.9662833289639853,0.00009046815706264683
ACSS3,28,0.01,2,0.9567718539436403,0.9616951881586592,0.000024239219792775698
RAB34,28,0.01,0,0.9676823492118586,0.9791754628874032,0.00013209166195899075
RAB34,28,0.01,1,0.9676823492118586,0.9806440832995791,0.00016800655056077558
RAB34,28,0.01,2,0.9676823492118586,0.9758200277633192,0.00006622181220690248
MAP9,28,0.01,0,0.9827702674238391,0.9632145936159933,0.0003824243780788679
MAP9,28,0.01,1,0.9827702674238391,0.9630772970805537,0.00038781308094151953
MAP9,28,0.01,2,0.9827702674238391,0.9605997353880471,0.0004915324907500794
ZNF813,28,0.01,0,0.975294218615062,0.9730519823939474,0.000005027623271278439
ZNF813,28,0.01,1,0.975294218615062,0.9739582512205324,0.0000017848088792464222
ZNF813,28,0.01,2,0.975294218615062,0.9659807525253882,0.00008674065060350512
KHDRBS2,28,0.1,0,0.9774294516459741,0.9128732613380598,0.004167501707071643
KHDRBS2,28,0.1,1,0.9774294516459741,0.9129117537184369,0.00416253334586893
KHDRBS2,28,0.1,2,0.9774294516459741,0.9145214166349999,0.003957420868941955
NPY,28,0.1,0,0.941257700536076,0.9792227483749967,0.001441344857411532
NPY,28,0.1,1,0.941257700536076,0.9791654549318533,0.001436997843330566
NPY,28,0.1,2,0.941257700536076,0.9819405284629692,0.0016550924881291972
FAM135B,28,0.1,0,0.9580642614672685,0.9738722543353674,0.00024989263851786454
FAM135B,28,0.1,1,0.9580642614672685,0.9739217215488536,0.0002514590402390637
FAM135B,28,0.1,2,0.9580642614672685,0.9757944788676068,0.00031436060906325943
PCSK2,28,0.1,0,1.030250384200408,0.9686324885475268,0.003796765064689359
PCSK2,28,0.1,1,1.030250384200408,0.9685069611945383,0.003812250284481768
PCSK2,28,0.1,2,1.030250384200408,0.9702788072198678,0.003596590045532863
HPSE2,28,0.1,0,0.9978479857972421,0.9590852392792546,0.0015025505176177521
HPSE2,28,0.1,1,0.9978479857972421,0.9589769433587756,0.0015109579402530643
HPSE2,28,0.1,2,0.9978479857972421,0.9609773582090764,0.0013594431787452075
RSPO2,28,0.1,0,0.9393728477088799,0.9855882279503835,0.0021358613708667633
RSPO2,28,0.1,1,0.9393728477088799,0.985755774408122,0.0021513758891872708
RSPO2,28,0.1,2,0.9393728477088799,0.9875877197817604,0.002324673889004237
ADHFE1,28,0.1,0,1.0093720830781998,0.9897401581266958,0.00038541247730148573
ADHFE1,28,0.1,1,1.0093720830781998,0.9897462475131413,0.00038517342162671433
ADHFE1,28,0.1,2,1.0093720830781998,0.991562510520797,0.00031718087467739445
MAL,28,0.1,0,0.9840876673676562,0.9974898078108664,0.00017961736845953044
MAL,28,0.1,1,0.9840876673676562,0.9974769441212792,0.00017927273198510934
MAL,28,0.1,2,0.9840876673676562,0.9993620670400469,0.0002333072853519306
SFRP1,28,0.1,0,1.0204235289493155,0.9571466113047113,0.004003968306602022
SFRP1,28,0.1,1,1.0204235289493155,0.9571014781750289,0.004009682114261337
SFRP1,28,0.1,2,1.0204235289493155,0.9584992259228652,0.003834619305311649
CRHBP,28,0.1,0,1.010191109403467,0.9788402174758569,0.0009828784246566876
CRHBP,28,0.1,1,1.010191109403467,0.978889913115249,0.0009797648890735545
CRHBP,28,0.1,2,1.010191109403467,0.9800649299369654,0.0009075866892478654
CPEB1,28,0.1,0,1.0130132772775469,0.9919326515238974,0.000444392782165428
CPEB1,28,0.1,1,1.0130132772775469,0.9918012486148573,0.0004499501599867636
CPEB1,28,0.1,2,1.0130132772775469,0.9928923054706742,0.00040485350645296474
CHL1,28,0.1,0,0.9373066002773935,0.9508133677522292,0.0001824327676192796
CHL1,28,0.1,1,0.9373066002773935,0.9506601887293908,0.00017831832454531565
CHL1,28,0.1,2,0.9373066002773935,0.9541292668519257,0.00028300211067788057
GRIN2A,28,0.1,0,0.9585352009479146,0.9894465008043484,0.0009555084588143653
GRIN2A,28,0.1,1,0.9585352009479146,0.9893674196645383,0.0009506257109897259
GRIN2A,28,0.1,2,0.9585352009479146,0.9920702330915513,0.001124598380874749
AFF3,28,0.1,0,1.0058310309376217,0.981445337972754,0.000594662021376798
AFF3,28,0.1,1,1.0058310309376217,0.9811521008514134,0.0006090495901999603
AFF3,28,0.1,2,1.0058310309376217,0.9826099674955465,0.0005392177873808811
ANKS1B,28,0.1,0,0.9808644837000494,0.9793514213802657,0.0000022893575835494267
ANKS1B,28,0.1,1,0.9808644837000494,0.9794801563537012,0.000001916362201847424
ANKS1B,28,0.1,2,0.9808644837000494,0.98071514366147,0.000000022302447122917815
DPP6,28,0.1,0,0.9416880386247677,0.9523126392431832,0.00011288213830083555
DPP6,28,0.1,1,0.9416880386247677,0.9522985730574564,0.00011258344094727182
DPP6,28,0.1,2,0.9416880386247677,0.9550495576653579,0.00017853019107205557
GYPC,28,0.1,0,1.0055706415031405,0.9654913661558264,0.0016063483123658147
GYPC,28,0.1,1,1.0055706415031405,0.9654006889301209,0.0016136250897186427
GYPC,28,0.1,2,1.0055706415031405,0.967388236939568,0.0014578960182563198
ZNF132,28,0.1,0,0.9784117051397758,0.9747697950890802,0.000013263508817357517
ZNF132,28,0.1,1,0.9784117051397758,0.9744508763502931,0.00001568816469959478
ZNF132,28,0.1,2,0.9784117051397758,0.97513177919282,0.000010757914217513957
PCDH10,28,0.1,0,0.8679958977637484,0.9868895142824099,0.014135692048886534
PCDH10,28,0.1,1,0.8679958977637484,0.9869245735256551,0.014144029918480731
PCDH10,28,0.1,2,0.8679958977637484,0.9890001451926932,0.014642027895845289
ZNF492,28,0.1,0,0.9467669188061418,0.9701517233262387,0.0005468490824431414
ZNF492,28,0.1,1,0.9467669188061418,0.9702958748909436,0.0005536117744405301
ZNF492,28,0.1,2,0.9467669188061418,0.9698631205882173,0.0005334345367583475
RBPMS2,28,0.1,0,1.014418022610102,0.9913271989697158,0.000533186136391422
RBPMS2,28,0.1,1,1.014418022610102,0.9913224181131508,0.0005334069470795948
RBPMS2,28,0.1,2,1.014418022610102,0.9931194698198297,0.0004536283509600191
PGR,28,0.1,0,0.9681169565144846,0.9780448186475607,0.00009856244653336554
PGR,28,0.1,1,0.9681169565144846,0.977861262285945,0.00009495149496771763
PGR,28,0.1,2,0.9681169565144846,0.9804884934120962,0.00015305492520896555
WDR17,28,0.1,0,0.9956622919308368,1.0014748610769342,0.00003378596007816348
WDR17,28,0.1,1,0.9956622919308368,1.0014451059524834,0.000033440938008952506
WDR17,28,0.1,2,0.9956622919308368,1.0039378079257897,0.00006848416498272143
ZNF625,28,0.1,0,0.9665655800458457,0.9697958055235938,0.000010434356637092905
ZNF625,28,0.1,1,0.9665655800458457,0.9696966402182908,0.000009803537803472143
ZNF625,28,0.1,2,0.9665655800458457,0.9736681473684363,0.00005044646257193216
ZNF568,28,0.1,0,0.9132687935885379,0.9882020800668918,0.0056149974224470635
ZNF568,28,0.1,1,0.9132687935885379,0.9897059865682907,0.005842644470623974
ZNF568,28,0.1,2,0.9132687935885379,0.987508792883584,0.005511577495328445
GPR88,28,0.1,0,0.9810431367458187,0.9646164580429945,0.00026983577320581866
GPR88,28,0.1,1,0.9810431367458187,0.9632345373216719,0.00031714621344972207
GPR88,28,0.1,2,0.9810431367458187,0.9646597947288691,0.00026841389564434537
ZNF415,28,0.1,0,0.9435470814473939,0.9740239204887169,0.0009288377179507119
ZNF415,28,0.1,1,0.9435470814473939,0.9751008745013444,0.0009956418560915388
ZNF415,28,0.1,2,0.9435470814473939,0.9739654450412646,0.0009252768437289204
SOX17,28,0.1,0,0.9977897254424498,0.9846327614825013,0.00017310570064338308
SOX17,28,0.1,1,0.9977897254424498,0.9838522640582302,0.00019425282983661211
SOX17,28,0.1,2,0.9977897254424498,0.9834675293414098,0.0002051253011566459
ZSCAN18,28,0.1,0,0.9788802834864421,0.9579040760229264,0.00044000127955245153
ZSCAN18,28,0.1,1,0.9788802834864421,0.9563464524841172,0.0005077735396413374
ZSCAN18,28,0.1,2,0.9788802834864421,0.9574277786281118,0.00046020996469668424
PCDH8,28,0.1,0,0.9795948087443259,0.9775393191234534,0.0000042250375815147445
PCDH8,28,0.1,1,0.9795948087443259,0.9741732941421626,0.00002939282058147027
PCDH8,28,0.1,2,0.9795948087443259,0.9587034234998307,0.0004364499774339112
ZNF788,28,0.1,0,0.9577683772635117,0.9613803824852061,0.000013046581721547314
ZNF788,28,0.1,1,0.9577683772635117,0.9628464117727648,0.00002578643447716474
ZNF788,28,0.1,2,0.9577683772635117,0.9562266982049233,0.0000023767743196899363
ZNF880,28,0.1,0,0.968257010584836,0.9704311561835812,0.00000472690908454304
ZNF880,28,0.1,1,0.968257010584836,0.9712336888999714,0.000008860613791797161
ZNF880,28,0.1,2,0.968257010584836,0.9675565106844052,0.0000004907001105036477
KRBA1,28,0.1,0,0.9994233716148996,0.9904185462143563,0.00008108688049426906
KRBA1,28,0.1,1,0.9994233716148996,0.9906969778576011,0.00007614994800741727
KRBA1,28,0.1,2,0.9994233716148996,0.9864137521566673,0.00016925019844801683
ZNF660,28,0.1,0,0.9625526766320519,0.9845018567467553,0.00048176650770768986
ZNF660,28,0.1,1,0.9625526766320519,0.9860198799404654,0.0005507096311184114
ZNF660,28,0.1,2,0.9625526766320519,0.9817080657203007,0.00036692893112219983
ZNF43,28,0.1,0,0.9560795072660104,0.9684635270029032,0.00015336394484374887
ZNF43,28,0.1,1,0.9560795072660104,0.9698251486514058,0.0001889426570958936
ZNF43,28,0.1,2,0.9560795072660104,0.9658478510140135,0.00009542053957915049
ACSS3,28,0.1,0,0.9567718539436403,0.9652415984680439,0.00007173657230866532
ACSS3,28,0.1,1,0.9567718539436403,0.9664062914881596,0.00009282238679924335
ACSS3,28,0.1,2,0.9567718539436403,0.962274560590096,0.000030279780436947634
RAB34,28,0.1,0,0.9676823492118586,0.9784859648605471,0.00011671811108458661
RAB34,28,0.1,1,0.9676823492118586,0.9798241663390205,0.00014742372314944185
RAB34,28,0.1,2,0.9676823492118586,0.9754290946593104,0.00006001206502761514
MAP9,28,0.1,0,0.9827702674238391,0.9634535623667744,0.00037313509426163016
MAP9,28,0.1,1,0.9827702674238391,0.9633736116258663,0.0003762302561450312
MAP9,28,0.1,2,0.9827702674238391,0.9610709238688105,0.00047086151071915955
ZNF813,28,0.1,0,0.975294218615062,0.9738737934732385,0.000002017607583524311
ZNF813,28,0.1,1,0.975294218615062,0.974830675649829,0.00000021487208061709415
ZNF813,28,0.1,2,0.975294218615062,0.9677217997692693,0.000057341527176117035
KHDRBS2,40,0.001,0,1.0435937549070995,0.9376866285121985,0.011216319421225529
KHDRBS2,40,0.001,1,1.0435937549070995,0.9375804117252574,0.011238828932591023
KHDRBS2,40,0.001,2,1.0435937549070995,0.9375769835495484,0.011239555809079257
NPY,40,0.001,0,0.9978986345030154,0.9914026521323122,0.00004219778696048751
NPY,40,0.001,1,0.9978986345030154,0.9914834360207423,0.00004115477156695936
NPY,40,0.001,2,0.9978986345030154,0.9926978032258279,0.00002704864597377189
FAM135B,40,0.001,0,0.9676024793619282,0.9939427723176815,0.0006938110329949038
FAM135B,40,0.001,1,0.9676024793619282,0.993893107855427,0.000691197146583167
FAM135B,40,0.001,2,0.9676024793619282,0.9952723868159621,0.0007656237785147985
PCSK2,40,0.001,0,0.975887799732415,0.9958904320512213,0.00040010529968135346
PCSK2,40,0.001,1,0.975887799732415,0.9959930902378807,0.00040422270630917015
PCSK2,40,0.001,2,0.975887799732415,0.9991531431455786,0.0005412762041324327
HPSE2,40,0.001,0,0.9835382975284161,0.9873956141585492,0.00001487889158510061
HPSE2,40,0.001,1,0.9835382975284161,0.9874817240856557,0.000015550613012342248
HPSE2,40,0.001,2,0.9835382975284161,0.9892559823790239,0.00003269192005086939
RSPO2,40,0.001,0,0.9776663229408504,0.9958253008549374,0.0003297484788842972
RSPO2,40,0.001,1,0.9776663229408504,0.9957341702893266,0.0003264471078078391
RSPO2,40,0.001,2,0.9776663229408504,0.9970874079865033,0.0003771785443504817
ADHFE1,40,0.001,0,0.9955411817843213,1.0017291277697886,0.00003829067551906145
ADHFE1,40,0.001,1,0.9955411817843213,1.0017217358368553,0.00003819924839629491
ADHFE1,40,0.001,2,0.9955411817843213,1.0032202024603554,0.000058967358542959184
MAL,40,0.001,0,1.0148846604671506,1.0017538748140697,0.00017241753186715523
MAL,40,0.001,1,1.0148846604671506,1.0017673442583137,0.00017206398452261626
MAL,40,0.001,2,1.0148846604671506,1.002762839518605,0.00014693854310859984
SFRP1,40,0.001,0,1.0253717406195697,0.9695349060630651,0.0031177520932904627
SFRP1,40,0.001,1,1.0253717406195697,0.9695583077452097,0.0031151392892206924
SFRP1,40,0.001,2,1.0253717406195697,0.9701920960072158,0.0030447931795456787
CRHBP,40,0.001,0,1.013700912700268,0.9972811053041143,0.00026961007492678655
CRHBP,40,0.001,1,1.013700912700268,0.9972187442162954,0.0002716618779340616
CRHBP,40,0.001,2,1.013700912700268,0.9981099149768634,0.00024307921001120945
CPEB1,40,0.001,0,1.0396094377914515,0.9997695482483001,0.0015872167988105067
CPEB1,40,0.001,1,1.0396094377914515,0.9998359345697255,0.0015819315585286497
CPEB1,40,0.001,2,1.0396094377914515,1.000249959088849,0.001549168563740627
CHL1,40,0.001,0,0.9259425917723945,0.9944969117572162,0.004699694788581331
CHL1,40,0.001,1,0.9259425917723945,0.994985430463134,0.004766913574475486
CHL1,40,0.001,2,0.9259425917723945,0.9982592008380421,0.005229691946753709
GRIN2A,40,0.001,0,1.0193705311732748,0.9951982687084711,0.0005842982726673603
GRIN2A,40,0.001,1,1.0193705311732748,0.9952954765912738,0.0005796082531263268
GRIN2A,40,0.001,2,1.0193705311732748,0.9962503243908112,0.0005345439616638771
AFF3,40,0.001,0,1.0187319894289835,0.9994333618393311,0.00037243702684409263
AFF3,40,0.001,1,1.0187319894289835,0.9995567045240813,0.00036769155118416896
AFF3,40,0.001,2,1.0187319894289835,1.0001221114910868,0.0003463275568634144
ANKS1B,40,0.001,0,0.9717637417638169,0.9943192773690437,0.0005087521864386552
ANKS1B,40,0.001,1,0.9717637417638169,0.9942011891168187,0.0005034390437187272
ANKS1B,40,0.001,2,0.9717637417638169,0.9952963407479967,0.0005537832149502206
DPP6,40,0.001,0,1.010093889055951,0.9706621885999268,0.0015548590008536173
DPP6,40,0.001,1,1.010093889055951,0.9706723464293006,0.0015540580230648169
DPP6,40,0.001,2,1.010093889055951,0.9715898974785971,0.001482557367388936
GYPC,40,0.001,0,1.0135868493656606,0.9867337911355024,0.0007210867363122646
GYPC,40,0.001,1,1.0135868493656606,0.9867965106973252,0.0007177222459641046
GYPC,40,0.001,2,1.0135868493656606,0.9879062360329935,0.0006594939011419553
ZNF132,40,0.001,0,0.9752105967937893,1.0196048428628983,0.001970849084044602
ZNF132,40,0.001,1,0.9752105967937893,1.0202777656817426,0.002031049711575302
ZNF132,40,0.001,2,0.9752105967937893,1.0195810839185062,0.0019687401276846698
PCDH10,40,0.001,0,0.9204345021662316,1.0083118691080872,0.007722431620633546
PCDH10,40,0.001,1,0.9204345021662316,1.0085635823781265,0.007766734778994608
PCDH10,40,0.001,2,0.9204345021662316,1.0098781939865078,0.008000174006440548
ZNF492,40,0.001,0,0.9607901090927436,0.988369996474618,0.0007606501879968712
ZNF492,40,0.001,1,0.9607901090927436,0.9904967696111755,0.0008824856791573576
ZNF492,40,0.001,2,0.9607901090927436,0.9881695849008146,0.0007496356955247444
RBPMS2,40,0.001,0,1.000438621655957,0.9963014406305335,0.000017116266837125048
RBPMS2,40,0.001,1,1.000438621655957,0.996305886455587,0.000017079500236377698
RBPMS2,40,0.001,2,1.000438621655957,0.99767299167048,0.000007648709216570263
PGR,40,0.001,0,1.0028116158312725,1.00122422308649,0.0000025198157261880516
PGR,40,0.001,1,1.0028116158312725,1.001471322882869,0.0000017963851875399649
PGR,40,0.001,2,1.0028116158312725,1.0027384564928394,0.0000000053522887999694745
WDR17,40,0.001,0,1.0144933553045712,1.0134865024162285,0.0000010137527387639966
WDR17,40,0.001,1,1.0144933553045712,1.0135280137864977,0.0000009318842465164137
WDR17,40,0.001,2,1.0144933553045712,1.0150783431082289,0.0000003422107304282331
ZNF625,40,0.001,0,0.9484594543847118,0.9904753097887283,0.0017653321053312254
ZNF625,40,0.001,1,0.9484594543847118,0.9906363508067991,0.0017788905917994829
ZNF625,40,0.001,2,0.9484594543847118,0.9952411536142373,0.0021885273828017833
ZNF568,40,0.001,0,0.9780633754538764,0.9894733420430208,0.00013018733756539134
ZNF568,40,0.001,1,0.9780633754538764,0.9904593375665557,0.0001536598766989791
ZNF568,40,0.001,2,0.9780633754538764,0.9889104193529606,0.0001176583613486597
GPR88,40,0.001,0,0.9638768043340937,1.0001022622325528,0.0013122837999530329
GPR88,40,0.001,1,0.9638768043340937,1.0025946209308951,0.0014990693220235502
GPR88,40,0.001,2,0.9638768043340937,1.0002435130586256,0.0013225375034549409
ZNF415,40,0.001,0,1.0459620354922574,0.9653717572791651,0.006494792942463617
ZNF415,40,0.001,1,1.0459620354922574,0.960215325167258,0.007352498331559353
ZNF415,40,0.001,2,1.0459620354922574,0.9654809494373834,0.006477205212572039
SOX17,40,0.001,0,0.991599648675961,1.0009054117685652,0.00008659722673567494
SOX17,40,0.001,1,0.991599648675961,1.0016335421247657,0.00010067901774196762
SOX17,40,0.001,2,0.991599648675961,1.0002101980241866,0.00007414156007822991
ZSCAN18,40,0.001,0,0.9904447277806613,0.9842981994718292,0.00003777981025127453
ZSCAN18,40,0.001,1,0.9904447277806613,0.9847122171095958,0.00003286167859387989
ZSCAN18,40,0.001,2,0.9904447277806613,0.9840054946887516,0.00004146372281194412
PCDH8,40,0.001,0,0.9856756127162069,0.993069719165479,0.00005467281018316854
PCDH8,40,0.001,1,0.9856756127162069,0.9990878606406883,0.00017988839438775776
PCDH8,40,0.001,2,0.9856756127162069,0.9862724888712152,0.0000003562611444175679
ZNF788,40,0.001,0,0.9652204270872284,0.9834330997820094,0.0003317014466872213
ZNF788,40,0.001,1,0.9652204270872284,0.9842529712714346,0.0003622377381237609
ZNF788,40,0.001,2,0.9652204270872284,0.9813451571993604,0.00026000692118909654
ZNF880,40,0.001,0,0.9906338629152233,0.9864257150004816,0.000017708508872344636
ZNF880,40,0.001,1,0.9906338629152233,0.9854878094011627,0.000026481866769575564
ZNF880,40,0.001,2,0.9906338629152233,0.9844423574991809,0.000038334739316882484
KRBA1,40,0.001,0,0.9947950252621806,0.999062097217838,0.000018207903074758322
KRBA1,40,0.001,1,0.9947950252621806,0.9985287483073475,0.000013940687778010746
KRBA1,40,0.001,2,0.9947950252621806,0.9968666996176628,0.000004291834635162912
ZNF660,40,0.001,0,0.9930622505545106,0.9975901233123391,0.00002050163171108556
ZNF660,40,0.001,1,0.9930622505545106,0.9970744126526466,0.000016097444701719397
ZNF660,40,0.001,2,0.9930622505545106,0.9954762714833276,0.000005827497044766685
ZNF43,40,0.001,0,0.9700993961806184,0.9970738237986351,0.000727619745319623
ZNF43,40,0.001,1,0.9700993961806184,0.9978020185844584,0.0007674352880497393
ZNF43,40,0.001,2,0.9700993961806184,0.9958706482231918,0.0006641574318418471
ACSS3,40,0.001,0,0.9968139477942545,0.9897575417860468,0.00004979286575266933
ACSS3,40,0.001,1,0.9968139477942545,0.9885996455405713,0.00006747476151486386
ACSS3,40,0.001,2,0.9968139477942545,0.9873478094852102,0.00008960777448595613
RAB34,40,0.001,0,0.980265650701536,0.9928950949352042,0.00015950286165133457
RAB34,40,0.001,1,0.980265650701536,0.9928840589684693,0.0001592242271910101
RAB34,40,0.001,2,0.980265650701536,0.9911521449380513,0.00011851575676167912
MAP9,40,0.001,0,0.978176452162152,0.9898584544590773,0.00013646917766536767
MAP9,40,0.001,1,0.978176452162152,0.9896906152915602,0.00013257595257062387
MAP9,40,0.001,2,0.978176452162152,0.9886571265721316,0.00010984453608800068
ZNF813,40,0.001,0,1.0176135849131827,0.9857476653348356,0.0010154368305736823
ZNF813,40,0.001,1,1.0176135849131827,0.9810153855362763,0.0013394281976317874
ZNF813,40,0.001,2,1.0176135849131827,0.9783386387809537,0.001542521393689484
KHDRBS2,40,0.01,0,1.0435937549070995,0.9382536543394304,0.011096536787606633
KHDRBS2,40,0.01,1,1.0435937549070995,0.9381511905636004,0.011118134375332944
KHDRBS2,40,0.01,2,1.0435937549070995,0.9381548247253517,0.011117367997871481
NPY,40,0.01,0,0.9978986345030154,0.9913750207262917,0.00004255753670785958
NPY,40,0.01,1,0.9978986345030154,0.9914539595262963,0.00004153383555554905
NPY,40,0.01,2,0.9978986345030154,0.9926658676438976,0.00002738184900188132
FAM135B,40,0.01,0,0.9676024793619282,0.993879358767611,0.0006904743913007966
FAM135B,40,0.01,1,0.9676024793619282,0.9938313450839921,0.0006879533970660556
FAM135B,40,0.01,2,0.9676024793619282,0.9952075550324981,0.0007620402027778909
PCSK2,40,0.01,0,0.975887799732415,0.9958984930051522,0.00040042784525556944
PCSK2,40,0.01,1,0.975887799732415,0.9959994951014343,0.0004044802906162301
PCSK2,40,0.01,2,0.975887799732415,0.9991178763877553,0.000539636461412985
HPSE2,40,0.01,0,0.9835382975284161,0.9874006956512155,0.000014918119259003675
HPSE2,40,0.01,1,0.9835382975284161,0.9874854313493329,0.000015579865400224586
HPSE2,40,0.01,2,0.9835382975284161,0.9892481350789161,0.000032602244853098914
RSPO2,40,0.01,0,0.9776663229408504,0.9957179569239805,0.0003258614894608951
RSPO2,40,0.01,1,0.9776663229408504,0.9956286625623095,0.0003226456446766395
RSPO2,40,0.01,2,0.9776663229408504,0.9969659701439989,0.0003724763821659967
ADHFE1,40,0.01,0,0.9955411817843213,1.0016519291042993,0.000037341232808619185
ADHFE1,40,0.01,1,0.9955411817843213,1.0016447958279162,0.00003725410439316938
ADHFE1,40,0.01,2,0.9955411817843213,1.0031242846974102,0.00005750344979049806
MAL,40,0.01,0,1.0148846604671506,1.0016554127674897,0.00017501299469898426
MAL,40,0.01,1,1.0148846604671506,1.0016686046019347,0.00017466413263250767
MAL,40,0.01,2,1.0148846604671506,1.0026567142790086,0.0001495226679800976
SFRP1,40,0.01,0,1.0253717406195697,0.9702269718641857,0.003040945521084774
SFRP1,40,0.01,1,1.0253717406195697,0.9702508388461405,0.0030383138123160312
SFRP1,40,0.01,2,1.0253717406195697,0.9708888055628648,0.002968390212393121
CRHBP,40,0.01,0,1.013700912700268,0.9971587671557721,0.00027364257921528743
CRHBP,40,0.01,1,1.013700912700268,0.9970966525528915,0.00027570145504175855
CRHBP,40,0.01,2,1.013700912700268,0.9979800003104868,0.00024714708636717727
CPEB1,40,0.01,0,1.0396094377914515,0.9995404580184658,0.00160552314004794
CPEB1,40,0.01,1,1.0396094377914515,0.9996047206986395,0.0016003773896759294
CPEB1,40,0.01,2,1.0396094377914515,1.0000241867749546,0.0015669920980390692
CHL1,40,0.01,0,0.9259425917723945,0.9943312606915772,0.004677010036537588
CHL1,40,0.01,1,0.9259425917723945,0.9948085123213507,0.004742515013055153
CHL1,40,0.01,2,0.9259425917723945,0.9980568968020771,0.00520047298991411
GRIN2A,40,0.01,0,1.0193705311732748,0.9951778205014222,0.0005852872496519697
GRIN2A,40,0.01,1,1.0193705311732748,0.9952723732205347,0.0005807212167152091
GRIN2A,40,0.01,2,1.0193705311732748,0.9962212615491707,0.0005358886841294702
AFF3,40,0.01,0,1.0187319894289835,0.9992623686596956,0.0003790661328998837
AFF3,40,0.01,1,1.0187319894289835,0.9993816613632098,0.00037443519625306686
AFF3,40,0.01,2,1.0187319894289835,0.9999508690183478,0.0003527304838787939
ANKS1B,40,0.01,0,0.9717637417638169,0.9944894562796126,0.0005164581002534496
ANKS1B,40,0.01,1,0.9717637417638169,0.994375587284189,0.0005112955578371717
ANKS1B,40,0.01,2,0.9717637417638169,0.9954609571622137,0.0005615580176380174
DPP6,40,0.01,0,1.010093889055951,0.9708217844641132,0.0015422981990722501
DPP6,40,0.01,1,1.010093889055951,0.9708320877933013,0.0015414890383877989
DPP6,40,0.01,2,1.010093889055951,0.9717470869179102,0.0014704772342140472
GYPC,40,0.01,0,1.0135868493656606,0.986792834472541,0.0007179192340927155
GYPC,40,0.01,1,1.0135868493656606,0.9868538300562136,0.0007146543213992628
GYPC,40,0.01,2,1.0135868493656606,0.9879590554470598,0.000656783821134273
ZNF132,40,0.01,0,0.9752105967937893,1.0185595540785173,0.0018791320976731714
ZNF132,40,0.01,1,0.9752105967937893,1.0192054563693567,0.0019355476690738917
ZNF132,40,0.01,2,0.9752105967937893,1.01856787016781,0.0018798531544295671
PCDH10,40,0.01,0,0.9204345021662316,1.0081628110091667,0.007696256172441412
PCDH10,40,0.01,1,0.9204345021662316,1.0084130696605749,0.0077402283383567186
PCDH10,40,0.01,2,0.9204345021662316,1.0097042536796303,0.007969088535263963
ZNF492,40,0.01,0,0.9607901090927436,0.9885909831059858,0.0007728885959001633
ZNF492,40,0.01,1,0.9607901090927436,0.9906938722998222,0.0008942350539450247
ZNF492,40,0.01,2,0.9607901090927436,0.9883936298454172,0.0007619543579432812
RBPMS2,40,0.01,0,1.000438621655957,0.9964465711649741,0.00001593646712255718
RBPMS2,40,0.01,1,1.000438621655957,0.9964510642797031,0.000015900613828917708
RBPMS2,40,0.01,2,1.000438621655957,0.9978002242618715,0.000006961140809117456
PGR,40,0.01,0,1.0028116158312725,1.0008572485483371,0.000003819551476608336
PGR,40,0.01,1,1.0028116158312725,1.0010955622534206,0.000002944839882058594
PGR,40,0.01,2,1.0028116158312725,1.0023510855724826,0.00000021208811926108578
WDR17,40,0.01,0,1.0144933553045712,1.0129296395912275,0.0000024452068321579434
WDR17,40,0.01,1,1.0144933553045712,1.0129690659450097,0.000002323458051672419
WDR17,40,0.01,2,1.0144933553045712,1.0144951143844294,0.000000000003094361947599563
ZNF625,40,0.01,0,0.9484594543847118,0.9905700189429401,0.00177329964741271
ZNF625,40,0.01,1,0.9484594543847118,0.9907276713778336,0.0017866021677776286
ZNF625,40,0.01,2,0.9484594543847118,0.9952440627870225,0.00218879958335756
ZNF568,40,0.01,0,0.9780633754538764,0.9897452010602729,0.0001364650494982589
ZNF568,40,0.01,1,0.9780633754538764,0.9907223055696827,0.00016024851167686544
ZNF568,40,0.01,2,0.9780633754538764,0.9891917746946742,0.00012384126966258864
GPR88,40,0.01,0,0.9638768043340937,0.999904532984908,0.0012979972317367036
GPR88,40,0.01,1,0.9638768043340937,1.0023440426226984,0.001479728421552292
GPR88,40,0.01,2,0.9638768043340937,1.0000327000382827,0.0013072487941721911
ZNF415,40,0.01,0,1.0459620354922574,0.9656798198160799,0.006445234153876288
ZNF415,40,0.01,1,1.0459620354922574,0.960616182365462,0.007283914645940538
ZNF415,40,0.01,2,1.0459620354922574,0.9657736578510795,0.006430175908724163
SOX17,40,0.01,0,0.991599648675961,1.0007400008426155,0.00008354603773046638
SOX17,40,0.01,1,0.991599648675961,1.0014524458516805,0.00009707761218586653
SOX17,40,0.01,2,0.991599648675961,1.00004912267977,0.00007139361094104633
ZSCAN18,40,0.01,0,0.9904447277806613,0.9843776151982083,0.00003680985508815903
ZSCAN18,40,0.01,1,0.9904447277806613,0.9847843387657375,0.000032040003800270345
ZSCAN18,40,0.01,2,0.9904447277806613,0.9840860764729409,0.000040432446453174324
PCDH8,40,0.01,0,0.9856756127162069,0.9930539339271146,0.0000544396238913313
PCDH8,40,0.01,1,0.9856756127162069,0.9989859947207227,0.00017716626910613915
PCDH8,40,0.01,2,0.9856756127162069,0.9862893780180679,0.0000003767078457686227
ZNF788,40,0.01,0,0.9652204270872284,0.9835939740381556,0.00033758722755792577
ZNF788,40,0.01,1,0.9652204270872284,0.9844339884581808,0.000369160940555351
ZNF788,40,0.01,2,0.9652204270872284,0.9815312433389024,0.00026604272679587156
ZNF880,40,0.01,0,0.9906338629152233,0.9865480545252518,0.000016693830199560788
ZNF880,40,0.01,1,0.9906338629152233,0.9856320594322276,0.000025018038082507064
ZNF880,40,0.01,2,0.9906338629152233,0.9845763700722643,0.00003669321954249924
KRBA1,40,0.01,0,0.9947950252621806,0.9990217223437206,0.00001786496821909874
KRBA1,40,0.01,1,0.9947950252621806,0.998498598967954,0.000013716458194096524
KRBA1,40,0.01,2,0.9947950252621806,0.9968376341339197,0.000004172251002907388
ZNF660,40,0.01,0,0.9930622505545106,0.9974625770614377,0.00001936287336756544
ZNF660,40,0.01,1,0.9930622505545106,0.9969522814926078,0.000015132340699353812
ZNF660,40,0.01,2,0.9930622505545106,0.9953615039066612,0.000005286565977375969
ZNF43,40,0.01,0,0.9700993961806184,0.9968445339034337,0.000715302391812363
ZNF43,40,0.01,1,0.9700993961806184,0.9975591697984848,0.000754039167144474
ZNF43,40,0.01,2,0.9700993961806184,0.9956428572454104,0.0006524684031685446
ACSS3,40,0.01,0,0.9968139477942545,0.9896564148794674,0.000051230277426259946
ACSS3,40,0.01,1,0.9968139477942545,0.988511399224105,0.00006893231275969065
ACSS3,40,0.01,2,0.9968139477942545,0.9872682444970302,0.00009112045143863813
RAB34,40,0.01,0,0.980265650701536,0.9929121050366274,0.00015993280724955138
RAB34,40,0.01,1,0.980265650701536,0.9929089264732132,0.00015985242223867768
RAB34,40,0.01,2,0.980265650701536,0.9911794327353612,0.0001191106382818458
MAP9,40,0.01,0,0.978176452162152,0.9898318859874943,0.00013584913765693314
MAP9,40,0.01,1,0.978176452162152,0.98967049102901,0.00013211292947284137
MAP9,40,0.01,2,0.978176452162152,0.9886368583462234,0.00010942009753575923
ZNF813,40,0.01,0,1.0176135849131827,0.9859113002883978,0.0010050348504308706
ZNF813,40,0.01,1,1.0176135849131827,0.9812674735152807,0.0013210398137487019
ZNF813,40,0.01,2,1.0176135849131827,0.9786023243640648,0.001521878449631159
KHDRBS2,40,0.1,0,1.0435937549070995,0.9431971295421725,0.010079482384665502
KHDRBS2,40,0.1,1,1.0435937549070995,0.9431242933007472,0.010094112715470296
KHDRBS2,40,0.1,2,1.0435937549070995,0.9431822380236679,0.010082472722831677
NPY,40,0.1,0,0.9978986345030154,0.9912852932490719,0.00004373628254111135
NPY,40,0.1,1,0.9978986345030154,0.9913500980518002,0.0000428833296528945
NPY,40,0.1,2,0.9978986345030154,0.9925202248242484,0.00002892729067265471
FAM135B,40,0.1,0,0.9676024793619282,0.9934095580085303,0.0006660053082719026
FAM135B,40,0.1,1,0.9676024793619282,0.9933746476662039,0.0006642046591039102
FAM135B,40,0.1,2,0.9676024793619282,0.9947072763760209,0.0007346700211751647
PCSK2,40,0.1,0,0.975887799732415,0.9958171040369703,0.00039717717006356666
PCSK2,40,0.1,1,0.975887799732415,0.9959039224288305,0.0004006451677979599
PCSK2,40,0.1,2,0.975887799732415,0.9986576298375257,0.000518465163015605
HPSE2,40,0.1,0,0.9835382975284161,0.9874808111167876,0.000015543413394493913
HPSE2,40,0.1,1,0.9835382975284161,0.987554441264236,0.000016129410506764792
HPSE2,40,0.1,2,0.9835382975284161,0.9891978338755372,0.00003203035166438393
RSPO2,40,0.1,0,0.9776663229408504,0.9948303038837378,0.0002946022418078019
RSPO2,40,0.1,1,0.9776663229408504,0.9947555659704,0.00029204222732301014
RSPO2,40,0.1,2,0.9776663229408504,0.9959510604188708,0.0003343316246401237
ADHFE1,40,0.1,0,0.9955411817843213,1.000876678656272,0.00002846752687059542
ADHFE1,40,0.1,1,0.9955411817843213,1.000871440300129,0.00002841165584534176
ADHFE1,40,0.1,2,0.9955411817843213,1.0021873365586562,0.00004417137328441518
MAL,40,0.1,0,1.0148846604671506,1.0007747782892769,0.00019908877507348037
MAL,40,0.1,1,1.0148846604671506,1.0007857577564314,0.00019877905764632606
MAL,40,0.1,2,1.0148846604671506,1.001701904157085,0.00017378506393057736
SFRP1,40,0.1,0,1.0253717406195697,0.9753355458171132,0.0025036207903093716
SFRP1,40,0.1,1,1.0253717406195697,0.9753612811136395,0.0025010460599942837
SFRP1,40,0.1,2,1.0253717406195697,0.9760096665510586,0.002436614356345178
CRHBP,40,0.1,0,1.013700912700268,0.9962044407815464,0.0003061265296026178
CRHBP,40,0.1,1,1.013700912700268,0.9961448392725873,0.0003082157141981174
CRHBP,40,0.1,2,1.013700912700268,0.9969518477136328,0.00028053117792653287
CPEB1,40,0.1,0,1.0396094377914515,0.9978205792720836,0.0017463086963517536
CPEB1,40,0.1,1,1.0396094377914515,0.9978690598892183,0.0017422591474212446
CPEB1,40,0.1,2,1.0396094377914515,0.9983162271382875,0.0017051292460465808
CHL1,40,0.1,0,0.9259425917723945,0.9932355201414463,0.004528338208482347
CHL1,40,0.1,1,0.9259425917723945,0.9936251679601225,0.004580931119407604
CHL1,40,0.1,2,0.9259425917723945,0.9966089550964807,0.0049937349054517645
GRIN2A,40,0.1,0,1.0193705311732748,0.9949170650668129,0.0005979720046198824
GRIN2A,40,0.1,1,1.0193705311732748,0.9949910847357254,0.0005943574086013407
GRIN2A,40,0.1,2,1.0193705311732748,0.9958750904508878,0.0005520357347391996
AFF3,40,0.1,0,1.0187319894289835,0.9979788205616753,0.00043069401803500857
AFF3,40,0.1,1,1.0187319894289835,0.99806824766452,0.00042699022370843337
AFF3,40,0.1,2,1.0187319894289835,0.9986511213656478,0.00040324126217709344
ANKS1B,40,0.1,0,0.9717637417638169,0.9955866135560133,0.0005675292204274289
ANKS1B,40,0.1,1,0.9717637417638169,0.9955037610188991,0.0005635885142316779
ANKS1B,40,0.1,2,0.9717637417638169,0.9965160379165582,0.0006126761648330131
DPP6,40,0.1,0,1.010093889055951,0.9723097859949695,0.0014276384441228682
DPP6,40,0.1,1,1.010093889055951,0.972321257140282,0.0014267717218366194
DPP6,40,0.1,2,1.010093889055951,0.9732020538476058,0.0013610075050396954
GYPC,40,0.1,0,1.0135868493656606,0.9872885299717127,0.0006916016029460956
GYPC,40,0.1,1,1.0135868493656606,0.9873361170567737,0.0006891009467528364
GYPC,40,0.1,2,1.0135868493656606,0.9883815141450197,0.0006353089235848773
ZNF132,40,0.1,0,0.9752105967937893,1.0116669807637741,0.0013290679321669684
ZNF132,40,0.1,1,0.9752105967937893,1.0121381939059588,0.0013636474284787114
ZNF132,40,0.1,2,0.9752105967937893,1.0118961722870987,0.0013458314492753047
PCDH10,40,0.1,0,0.9204345021662316,1.0067382832837861,0.0074483426351867645
PCDH10,40,0.1,1,0.9204345021662316,1.0069746903824301,0.007489204176495075
PCDH10,40,0.1,2,0.9204345021662316,1.0080868427449452,0.0076829328089268074
ZNF492,40,0.1,0,0.9607901090927436,0.9901870407492611,0.0008641795908179588
ZNF492,40,0.1,1,0.9607901090927436,0.9920691966574734,0.000978381318882031
ZNF492,40,0.1,2,0.9607901090927436,0.9900169469148971,0.0008542080490824569
RBPMS2,40,0.1,0,1.000438621655957,0.9973553143173263,0.000009506784144454703
RBPMS2,40,0.1,1,1.000438621655957,0.9973594014971101,0.00000948159678664965
RBPMS2,40,0.1,2,1.000438621655957,0.9985536482741604,0.000003553124650082153
PGR,40,0.1,0,1.0028116158312725,0.9981525987974694,0.00002170643972126757
PGR,40,0.1,1,1.0028116158312725,0.9983286178159971,0.000020097271204963246
PGR,40,0.1,2,1.0028116158312725,0.9994681013149411,0.000011179089320918889
WDR17,40,0.1,0,1.0144933553045712,1.0087021511471397,0.00003353804559305197
WDR17,40,0.1,1,1.0144933553045712,1.0087275414076016,0.000033244609894487976
WDR17,40,0.1,2,1.0144933553045712,1.0100484672749155,0.000019757029596176554
ZNF625,40,0.1,0,0.9484594543847118,0.9911994856793935,0.001826710275070374
ZNF625,40,0.1,1,0.9484594543847118,0.9913289184271248,0.00183779094728374
ZNF625,40,0.1,2,0.9484594543847118,0.9951342558976495,0.0021785370962721295
ZNF568,40,0.1,0,0.9780633754538764,0.9917708207926567,0.00018789405771564734
ZNF568,40,0.1,1,0.9780633754538764,0.9926623898329312,0.00021313122083984744
ZNF568,40,0.1,2,0.9780633754538764,0.991301867145503,0.0001752576622692638
GPR88,40,0.1,0,0.9638768043340937,0.9982699157072563,0.0011828861099267658
GPR88,40,0.1,1,0.9638768043340937,1.0002849796729776,0.0013255552315069104
GPR88,40,0.1,2,0.9638768043340937,0.9982962937384794,0.001184701250858617
ZNF415,40,0.1,0,1.0459620354922574,0.96817157818812,0.006051355247586818
ZNF415,40,0.1,1,1.0459620354922574,0.9638792572452497,0.006737582484747443
ZNF415,40,0.1,2,1.0459620354922574,0.9681354995909411,0.006056969690398871
SOX17,40,0.1,0,0.991599648675961,0.9993540016723474,0.00006012999039256819
SOX17,40,0.1,1,0.991599648675961,0.9999413866458584,0.00006958459235842893
SOX17,40,0.1,2,0.991599648675961,0.998709982979923,0.00005055685391409904
ZSCAN18,40,0.1,0,0.9904447277806613,0.985123092066448,0.000028319806674790403
ZSCAN18,40,0.1,1,0.9904447277806613,0.9854762848425264,0.00002468542522950276
ZSCAN18,40,0.1,2,0.9904447277806613,0.9848403848270465,0.00003140865994173167
PCDH8,40,0.1,0,0.9856756127162069,0.9928986796965399,0.00005217269660237742
PCDH8,40,0.1,1,0.9856756127162069,0.9981017599401786,0.0001544091348318203
PCDH8,40,0.1,2,0.9856756127162069,0.9865123333491882,0.0000007001014176567061
ZNF788,40,0.1,0,0.9652204270872284,0.984889645527794,0.00038687815406268476
ZNF788,40,0.1,1,0.9652204270872284,0.9858594599807838,0.0004259696787812617
ZNF788,40,0.1,2,0.9652204270872284,0.9830556323470004,0.0003180945466581989
ZNF880,40,0.1,0,0.9906338629152233,0.9874656400151103,0.000010037636344800316
ZNF880,40,0.1,1,0.9906338629152233,0.9867178454742751,0.000015335192597810182
ZNF880,40,0.1,2,0.9906338629152233,0.9856141181053806,0.00002519783795594258
KRBA1,40,0.1,0,0.9947950252621806,0.998564744828614,0.000014210785609551277
KRBA1,40,0.1,1,0.9947950252621806,0.9981151403323898,0.000011023164079430504
KRBA1,40,0.1,2,0.9947950252621806,0.996503371452677,0.000002918446706583643
ZNF660,40,0.1,0,0.9930622505545106,0.996579162306312,0.000012368668269959256
ZNF660,40,0.1,1,0.9930622505545106,0.9961197080215687,0.000009348046162869333
ZNF660,40,0.1,2,0.9930622505545106,0.9946101021133533,0.0000023958444482118966
ZNF43,40,0.1,0,0.9700993961806184,0.9951140679521927,0.0006257338038395986
ZNF43,40,0.1,1,0.9700993961806184,0.9957202806144345,0.0006564297191709632
ZNF43,40,0.1,2,0.9700993961806184,0.9939527878590373,0.0005689842945640657
ACSS3,40,0.1,0,0.9968139477942545,0.988972520466172,0.00006148798254159846
ACSS3,40,0.1,1,0.9968139477942545,0.9879450232162138,0.00007865782317097389
ACSS3,40,0.1,2,0.9968139477942545,0.9867867839385132,0.00010054401498988507
RAB34,40,0.1,0,0.980265650701536,0.9929743750784125,0.00016151167528741304
RAB34,40,0.1,1,0.980265650701536,0.9930213732791534,0.00016270845847713745
RAB34,40,0.1,2,0.980265650701536,0.9913501539277666,0.00012286621177231565
MAP9,40,0.1,0,0.978176452162152,0.9896447495373131,0.00013152184468512664
MAP9,40,0.1,1,0.978176452162152,0.9895318768405686,0.00012894566962719407
MAP9,40,0.1,2,0.978176452162152,0.9885184872703131,0.00010695769017843716
ZNF813,40,0.1,0,1.0176135849131827,0.9871454383496419,0.000928307955017403
ZNF813,40,0.1,1,1.0176135849131827,0.9832081510028671,0.0011837338825570936
ZNF813,40,0.1,2,1.0176135849131827,0.9807029168297943,0.0013623974183620661
