cell,mouse,cell_type,age_weeks,beta
Blood14_A01_merged_L001,mouse14,NveCD4T,36,0.044202
Blood14_A02_merged_L001,mouse14,BCell,36,0.0515117
Blood14_A03_merged_L001,mouse14,BCell,36,0.051295
Blood14_A04_merged_L001,mouse14,MemCD8T,36,0.054213
Blood14_A05_merged_L001,mouse14,EffCD4T,36,0.059097
Blood14_A06_merged_L001,mouse14,BCell,36,0.0520472
Blood14_A07_merged_L001,mouse14,NveCD4T,36,0.0531803
Blood14_A08_merged_L001,mouse14,NveCD4T,36,0.0521789
Blood14_A09_merged_L001,mouse14,BCell,36,0.0350569
Blood14_A10_merged_L001,mouse14,BCell,36,0.0500117
Blood14_A11_merged_L001,mouse14,BCell,36,0.0371504
Blood14_A12_merged_L001,mouse14,BCell,36,0.0303934
Blood14_B01_merged_L001,mouse14,BCell,36,0.0479017
Blood14_B02_merged_L001,mouse14,BCell,36,0.0545357
Blood14_B03_merged_L001,mouse14,BCell,36,0.0499877
Blood14_B04_merged_L001,mouse14,BCell,36,0.0504481
Blood14_B05_merged_L001,mouse14,NveCD4T,36,0.0492274
Blood14_B06_merged_L001,mouse14,NveCD4T,36,0.0527211
Blood14_B07_merged_L001,mouse14,Mono,36,0.0512469
Blood14_B08_merged_L001,mouse14,NveCd8T,36,0.0510272
Blood14_B09_merged_L001,mouse14,BCell,36,0.0548582
Blood14_B10_merged_L001,mouse14,BCell,36,0.0525601
Blood14_B11_merged_L001,mouse14,,36,0.0496203
Blood14_B12_merged_L001,mouse14,MemCD8T,36,0.0516563
Blood14_C01_merged_L001,mouse14,NveCD4T,36,0.0472769
Blood14_C02_merged_L001,mouse14,NveCd8T,36,0.0555272
Blood14_C03_merged_L001,mouse14,,36,0.0565255
Blood14_C04_merged_L001,mouse14,BCell,36,0.0478512
Blood14_C05_merged_L001,mouse14,BCell,36,0.0491074
Blood14_C06_merged_L001,mouse14,BCell,36,0.0530565
Blood14_C07_merged_L001,mouse14,BCell,36,0.0466117
Blood14_C08_merged_L001,mouse14,MemCD8T,36,0.0489702
Blood14_C09_merged_L001,mouse14,BCell,36,0.0538588
Blood14_C10_merged_L001,mouse14,BCell,36,0.0778023
Blood14_C11_merged_L001,mouse14,NveCd8T,36,0.0578087
Blood14_C12_merged_L001,mouse14,BCell,36,0.0463984
Blood14_D01_merged_L001,mouse14,BCell,36,0.0453238
Blood14_D02_merged_L001,mouse14,,36,0.0513524
Blood14_D03_merged_L001,mouse14,,36,0.0531032
Blood14_D04_merged_L001,mouse14,BCell,36,0.0522667
Blood14_D05_merged_L001,mouse14,MemCD8T,36,0.0436148
Blood14_D06_merged_L001,mouse14,BCell,36,0.0500486
Blood14_D07_merged_L001,mouse14,NveCd8T,36,0.0480796
Blood14_D08_merged_L001,mouse14,BCell,36,0.0495494
Blood14_D09_merged_L001,mouse14,NveCd8T,36,0.0490038
Blood14_D10_merged_L001,mouse14,Mono,36,0.0460675
Blood14_D11_merged_L001,mouse14,BCell,36,0.0524324
Blood14_D12_merged_L001,mouse14,BCell,36,0.0744683
Blood14_E01_merged_L001,mouse14,BCell,36,0.048959
Blood14_E02_merged_L001,mouse14,BCell,36,0.0441624
Blood14_E03_merged_L001,mouse14,,36,0.0484199
Blood14_E04_merged_L001,mouse14,NveCD4T,36,0.0514007
Blood14_E05_merged_L001,mouse14,BCell,36,0.0480687
Blood14_E06_merged_L001,mouse14,BCell,36,0.0483379
Blood14_E07_merged_L001,mouse14,EffCD4T,36,0.0575378
Blood14_E08_merged_L001,mouse14,BCell,36,0.0474211
Blood14_E09_merged_L001,mouse14,BCell,36,0.0523831
Blood14_E10_merged_L001,mouse14,NveCD4T,36,0.0523781
Blood14_E11_merged_L001,mouse14,NveCd8T,36,0.0482467
Blood14_E12_merged_L001,mouse14,BCell,36,0.0442706
Blood14_F01_merged_L001,mouse14,BCell,36,0.0521502
Blood14_F02_merged_L001,mouse14,BCell,36,0.0513462
Blood14_F03_merged_L001,mouse14,Mono,36,0.044836
Blood14_F04_merged_L001,mouse14,BCell,36,0.0532539
Blood14_F05_merged_L001,mouse14,BCell,36,0.051502
Blood14_F06_merged_L001,mouse14,BCell,36,0.0484233
Blood14_F07_merged_L001,mouse14,MemCD8T,36,0.0544329
Blood14_F08_merged_L001,mouse14,,36,0.0495535
Blood14_F09_merged_L001,mouse14,BCell,36,0.0540937
Blood14_F10_merged_L001,mouse14,BCell,36,0.0496844
Blood14_F11_merged_L001,mouse14,BCell,36,0.0545556
Blood14_F12_merged_L001,mouse14,NveCD4T,36,0.0468378
Blood14_G01_merged_L001,mouse14,BCell,36,0.0363454
Blood14_G02_merged_L001,mouse14,NveCD4T,36,0.0513139
Blood14_G03_merged_L001,mouse14,BCell,36,0.0530839
Blood14_G04_merged_L001,mouse14,BCell,36,0.0475596
Blood14_G05_merged_L001,mouse14,RegT,36,0.048106
Blood14_G06_merged_L001,mouse14,NveCD4T,36,0.0531092
Blood14_G07_merged_L001,mouse14,Neut,36,0.0476694
Blood14_G08_merged_L001,mouse14,NveCd8T,36,0.049717
Blood14_G09_merged_L001,mouse14,BCell,36,0.0506952
Blood14_G10_merged_L001,mouse14,,36,0.0508472
Blood14_G11_merged_L001,mouse14,MemCD4T,36,0.048568
Blood14_G12_merged_L001,mouse14,BCell,36,0.0478418
Blood14_H02_merged_L001,mouse14,EffCD4T,36,0.0591813
Blood14_H03_merged_L001,mouse14,BCell,36,0.0513914
Blood14_H04_merged_L001,mouse14,BCell,36,0.0510871
Blood14_H05_merged_L001,mouse14,BCell,36,0.0522819
Blood14_H06_merged_L001,mouse14,MemCD8T,36,0.0578875
Blood14_H07_merged_L001,mouse14,BCell,36,0.0581224
Blood14_H08_merged_L001,mouse14,BCell,36,0.0520492
Blood14_H09_merged_L001,mouse14,BCell,36,0.0523206
Blood14_H10_merged_L001,mouse14,BCell,36,0.0537411
Blood14_H11_merged_L001,mouse14,BCell,36,0.0499207
Blood21_A02_merged_L001,mouse21,Baso,77,0.0595395
Blood21_A03_merged_L001,mouse21,BCell,77,0.0601558
Blood21_A04_merged_L001,mouse21,BCell,77,0.0584402
Blood21_A05_merged_L001,mouse21,NveCD4T,77,0.0709786
Blood21_A06_merged_L001,mouse21,RegT,77,0.062993
Blood21_A07_merged_L001,mouse21,NveCD4T,77,0.0514781
Blood21_A08_merged_L001,mouse21,BCell,77,0.0605799
Blood21_A09_merged_L001,mouse21,BCell,77,0.0616116
Blood21_A10_merged_L001,mouse21,BCell,77,0.0620308
Blood21_A11_merged_L001,mouse21,BCell,77,0.0507398
Blood21_A12_merged_L001,mouse21,BCell,77,0.0603051
Blood21_B01_merged_L001,mouse21,BCell,77,0.0537843
Blood21_B02_merged_L001,mouse21,NveCD4T,77,0.0595698
Blood21_B03_merged_L001,mouse21,NveCD4T,77,0.0596116
Blood21_B04_merged_L001,mouse21,BCell,77,0.0682049
Blood21_B05_merged_L001,mouse21,Neut,77,0.0576866
Blood21_B06_merged_L001,mouse21,BCell,77,0.0653552
Blood21_B07_merged_L001,mouse21,BCell,77,0.0585533
Blood21_B08_merged_L001,mouse21,MemCD8T,77,0.0660988
Blood21_B09_merged_L001,mouse21,BCell,77,0.0536532
Blood21_B10_merged_L001,mouse21,NveCD4T,77,0.0563268
Blood21_B11_merged_L001,mouse21,MemCD8T,77,0.068522
Blood21_B12_merged_L001,mouse21,MemCD8T,77,0.0387319
Blood21_C01_merged_L001,mouse21,BCell,77,0.0534122
Blood21_C02_merged_L001,mouse21,BCell,77,0.0562141
Blood21_C03_merged_L001,mouse21,NK,77,0.0619146
Blood21_C04_merged_L001,mouse21,BCell,77,0.0582132
Blood21_C05_merged_L001,mouse21,EffCD4T,77,0.0619833
Blood21_C06_merged_L001,mouse21,MemCD8T,77,0.0958874
Blood21_C07_merged_L001,mouse21,BCell,77,0.0589629
Blood21_C08_merged_L001,mouse21,MemCD8T,77,0.0605994
Blood21_C09_merged_L001,mouse21,NveCD4T,77,0.0625262
Blood21_C10_merged_L001,mouse21,BCell,77,0.0929132
Blood21_C11_merged_L001,mouse21,BCell,77,0.0612138
Blood21_C12_merged_L001,mouse21,BCell,77,0.0687402
Blood21_D01_merged_L001,mouse21,EffCD4T,77,0.0667498
Blood21_D02_merged_L001,mouse21,BCell,77,0.0621301
Blood21_D03_merged_L001,mouse21,BCell,77,0.0573955
Blood21_D04_merged_L001,mouse21,EffCD4T,77,0.0713176
Blood21_D05_merged_L001,mouse21,BCell,77,0.0659912
Blood21_D06_merged_L001,mouse21,MemCD8T,77,0.067576
Blood21_D07_merged_L001,mouse21,BCell,77,0.061819
Blood21_D08_merged_L001,mouse21,BCell,77,0.0583251
Blood21_D09_merged_L001,mouse21,,77,0.0618184
Blood21_D10_merged_L001,mouse21,NveCd8T,77,0.0570344
Blood21_D11_merged_L001,mouse21,BCell,77,0.0572033
Blood21_D12_merged_L001,mouse21,BCell,77,0.0566545
Blood21_E01_merged_L001,mouse21,BCell,77,0.0554464
Blood21_E02_merged_L001,mouse21,BCell,77,0.0561713
Blood21_E03_merged_L001,mouse21,NveCD4T,77,0.0665777
Blood21_E04_merged_L001,mouse21,NveCd8T,77,0.0660888
Blood21_E05_merged_L001,mouse21,BCell,77,0.0559355
Blood21_E06_merged_L001,mouse21,BCell,77,0.0597799
Blood21_E07_merged_L001,mouse21,NveCD4T,77,0.0588973
Blood21_E08_merged_L001,mouse21,EffCD4T,77,0.0631847
Blood21_E09_merged_L001,mouse21,BCell,77,0.0594355
Blood21_E10_merged_L001,mouse21,EffCD4T,77,0.0567089
Blood21_E11_merged_L001,mouse21,BCell,77,0.0638488
Blood21_E12_merged_L001,mouse21,NveCD4T,77,0.0648688
Blood21_F01_merged_L001,mouse21,Mono,77,0.0430655
Blood21_F02_merged_L001,mouse21,NveCD4T,77,0.0682797
Blood21_F03_merged_L001,mouse21,BCell,77,0.0616996
Blood21_F04_merged_L001,mouse21,BCell,77,0.0589107
Blood21_F05_merged_L001,mouse21,BCell,77,0.0541821
Blood21_F06_merged_L001,mouse21,BCell,77,0.0554842
Blood21_F07_merged_L001,mouse21,BCell,77,0.0652019
Blood21_F08_merged_L001,mouse21,BCell,77,0.0623607
Blood21_F09_merged_L001,mouse21,EffCD4T,77,0.0787529
Blood21_F10_merged_L001,mouse21,BCell,77,0.0641254
Blood21_F11_merged_L001,mouse21,BCell,77,0.0630245
Blood21_F12_merged_L001,mouse21,BCell,77,0.0585145
Blood21_G01_merged_L001,mouse21,MemCD8T,77,0.0531575
Blood21_G02_merged_L001,mouse21,BCell,77,0.0647418
Blood21_G03_merged_L001,mouse21,BCell,77,0.0696411
Blood21_G04_merged_L001,mouse21,BCell,77,0.0580195
Blood21_G05_merged_L001,mouse21,NveCd8T,77,0.066943
Blood21_G06_merged_L001,mouse21,NveCD4T,77,0.0624305
Blood21_G07_merged_L001,mouse21,BCell,77,0.0582552
Blood21_G08_merged_L001,mouse21,BCell,77,0.0619287
Blood21_G09_merged_L001,mouse21,BCell,77,0.0641383
Blood21_G10_merged_L001,mouse21,BCell,77,0.0614548
Blood21_G11_merged_L001,mouse21,BCell,77,0.0554939
Blood21_G12_merged_L001,mouse21,BCell,77,0.0610084
Blood21_H02_merged_L001,mouse21,BCell,77,0.0550418
Blood21_H03_merged_L001,mouse21,BCell,77,0.0638573
Blood21_H04_merged_L001,mouse21,NveCd8T,77,0.0508881
Blood21_H05_merged_L001,mouse21,MemCD8T,77,0.0648877
Blood21_H06_merged_L001,mouse21,BCell,77,0.0540461
Blood21_H07_merged_L001,mouse21,BCell,77,0.0626746
Blood21_H08_merged_L001,mouse21,NveCD4T,77,0.0602502
Blood21_H09_merged_L001,mouse21,MemCD4T,77,0.0642125
Blood21_H10_merged_L001,mouse21,MemCD8T,77,0.0669897
Blood21_H11_merged_L001,mouse21,,77,0.0621514
Blood23_A01_merged_L001,mouse23,BCell,77,0.0956737
Blood23_A02_merged_L001,mouse23,EffCD4T,77,0.0794773
Blood23_A03_merged_L001,mouse23,EffCD4T,77,0.103897
Blood23_A04_merged_L001,mouse23,BCell,77,0.0743325
Blood23_A05_merged_L001,mouse23,BCell,77,0.0801106
Blood23_A06_merged_L001,mouse23,BCell,77,0.146811
Blood23_A07_merged_L001,mouse23,BCell,77,0.0780482
Blood23_A08_merged_L001,mouse23,EffCD4T,77,0.0749643
Blood23_A09_merged_L001,mouse23,BCell,77,0.061675
Blood23_A10_merged_L001,mouse23,BCell,77,0.061393
Blood23_A11_merged_L001,mouse23,NK,77,0.0532144
Blood23_A12_merged_L001,mouse23,MemCD8T,77,0.0717686
Blood23_B01_merged_L001,mouse23,EffCD4T,77,0.118643
Blood23_B02_merged_L001,mouse23,MemCD8T,77,0.0790544
Blood23_B03_merged_L001,mouse23,BCell,77,0.0708733
Blood23_B04_merged_L001,mouse23,BCell,77,0.0628489
Blood23_B05_merged_L001,mouse23,BCell,77,0.0773897
Blood23_B06_merged_L001,mouse23,BCell,77,0.0631781
Blood23_B07_merged_L001,mouse23,BCell,77,0.0689622
Blood23_B08_merged_L001,mouse23,BCell,77,0.0628246
Blood23_B09_merged_L001,mouse23,BCell,77,0.0657087
Blood23_B10_merged_L001,mouse23,BCell,77,0.0734593
Blood23_B11_merged_L001,mouse23,NveCD4T,77,0.0593655
Blood23_B12_merged_L001,mouse23,NveCd8T,77,0.0662926
Blood23_C01_merged_L001,mouse23,BCell,77,0.0475102
Blood23_C02_merged_L001,mouse23,Neut,77,0.0477299
Blood23_C03_merged_L001,mouse23,BCell,77,0.0585885
Blood23_C04_merged_L001,mouse23,BCell,77,0.0629096
Blood23_C05_merged_L001,mouse23,BCell,77,0.0721545
Blood23_C06_merged_L001,mouse23,BCell,77,0.0533461
Blood23_C07_merged_L001,mouse23,BCell,77,0.0613205
Blood23_C08_merged_L001,mouse23,BCell,77,0.0724914
Blood23_C09_merged_L001,mouse23,MemCD8T,77,0.0873206
Blood23_C10_merged_L001,mouse23,BCell,77,0.0567798
Blood23_C11_merged_L001,mouse23,BCell,77,0.0486622
Blood23_C12_merged_L001,mouse23,MemCD8T,77,0.0960164
Blood23_D01_merged_L001,mouse23,BCell,77,0.0746541
Blood23_D02_merged_L001,mouse23,BCell,77,0.0617074
Blood23_D03_merged_L001,mouse23,BCell,77,0.0805318
Blood23_D04_merged_L001,mouse23,MemCD8T,77,0.0699555
Blood23_D05_merged_L001,mouse23,NveCD4T,77,0.065111
Blood23_D06_merged_L001,mouse23,MemCD8T,77,0.0886335
Blood23_D07_merged_L001,mouse23,MemCD8T,77,0.0720813
Blood23_D08_merged_L001,mouse23,BCell,77,0.072863
Blood23_D09_merged_L001,mouse23,EffCD4T,77,0.0653742
Blood23_D10_merged_L001,mouse23,MemCD8T,77,0.0614815
Blood23_D11_merged_L001,mouse23,BCell,77,0.0644876
Blood23_D12_merged_L001,mouse23,BCell,77,0.0816313
Blood23_E01_merged_L001,mouse23,EffCD4T,77,0.0458178
Blood23_E02_merged_L001,mouse23,NK,77,0.068376
Blood23_E03_merged_L001,mouse23,NveCd8T,77,0.0660481
Blood23_E04_merged_L001,mouse23,BCell,77,0.071691
Blood23_E05_merged_L001,mouse23,BCell,77,0.0734496
Blood23_E06_merged_L001,mouse23,BCell,77,0.0617754
Blood23_E07_merged_L001,mouse23,Mono,77,0.0413273
Blood23_E08_merged_L001,mouse23,MemCD4T,77,0.0647368
Blood23_E09_merged_L001,mouse23,MemCD8T,77,0.0823502
Blood23_E10_merged_L001,mouse23,BCell,77,0.0829946
Blood23_E11_merged_L001,mouse23,BCell,77,0.0375652
Blood23_E12_merged_L001,mouse23,BCell,77,0.0606892
Blood23_F01_merged_L001,mouse23,NveCD4T,77,0.064268
Blood23_F02_merged_L001,mouse23,BCell,77,0.0587812
Blood23_F03_merged_L001,mouse23,EffCD4T,77,0.0739446
Blood23_F04_merged_L001,mouse23,EffCD4T,77,0.067958
Blood23_F05_merged_L001,mouse23,,77,0.0620255
Blood23_F06_merged_L001,mouse23,BCell,77,0.0666308
Blood23_F07_merged_L001,mouse23,NK,77,0.0716583
Blood23_F08_merged_L001,mouse23,RegT,77,0.0794665
Blood23_F09_merged_L001,mouse23,MemCD8T,77,0.0754307
Blood23_F10_merged_L001,mouse23,BCell,77,0.0619296
Blood23_F11_merged_L001,mouse23,Mono,77,0.0512293
Blood23_F12_merged_L001,mouse23,BCell,77,0.0589002
Blood23_G01_merged_L001,mouse23,NveCd8T,77,0.0504449
Blood23_G02_merged_L001,mouse23,NveCd8T,77,0.0519783
Blood23_G03_merged_L001,mouse23,BCell,77,0.0492923
Blood23_G04_merged_L001,mouse23,EffCD4T,77,0.0728184
Blood23_G05_merged_L001,mouse23,BCell,77,0.0696764
Blood23_G06_merged_L001,mouse23,MemCD8T,77,0.0831052
Blood23_G07_merged_L001,mouse23,MemCD8T,77,0.0745612
Blood23_G08_merged_L001,mouse23,BCell,77,0.0753755
Blood23_G09_merged_L001,mouse23,BCell,77,0.0666347
Blood23_G10_merged_L001,mouse23,BCell,77,0.069971
Blood23_G11_merged_L001,mouse23,BCell,77,0.0575916
Blood23_G12_merged_L001,mouse23,EffCD4T,77,0.0652532
Blood23_H01_merged_L001,mouse23,,77,0.0990916
Blood23_H02_merged_L001,mouse23,,77,0.0782313
Blood23_H03_merged_L001,mouse23,EffCD4T,77,0.0641155
Blood23_H04_merged_L001,mouse23,BCell,77,0.054606
Blood23_H05_merged_L001,mouse23,BCell,77,0.0587764
Blood23_H06_merged_L001,mouse23,BCell,77,0.0630952
Blood23_H07_merged_L001,mouse23,BCell,77,0.0857514
Blood23_H08_merged_L001,mouse23,NK,77,0.0518611
Blood23_H09_merged_L001,mouse23,BCell,77,0.0882987
Blood23_H10_merged_L001,mouse23,BCell,77,0.0655966
Blood23_H11_merged_L001,mouse23,NveCD4T,77,0.0924737
Blood3_A01_merged_L001,mouse3,BCell,100,0.065167
Blood3_A02_merged_L001,mouse3,BCell,100,0.0604809
Blood3_A03_merged_L001,mouse3,BCell,100,0.0612193
Blood3_A04_merged_L001,mouse3,BCell,100,0.0502346
Blood3_A05_merged_L001,mouse3,EffCD4T,100,0.0557359
Blood3_A06_merged_L001,mouse3,BCell,100,0.0583583
Blood3_A07_merged_L001,mouse3,BCell,100,0.0649119
Blood3_A08_merged_L001,mouse3,BCell,100,0.0459091
Blood3_A09_merged_L001,mouse3,BCell,100,0.076673
Blood3_A10_merged_L001,mouse3,BCell,100,0.0640772
Blood3_A11_merged_L001,mouse3,BCell,100,0.0508337
Blood3_A12_merged_L001,mouse3,,100,0.0393998
Blood3_B01_merged_L001,mouse3,BCell,100,0.0670686
Blood3_B02_merged_L001,mouse3,MemCD8T,100,0.0485898
Blood3_B03_merged_L001,mouse3,BCell,100,0.0553636
Blood3_B04_merged_L001,mouse3,BCell,100,0.0523301
Blood3_B05_merged_L001,mouse3,BCell,100,0.0718194
Blood3_B06_merged_L001,mouse3,MemCD8T,100,0.0502156
Blood3_B07_merged_L001,mouse3,MemCD8T,100,0.0592887
Blood3_B08_merged_L001,mouse3,Mono,100,0.0585452
Blood3_B09_merged_L001,mouse3,BCell,100,0.0679125
Blood3_B10_merged_L001,mouse3,BCell,100,0.0388201
Blood3_B11_merged_L001,mouse3,EffCD4T,100,0.0564476
Blood3_B12_merged_L001,mouse3,BCell,100,0.0652056
Blood3_C01_merged_L001,mouse3,BCell,100,0.0819195
Blood3_C02_merged_L001,mouse3,BCell,100,0.040675
Blood3_C03_merged_L001,mouse3,,100,0.0641023
Blood3_C04_merged_L001,mouse3,BCell,100,0.0567086
Blood3_C05_merged_L001,mouse3,BCell,100,0.0450169
Blood3_C06_merged_L001,mouse3,BCell,100,0.0554207
Blood3_C07_merged_L001,mouse3,NveCd8T,100,0.0665287
Blood3_C08_merged_L001,mouse3,BCell,100,0.0665568
Blood3_C09_merged_L001,mouse3,BCell,100,0.0534071
Blood3_C10_merged_L001,mouse3,BCell,100,0.0870484
Blood3_C11_merged_L001,mouse3,BCell,100,0.0642313
Blood3_C12_merged_L001,mouse3,BCell,100,0.0574569
Blood3_D01_merged_L001,mouse3,BCell,100,0.0629055
Blood3_D02_merged_L001,mouse3,BCell,100,0.070699
Blood3_D03_merged_L001,mouse3,BCell,100,0.0719602
Blood3_D04_merged_L001,mouse3,BCell,100,0.062553
Blood3_D05_merged_L001,mouse3,BCell,100,0.0656854
Blood3_D06_merged_L001,mouse3,BCell,100,0.0532893
Blood3_D07_merged_L001,mouse3,BCell,100,0.0903707
Blood3_D08_merged_L001,mouse3,BCell,100,0.0642047
Blood3_D09_merged_L001,mouse3,MemCD8T,100,0.0875393
Blood3_D10_merged_L001,mouse3,BCell,100,0.0766609
Blood3_D11_merged_L001,mouse3,BCell,100,0.0551857
Blood3_D12_merged_L001,mouse3,,100,0.0745459
Blood3_E01_merged_L001,mouse3,MemCD8T,100,0.0449801
Blood3_E02_merged_L001,mouse3,BCell,100,0.0787874
Blood3_E03_merged_L001,mouse3,NK,100,0.0674989
Blood3_E04_merged_L001,mouse3,BCell,100,0.0563564
Blood3_E05_merged_L001,mouse3,BCell,100,0.100881
Blood3_E06_merged_L001,mouse3,BCell,100,0.0746
Blood3_E07_merged_L001,mouse3,NK,100,0.0575959
Blood3_E08_merged_L001,mouse3,MemCD8T,100,0.080562
Blood3_E09_merged_L001,mouse3,BCell,100,0.0743796
Blood3_E10_merged_L001,mouse3,MemCD8T,100,0.0772097
Blood3_E11_merged_L001,mouse3,BCell,100,0.0612867
Blood3_E12_merged_L001,mouse3,BCell,100,0.0675826
Blood3_F01_merged_L001,mouse3,BCell,100,0.0842339
Blood3_F02_merged_L001,mouse3,EffCD4T,100,0.0661348
Blood3_F03_merged_L001,mouse3,BCell,100,0.0561044
Blood3_F04_merged_L001,mouse3,BCell,100,0.0666411
Blood3_F05_merged_L001,mouse3,NveCD4T,100,0.0630475
Blood3_F06_merged_L001,mouse3,BCell,100,0.0509296
Blood3_F07_merged_L001,mouse3,BCell,100,0.055441
Blood3_F08_merged_L001,mouse3,,100,0.0664883
Blood3_F09_merged_L001,mouse3,BCell,100,0.0625386
Blood3_F10_merged_L001,mouse3,BCell,100,0.061663
Blood3_F11_merged_L001,mouse3,BCell,100,0.0568381
Blood3_F12_merged_L001,mouse3,BCell,100,0.0682942
Blood3_G01_merged_L001,mouse3,BCell,100,0.0609325
Blood3_G02_merged_L001,mouse3,BCell,100,0.0584888
Blood3_G03_merged_L001,mouse3,BCell,100,0.0596027
Blood3_G04_merged_L001,mouse3,MemCD4T,100,0.074448
Blood3_G05_merged_L001,mouse3,BCell,100,0.0645452
Blood3_G06_merged_L001,mouse3,MemCD4T,100,0.0770172
Blood3_G07_merged_L001,mouse3,MemCD8T,100,0.075016
Blood3_G08_merged_L001,mouse3,BCell,100,0.058088
Blood3_G09_merged_L001,mouse3,BCell,100,0.0593899
Blood3_G10_merged_L001,mouse3,BCell,100,0.0601232
Blood3_G11_merged_L001,mouse3,BCell,100,0.0561002
Blood3_G12_merged_L001,mouse3,BCell,100,0.0572145
Blood3_H01_merged_L001,mouse3,BCell,100,0.089525
Blood3_H02_merged_L001,mouse3,BCell,100,0.0586968
Blood3_H03_merged_L001,mouse3,BCell,100,0.0671276
Blood3_H04_merged_L001,mouse3,BCell,100,0.0732938
Blood3_H05_merged_L001,mouse3,NveCd8T,100,0.066571
Blood3_H06_merged_L001,mouse3,BCell,100,0.0520113
Blood3_H07_merged_L001,mouse3,NveCd8T,100,0.0563995
Blood3_H08_merged_L001,mouse3,MemCD8T,100,0.0786274
Blood3_H09_merged_L001,mouse3,BCell,100,0.0588351
Blood3_H10_merged_L001,mouse3,BCell,100,0.0583287
lane1_DN549345_Blood01_A01_ATCACGTT_L001_EpiAge8648338,mouse1,MemCD8T,100,0.0706495
lane1_DN549345_Blood01_A02_GATCAGCG_L001_EpiAge8648346,mouse1,BCell,100,0.0518967
lane1_DN549345_Blood01_A03_TGTACCTT_L001_EpiAge8648354,mouse1,BCell,100,0.114445
lane1_DN549345_Blood01_A04_TGCGATCT_L001_EpiAge8648362,mouse1,BCell,100,0.083123
lane1_DN549345_Blood01_A05_TCGAAGTG_L001_EpiAge8648370,mouse1,BCell,100,0.0748895
lane1_DN549345_Blood01_A06_TCCAGTCG_L001_EpiAge8648378,mouse1,BCell,100,0.0663977
lane1_DN549345_Blood01_A07_TGTCTATC_L001_EpiAge8648386,mouse1,BCell,100,0.058601
lane1_DN549345_Blood01_A08_TCTACGAC_L001_EpiAge8648394,mouse1,BCell,100,0.0581712
lane1_DN549345_Blood01_A09_TTGTTCCA_L001_EpiAge8648402,mouse1,BCell,100,0.0544086
lane1_DN549345_Blood01_A10_GCAACATT_L001_EpiAge8648410,mouse1,BCell,100,0.0611074
lane1_DN549345_Blood01_A11_GGAATGAT_L001_EpiAge8648418,mouse1,BCell,100,0.0617866
lane1_DN549345_Blood01_B01_CGATGTTT_L001_EpiAge8648339,mouse1,BCell,100,0.0677366
lane1_DN549345_Blood01_B02_TAGCTTGT_L001_EpiAge8648347,mouse1,BCell,100,0.0565865
lane1_DN549345_Blood01_B03_TTCTGTGT_L001_EpiAge8648355,mouse1,BCell,100,0.0624385
lane1_DN549345_Blood01_B04_TTCCTGCT_L001_EpiAge8648363,mouse1,BCell,100,0.0607147
lane1_DN549345_Blood01_B05_TAACGCTG_L001_EpiAge8648371,mouse1,BCell,100,0.0602505
lane1_DN549345_Blood01_B06_TGTATGCG_L001_EpiAge8648379,mouse1,BCell,100,0.0612955
lane1_DN549345_Blood01_B07_TATGTGGC_L001_EpiAge8648387,mouse1,BCell,100,0.0585836
lane1_DN549345_Blood01_B08_TGACAGAC_L001_EpiAge8648395,mouse1,NK,100,0.100197
lane1_DN549345_Blood01_B09_TGAAGCCA_L001_EpiAge8648403,mouse1,BCell,100,0.0643467
lane1_DN549345_Blood01_B10_GGTCGTGT_L001_EpiAge8648411,mouse1,EffCD4T,100,0.093635
lane1_DN549345_Blood01_B11_GAGCCAAT_L001_EpiAge8648419,mouse1,,100,0.0569919
lane1_DN549345_Blood01_B12_GCAATCCG_L001_EpiAge8648427,mouse1,BCell,100,0.0418276
lane1_DN549345_Blood01_C01_TTAGGCAT_L001_EpiAge8648340,mouse1,BCell,100,0.0609048
lane1_DN549345_Blood01_C02_GGCTACAG_L001_EpiAge8648348,mouse1,BCell,100,0.0642878
lane1_DN549345_Blood01_C03_TCTGCTGT_L001_EpiAge8648356,mouse1,BCell,100,0.0583561
lane1_DN549345_Blood01_C04_TAGTGACT_L001_EpiAge8648364,mouse1,BCell,100,0.0577136
lane1_DN549345_Blood01_C05_TTGGTATG_L001_EpiAge8648372,mouse1,BCell,100,0.0600061
lane1_DN549345_Blood01_C06_TCATTGAG_L001_EpiAge8648380,mouse1,BCell,100,0.0605822
lane1_DN549345_Blood01_C07_TTACTCGC_L001_EpiAge8648388,mouse1,BCell,100,0.0590071
lane1_DN549345_Blood01_C08_TAGAACAC_L001_EpiAge8648396,mouse1,BCell,100,0.0617258
lane1_DN549345_Blood01_C09_TACCACCA_L001_EpiAge8648404,mouse1,BCell,100,0.062006
lane1_DN549345_Blood01_C10_GAATCTGT_L001_EpiAge8648412,mouse1,BCell,100,0.069742
lane1_DN549345_Blood01_C11_GCTCCTTG_L001_EpiAge8648420,mouse1,BCell,100,0.0554346
lane1_DN549345_Blood01_C12_GACCTTAG_L001_EpiAge8648428,mouse1,BCell,100,0.0556441
lane1_DN549345_Blood01_D01_TGACCACT_L001_EpiAge8648341,mouse1,BCell,100,0.064116
lane1_DN549345_Blood01_D02_CTTGTACT_L001_EpiAge8648349,mouse1,BCell,100,0.0574862
lane1_DN549345_Blood01_D03_TTGGAGGT_L001_EpiAge8648357,mouse1,BCell,100,0.0741519
lane1_DN549345_Blood01_D04_TACAGGAT_L001_EpiAge8648365,mouse1,BCell,100,0.0653795
lane1_DN549345_Blood01_D05_TGAACTGG_L001_EpiAge8648373,mouse1,BCell,100,0.0629222
lane1_DN549345_Blood01_D06_TGGCTCAG_L001_EpiAge8648381,mouse1,BCell,100,0.0560565
lane1_DN549345_Blood01_D07_TCGTTAGC_L001_EpiAge8648389,mouse1,EffCD4T,100,0.0678996
lane1_DN549345_Blood01_D08_TCATCCTA_L001_EpiAge8648397,mouse1,BCell,100,0.0588859
lane1_DN549345_Blood01_D09_TGCGTGAA_L001_EpiAge8648405,mouse1,,100,0.0648028
lane1_DN549345_Blood01_D10_GTACATCT_L001_EpiAge8648413,mouse1,BCell,100,0.0597741
lane1_DN549345_Blood01_D11_GTAAGGTG_L001_EpiAge8648421,mouse1,BCell,100,0.0527667
lane1_DN549345_Blood01_D12_GCCTGTTC_L001_EpiAge8648429,mouse1,BCell,100,0.0615281
lane1_DN549345_Blood01_E01_ACAGTGGT_L001_EpiAge8648342,mouse1,MemCD8T,100,0.0796695
lane1_DN549345_Blood01_E02_TGGTTGTT_L001_EpiAge8648350,mouse1,BCell,100,0.0649227
lane1_DN549345_Blood01_E03_TCGAGCGT_L001_EpiAge8648358,mouse1,BCell,100,0.0690622
lane1_DN549345_Blood01_E04_TCCTCAAT_L001_EpiAge8648366,mouse1,BCell,100,0.0650549
lane1_DN549345_Blood01_E05_TACTTCGG_L001_EpiAge8648374,mouse1,BCell,100,0.0577583
lane1_DN549345_Blood01_E06_TATGCCAG_L001_EpiAge8648382,mouse1,BCell,100,0.0621795
lane1_DN549345_Blood01_E07_TACCGAGC_L001_EpiAge8648390,mouse1,MemCD8T,100,0.0904218
lane1_DN549345_Blood01_E08_TGCTGATA_L001_EpiAge8648398,mouse1,BCell,100,0.0574139
lane1_DN549345_Blood01_E09_GGTGAGTT_L001_EpiAge8648406,mouse1,MemCD8T,100,0.0820376
lane1_DN549345_Blood01_E10_GAGGTGCT_L001_EpiAge8648414,mouse1,MemCD8T,100,0.0816465
lane1_DN549345_Blood01_E11_GAGGATGG_L001_EpiAge8648422,mouse1,BCell,100,0.0558601
lane1_DN549345_Blood01_E12_GCACTGTC_L001_EpiAge8648430,mouse1,BCell,100,0.06204
lane1_DN549345_Blood01_F01_GCCAATGT_L001_EpiAge8648343,mouse1,BCell,100,0.0489414
lane1_DN549345_Blood01_F02_TCTCGGTT_L001_EpiAge8648351,mouse1,BCell,100,0.0604299
lane1_DN549345_Blood01_F03_TGATACGT_L001_EpiAge8648359,mouse1,BCell,100,0.0677261
lane1_DN549345_Blood01_F04_TGTGGTTG_L001_EpiAge8648367,mouse1,BCell,100,0.0610675
lane1_DN549345_Blood01_F05_TCTCACGG_L001_EpiAge8648375,mouse1,BCell,100,0.0591997
lane1_DN549345_Blood01_F06_TCAGATTC_L001_EpiAge8648383,mouse1,BCell,100,0.126496
lane1_DN549345_Blood01_F07_TGTTCTCC_L001_EpiAge8648391,mouse1,BCell,100,0.0640006
lane1_DN549345_Blood01_F08_TAGACGGA_L001_EpiAge8648399,mouse1,,100,0.0591972
lane1_DN549345_Blood01_F09_GATCTCTT_L001_EpiAge8648407,mouse1,,100,0.0621286
lane1_DN549345_Blood01_F10_GCATGGCT_L001_EpiAge8648415,mouse1,MemCD8T,100,0.074749
lane1_DN549345_Blood01_F11_GTTGTCGG_L001_EpiAge8648423,mouse1,BCell,100,0.0708917
lane1_DN549345_Blood01_F12_GCTAACTC_L001_EpiAge8648431,mouse1,BCell,100,0.0669713
lane1_DN549345_Blood01_G01_CAGATCTG_L001_EpiAge8648344,mouse1,BCell,100,0.0639488
lane1_DN549345_Blood01_G02_TAAGCGTT_L001_EpiAge8648352,mouse1,BCell,100,0.0598405
lane1_DN549345_Blood01_G03_TGCATAGT_L001_EpiAge8648360,mouse1,BCell,100,0.0705928
lane1_DN549345_Blood01_G04_TAGTCTTG_L001_EpiAge8648368,mouse1,MemCD8T,100,0.062597
lane1_DN549345_Blood01_G05_TCAGGAGG_L001_EpiAge8648376,mouse1,BCell,100,0.0610684
lane1_DN549345_Blood01_G06_TACTAGTC_L001_EpiAge8648384,mouse1,BCell,100,0.0616172
lane1_DN549345_Blood01_G07_TTCGCACC_L001_EpiAge8648392,mouse1,BCell,100,0.0639084
lane1_DN549345_Blood01_G08_TGTGAAGA_L001_EpiAge8648400,mouse1,BCell,100,0.0520049
lane1_DN549345_Blood01_G09_GTGTCCTT_L001_EpiAge8648408,mouse1,BCell,100,0.0579505
lane1_DN549345_Blood01_G10_GTTAGCCT_L001_EpiAge8648416,mouse1,BCell,100,0.0565518
lane1_DN549345_Blood01_G11_GGATTAGG_L001_EpiAge8648424,mouse1,BCell,100,0.0621589
lane1_DN549345_Blood01_G12_GATTCATC_L001_EpiAge8648432,mouse1,,100,0.0606877
lane1_DN549345_Blood01_H01_ACTTGATG_L001_EpiAge8648345,mouse1,EffCD4T,100,0.1064
lane1_DN549345_Blood01_H02_TCCGTCTT_L001_EpiAge8648353,mouse1,BCell,100,0.062255
lane1_DN549345_Blood01_H03_TTGACTCT_L001_EpiAge8648361,mouse1,BCell,100,0.0654095
lane1_DN549345_Blood01_H04_TTCCATTG_L001_EpiAge8648369,mouse1,BCell,100,0.0606332
lane1_DN549345_Blood01_H05_TAAGTTCG_L001_EpiAge8648377,mouse1,BCell,100,0.0600601
lane1_DN549345_Blood01_H06_TTCAGCTC_L001_EpiAge8648385,mouse1,BCell,100,0.0629124
lane1_DN549345_Blood01_H07_TTGCGTAC_L001_EpiAge8648393,mouse1,BCell,100,0.0685542
lane1_DN549345_Blood01_H08_TCTCTTCA_L001_EpiAge8648401,mouse1,BCell,100,0.0647398
lane1_DN549345_Blood01_H09_GACGGATT_L001_EpiAge8648409,mouse1,BCell,100,0.0626933
lane1_DN549345_Blood01_H10_GTCGCTAT_L001_EpiAge8648417,mouse1,BCell,100,0.0653337
lane1_DN549345_Blood01_H11_GATAGAGG_L001_EpiAge8648425,mouse1,BCell,100,0.0817852
lane2_DN549344_Blood02_A01_GTAGAAGC_L002_EpiAge8648434,mouse2,MemCD8T,100,0.141204
lane2_DN549344_Blood02_A02_GGAGTCTA_L002_EpiAge8648442,mouse2,BCell,100,0.061396
lane2_DN549344_Blood02_A03_GCGTCGAA_L002_EpiAge8648450,mouse2,RegT,100,0.0896903
lane2_DN549344_Blood02_A04_CCTAGTAT_L002_EpiAge8648458,mouse2,BCell,100,0.0688408
lane2_DN549344_Blood02_A05_CACTCGAG_L002_EpiAge8648466,mouse2,MemCD8T,100,0.060796
lane2_DN549344_Blood02_A06_CTCAAGAC_L002_EpiAge8648474,mouse2,,100,0.0757198
lane2_DN549344_Blood02_A07_CAGGCTAA_L002_EpiAge8648482,mouse2,RegT,100,0.0657442
lane2_DN549344_Blood02_A08_ATCCTAGG_L002_EpiAge8648490,mouse2,BCell,100,0.0623018
lane2_DN549344_Blood02_A09_ATGGATCC_L002_EpiAge8648498,mouse2,NveCd8T,100,0.0554432
lane2_DN549344_Blood02_A10_CGGAAACA_L002_EpiAge8648506,mouse2,,100,0.071296
lane2_DN549344_Blood02_A11_GCTATGAC_L002_EpiAge8648514,mouse2,BCell,100,0.0861395
lane2_DN549344_Blood02_B01_GATGGTCC_L002_EpiAge8648435,mouse2,MemCD8T,100,0.145848
lane2_DN549344_Blood02_B02_GCTATGGA_L002_EpiAge8648443,mouse2,BCell,100,0.0593151
lane2_DN549344_Blood02_B03_CGTTCGGT_L002_EpiAge8648451,mouse2,BCell,100,0.0603628
lane2_DN549344_Blood02_B04_CCACCGAT_L002_EpiAge8648459,mouse2,BCell,100,0.0762061
lane2_DN549344_Blood02_B05_CCGACAAG_L002_EpiAge8648467,mouse2,BCell,100,0.0738051
lane2_DN549344_Blood02_B06_CGTGTCAC_L002_EpiAge8648475,mouse2,BCell,100,0.0593579
lane2_DN549344_Blood02_B07_CGGAGGAA_L002_EpiAge8648483,mouse2,BCell,100,0.0617428
lane2_DN549344_Blood02_B08_ATCAACCG_L002_EpiAge8648491,mouse2,NveCd8T,100,0.0684831
lane2_DN549344_Blood02_B09_AGAGGACC_L002_EpiAge8648499,mouse2,,100,0.0706981
lane2_DN549344_Blood02_B10_AATGAATT_L002_EpiAge8648507,mouse2,BCell,100,0.0686315
lane2_DN549344_Blood02_B11_GCTGTGAA_L002_EpiAge8648515,mouse2,MemCD8T,100,0.132423
lane2_DN549344_Blood02_B12_TGCTCTAG_L002_EpiAge8648523,mouse2,MemCD8T,100,0.109249
lane2_DN549344_Blood02_C01_GTGCTACC_L002_EpiAge8648436,mouse2,BCell,100,0.05546
lane2_DN549344_Blood02_C02_GAGTGCGA_L002_EpiAge8648444,mouse2,MemCD8T,100,0.14866
lane2_DN549344_Blood02_C03_CACCAGGT_L002_EpiAge8648452,mouse2,BCell,100,0.0738423
lane2_DN549344_Blood02_C04_CTTCACAT_L002_EpiAge8648460,mouse2,BCell,100,0.0667991
lane2_DN549344_Blood02_C05_CTTGCTTC_L002_EpiAge8648468,mouse2,MemCD8T,100,0.12603
lane2_DN549344_Blood02_C06_CCATGCAC_L002_EpiAge8648476,mouse2,MemCD8T,100,0.105844
lane2_DN549344_Blood02_C07_AGGAGATT_L002_EpiAge8648484,mouse2,MemCD8T,100,0.110155
lane2_DN549344_Blood02_C08_AGGTCACG_L002_EpiAge8648492,mouse2,MemCD8T,100,0.107221
lane2_DN549344_Blood02_C09_ATCTCCAC_L002_EpiAge8648500,mouse2,MemCD8T,100,0.118169
lane2_DN549344_Blood02_C10_TAGGACCC_L002_EpiAge8648508,mouse2,MemCD8T,100,0.130851
lane2_DN549344_Blood02_C11_ACCTTCAA_L002_EpiAge8648516,mouse2,NveCD4T,100,0.0656311
lane2_DN549344_Blood02_C12_ACCCAACA_L002_EpiAge8648524,mouse2,BCell,100,0.111138
lane2_DN549344_Blood02_D01_GCGATTAC_L002_EpiAge8648437,mouse2,,100,0.0747496
lane2_DN549344_Blood02_D02_GTAACCGA_L002_EpiAge8648445,mouse2,BCell,100,0.0631849
lane2_DN549344_Blood02_D03_CTGCGAGT_L002_EpiAge8648453,mouse2,BCell,100,0.0596022
lane2_DN549344_Blood02_D04_CTATCATG_L002_EpiAge8648461,mouse2,BCell,100,0.0675562
lane2_DN549344_Blood02_D05_CATAGGTC_L002_EpiAge8648469,mouse2,BCell,100,0.0658385
lane2_DN549344_Blood02_D06_CGTTACTA_L002_EpiAge8648477,mouse2,BCell,100,0.0827233
lane2_DN549344_Blood02_D07_AGGCAGCT_L002_EpiAge8648485,mouse2,EffCD4T,100,0.0837025
lane2_DN549344_Blood02_D08_ACTGTTAG_L002_EpiAge8648493,mouse2,BCell,100,0.056525
lane2_DN549344_Blood02_D09_ATTGGCTA_L002_EpiAge8648501,mouse2,EffCD4T,100,0.0657401
lane2_DN549344_Blood02_D10_TCTCAGTG_L002_EpiAge8648509,mouse2,BCell,100,0.0553303
lane2_DN549344_Blood02_D11_ACAAAGCC_L002_EpiAge8648517,mouse2,BCell,100,0.0666071
lane2_DN549344_Blood02_D12_CGATCTGA_L002_EpiAge8648525,mouse2,MemCD8T,100,0.129706
lane2_DN549344_Blood02_E01_GGTTGGAC_L002_EpiAge8648438,mouse2,BCell,100,0.0563109
lane2_DN549344_Blood02_E02_GGCAAGCA_L002_EpiAge8648446,mouse2,BCell,100,0.0651663
lane2_DN549344_Blood02_E03_CCGTATCT_L002_EpiAge8648454,mouse2,BCell,100,0.0684153
lane2_DN549344_Blood02_E04_CATGAATG_L002_EpiAge8648462,mouse2,MemCD8T,100,0.115309
lane2_DN549344_Blood02_E05_CACATTGC_L002_EpiAge8648470,mouse2,EffCD4T,100,0.0571521
lane2_DN549344_Blood02_E06_CAAGTAGA_L002_EpiAge8648478,mouse2,BCell,100,0.0751064
lane2_DN549344_Blood02_E07_ACGTTCAT_L002_EpiAge8648486,mouse2,BCell,100,0.0746944
lane2_DN549344_Blood02_E08_AAGAGTAG_L002_EpiAge8648494,mouse2,BCell,100,0.0756631
lane2_DN549344_Blood02_E09_AATCCTGA_L002_EpiAge8648502,mouse2,MemCD8T,100,0.0866356
lane2_DN549344_Blood02_E10_CATGGGAA_L002_EpiAge8648510,mouse2,MemCD8T,100,0.101259
lane2_DN549344_Blood02_E11_CAAAACCG_L002_EpiAge8648518,mouse2,MemCD8T,100,0.147774
lane2_DN549344_Blood02_E12_GTTCCACG_L002_EpiAge8648526,mouse2,BCell,100,0.0718672
lane2_DN549344_Blood02_F01_GGCACAAC_L002_EpiAge8648439,mouse2,MemCD8T,100,0.103571
lane2_DN549344_Blood02_F02_GCCTTACA_L002_EpiAge8648447,mouse2,BCell,100,0.0675493
lane2_DN549344_Blood02_F03_CGCTTCCT_L002_EpiAge8648455,mouse2,MemCD8T,100,0.120356
lane2_DN549344_Blood02_F04_CCACTTGG_L002_EpiAge8648463,mouse2,MemCD8T,100,0.138881
lane2_DN549344_Blood02_F05_CGCTAAGC_L002_EpiAge8648471,mouse2,BCell,100,0.0525349
lane2_DN549344_Blood02_F06_CTCTCTCA_L002_EpiAge8648479,mouse2,BCell,100,0.0820348
lane2_DN549344_Blood02_F07_AACGTGTG_L002_EpiAge8648487,mouse2,BCell,100,0.075324
lane2_DN549344_Blood02_F08_ATTCGGAG_L002_EpiAge8648495,mouse2,BCell,100,0.0559705
lane2_DN549344_Blood02_F09_AGGATTCA_L002_EpiAge8648503,mouse2,,100,0.056197
lane2_DN549344_Blood02_F10_CCTAAGAT_L002_EpiAge8648511,mouse2,NveCd8T,100,0.0666362
lane2_DN549344_Blood02_F11_GCTGGACA_L002_EpiAge8648519,mouse2,BCell,100,0.0684599
lane2_DN549344_Blood02_F12_ACTCTTTC_L002_EpiAge8648527,mouse2,MemCD4T,100,0.0657519
lane2_DN549344_Blood02_G01_GACACTTA_L002_EpiAge8648440,mouse2,BCell,100,0.0515747
lane2_DN549344_Blood02_G02_GAACGACA_L002_EpiAge8648448,mouse2,BCell,100,0.0734688
lane2_DN549344_Blood02_G03_CAAGACCT_L002_EpiAge8648456,mouse2,RegT,100,0.0851478
lane2_DN549344_Blood02_G04_CTGTACGG_L002_EpiAge8648464,mouse2,,100,0.0784783
lane2_DN549344_Blood02_G05_CAACCTCC_L002_EpiAge8648472,mouse2,MemCD8T,100,0.117332
lane2_DN549344_Blood02_G06_CGACTGCA_L002_EpiAge8648480,mouse2,BCell,100,0.0660034
lane2_DN549344_Blood02_G07_AGACCGTG_L002_EpiAge8648488,mouse2,MemCD8T,100,0.119291
lane2_DN549344_Blood02_G08_ACGCAATC_L002_EpiAge8648496,mouse2,BCell,100,0.0685449
lane2_DN549344_Blood02_G09_AACTGGCA_L002_EpiAge8648504,mouse2,BCell,100,0.0585853
lane2_DN549344_Blood02_G10_CTCAGATA_L002_EpiAge8648512,mouse2,MemCD8T,100,0.0814784
lane2_DN549344_Blood02_G11_AAGTCGTA_L002_EpiAge8648520,mouse2,BCell,100,0.0462509
lane2_DN549344_Blood02_G12_TATTGGAG_L002_EpiAge8648528,mouse2,BCell,100,0.0667585
lane2_DN549344_Blood02_H01_GTGCAGTA_L002_EpiAge8648441,mouse2,BCell,100,0.0628946
lane2_DN549344_Blood02_H02_GCAGGTAA_L002_EpiAge8648449,mouse2,,100,0.0945487
lane2_DN549344_Blood02_H03_CACACACT_L002_EpiAge8648457,mouse2,BCell,100,0.0529962
lane2_DN549344_Blood02_H04_CTAGATAG_L002_EpiAge8648465,mouse2,,100,0.0726427
lane2_DN549344_Blood02_H05_CAGCTGAC_L002_EpiAge8648473,mouse2,MemCD8T,100,0.115067
lane2_DN549344_Blood02_H06_CCTGAGCA_L002_EpiAge8648481,mouse2,BCell,100,0.0749458
lane2_DN549344_Blood02_H07_ACCTCTGG_L002_EpiAge8648489,mouse2,BCell,100,0.0596958
lane2_DN549344_Blood02_H08_ACAAGTGC_L002_EpiAge8648497,mouse2,MemCD8T,100,0.124175
lane2_DN549344_Blood02_H09_ACAACGCA_L002_EpiAge8648505,mouse2,BCell,100,0.0689793
lane2_DN549344_Blood02_H10_CCCATAGG_L002_EpiAge8648513,mouse2,,100,0.0696753
lane2_DN549344_Blood02_H11_CATCCGTA_L002_EpiAge8648521,mouse2,NveCd8T,100,0.0867623
lane3_DN549342_Blood11_A01_GTAAGATA_L003_EpiAge8648530,mouse11,,36,0.0618176
lane3_DN549342_Blood11_A02_TGTCGACT_L003_EpiAge8648538,mouse11,BCell,36,0.0573426
lane3_DN549342_Blood11_A03_AGAACTGA_L003_EpiAge8648546,mouse11,NveCd8T,36,0.0435012
lane3_DN549342_Blood11_A04_CGCACGAG_L003_EpiAge8648554,mouse11,BCell,36,0.0543611
lane3_DN549342_Blood11_A05_ATTAGCGG_L003_EpiAge8648562,mouse11,NveCD4T,36,0.0577727
lane3_DN549342_Blood11_A06_GTCACCAG_L003_EpiAge8648570,mouse11,BCell,36,0.0525897
lane3_DN549342_Blood11_A07_CACCCGTC_L003_EpiAge8648578,mouse11,BCell,36,0.0585041
lane3_DN549342_Blood11_A08_AACGGCTT_L003_EpiAge8648586,mouse11,MemCD4T,36,0.067859
lane3_DN549342_Blood11_A09_CTTTTGAT_L003_EpiAge8648594,mouse11,BCell,36,0.059197
lane3_DN549342_Blood11_A10_GTCTGAGG_L003_EpiAge8648602,mouse11,BCell,36,0.0503446
lane3_DN549342_Blood11_A11_GGTAAGAG_L003_EpiAge8648610,mouse11,NveCD4T,36,0.0577882
lane3_DN549342_Blood11_B01_TACCGCAA_L003_EpiAge8648531,mouse11,BCell,36,0.0568124
lane3_DN549342_Blood11_B02_GTCACGTA_L003_EpiAge8648539,mouse11,MemCD8T,36,0.0762261
lane3_DN549342_Blood11_B03_CGCCTTTG_L003_EpiAge8648547,mouse11,BCell,36,0.0599241
lane3_DN549342_Blood11_B04_ACGTACTA_L003_EpiAge8648555,mouse11,BCell,36,0.0619778
lane3_DN549342_Blood11_B05_GCGCTGAT_L003_EpiAge8648563,mouse11,BCell,36,0.0563812
lane3_DN549342_Blood11_B06_GAGGTCGC_L003_EpiAge8648571,mouse11,BCell,36,0.0671316
lane3_DN549342_Blood11_B07_TCGTGGTT_L003_EpiAge8648579,mouse11,NveCd8T,36,0.0653674
lane3_DN549342_Blood11_B08_ATAAGACT_L003_EpiAge8648587,mouse11,MemCD8T,36,0.0551648
lane3_DN549342_Blood11_B09_TAGCGAGA_L003_EpiAge8648595,mouse11,NveCD4T,36,0.058068
lane3_DN549342_Blood11_B10_TCTGGCGA_L003_EpiAge8648603,mouse11,NveCD4T,36,0.0517514
lane3_DN549342_Blood11_B11_AGTCCGAT_L003_EpiAge8648611,mouse11,NveCD4T,36,0.0605679
lane3_DN549342_Blood11_B12_GTGGTACT_L003_EpiAge8648619,mouse11,BCell,36,0.0479648
lane3_DN549342_Blood11_C01_TATCTCCT_L003_EpiAge8648532,mouse11,BCell,36,0.0576972
lane3_DN549342_Blood11_C02_TTGAGCGA_L003_EpiAge8648540,mouse11,NveCD4T,36,0.0624459
lane3_DN549342_Blood11_C03_TAAGGTCA_L003_EpiAge8648548,mouse11,BCell,36,0.0593682
lane3_DN549342_Blood11_C04_AGCGCCAA_L003_EpiAge8648556,mouse11,BCell,36,0.0629774
lane3_DN549342_Blood11_C05_TGCTGAAC_L003_EpiAge8648564,mouse11,BCell,36,0.0668004
lane3_DN549342_Blood11_C06_AAGGGGTA_L003_EpiAge8648572,mouse11,BCell,36,0.0679014
lane3_DN549342_Blood11_C07_ACTTGGGG_L003_EpiAge8648580,mouse11,BCell,36,0.0586267
lane3_DN549342_Blood11_C08_GTTTTTCG_L003_EpiAge8648588,mouse11,BCell,36,0.0576467
lane3_DN549342_Blood11_C09_TTCGCAGG_L003_EpiAge8648596,mouse11,BCell,36,0.0631494
lane3_DN549342_Blood11_C10_AATTTGCG_L003_EpiAge8648604,mouse11,BCell,36,0.0712264
lane3_DN549342_Blood11_C11_ATACAGGC_L003_EpiAge8648612,mouse11,BCell,36,0.0585441
lane3_DN549342_Blood11_C12_AGCTGTGC_L003_EpiAge8648620,mouse11,NveCD4T,36,0.0436932
lane3_DN549342_Blood11_D01_TGTCATCT_L003_EpiAge8648533,mouse11,BCell,36,0.0638565
lane3_DN549342_Blood11_D02_GAGACATA_L003_EpiAge8648541,mouse11,BCell,36,0.0556507
lane3_DN549342_Blood11_D03_ACGTTGGC_L003_EpiAge8648549,mouse11,BCell,36,0.0693623
lane3_DN549342_Blood11_D04_GCCTGCCC_L003_EpiAge8648557,mouse11,BCell,36,0.0538089
lane3_DN549342_Blood11_D05_GAGGGCAG_L003_EpiAge8648565,mouse11,,36,0.04406
lane3_DN549342_Blood11_D06_TTTTACGT_L003_EpiAge8648573,mouse11,BCell,36,0.0552407
lane3_DN549342_Blood11_D07_GGCTGCTT_L003_EpiAge8648581,mouse11,NveCd8T,36,0.0554586
lane3_DN549342_Blood11_D08_ATTGGTAT_L003_EpiAge8648589,mouse11,NveCD4T,36,0.0520795
lane3_DN549342_Blood11_D09_TAGTTATT_L003_EpiAge8648597,mouse11,BCell,36,0.0585666
lane3_DN549342_Blood11_D10_TGGGTTGG_L003_EpiAge8648605,mouse11,,36,0.0593724
lane3_DN549342_Blood11_D11_TGAGACTC_L003_EpiAge8648613,mouse11,BCell,36,0.0583666
lane3_DN549342_Blood11_D12_TTACCTTC_L003_EpiAge8648621,mouse11,BCell,36,0.0594584
lane3_DN549342_Blood11_E01_ATAGCTCT_L003_EpiAge8648534,mouse11,BCell,36,0.0535081
lane3_DN549342_Blood11_E02_GTCAAGCT_L003_EpiAge8648542,mouse11,MemCD8T,36,0.0679194
lane3_DN549342_Blood11_E03_CCAGCTTA_L003_EpiAge8648550,mouse11,BCell,36,0.0520206
lane3_DN549342_Blood11_E04_AGGACGAT_L003_EpiAge8648558,mouse11,NveCD4T,36,0.0615808
lane3_DN549342_Blood11_E05_GTTTTCAC_L003_EpiAge8648566,mouse11,DC,36,0.0563691
lane3_DN549342_Blood11_E06_TTCCTACA_L003_EpiAge8648574,mouse11,NveCd8T,36,0.0659569
lane3_DN549342_Blood11_E07_CAGGGTCG_L003_EpiAge8648582,mouse11,NK,36,0.0678385
lane3_DN549342_Blood11_E08_CGCCAGTA_L003_EpiAge8648590,mouse11,NveCD4T,36,0.0541718
lane3_DN549342_Blood11_E09_TCCTCCGA_L003_EpiAge8648598,mouse11,BCell,36,0.0586534
lane3_DN549342_Blood11_E10_AGTTGAAA_L003_EpiAge8648606,mouse11,BCell,36,0.0475142
lane3_DN549342_Blood11_E11_ACTCAGGA_L003_EpiAge8648614,mouse11,BCell,36,0.0651972
lane3_DN549342_Blood11_E12_TCCGGGTA_L003_EpiAge8648622,mouse11,MemCD8T,36,0.0657154
lane3_DN549342_Blood11_F01_AGTCCAAC_L003_EpiAge8648535,mouse11,BCell,36,0.0591448
lane3_DN549342_Blood11_F02_AGCAAGTT_L003_EpiAge8648543,mouse11,BCell,36,0.064766
lane3_DN549342_Blood11_F03_GAATCCTA_L003_EpiAge8648551,mouse11,NveCd8T,36,0.0611252
lane3_DN549342_Blood11_F04_CTTGACCG_L003_EpiAge8648559,mouse11,BCell,36,0.0578548
lane3_DN549342_Blood11_F05_GAGATGCC_L003_EpiAge8648567,mouse11,BCell,36,0.0561889
lane3_DN549342_Blood11_F06_AGTGTAGT_L003_EpiAge8648575,mouse11,BCell,36,0.0617976
lane3_DN549342_Blood11_F07_CTCGTCGA_L003_EpiAge8648583,mouse11,NK,36,0.0488487
lane3_DN549342_Blood11_F08_AAGCCGAA_L003_EpiAge8648591,mouse11,BCell,36,0.0544123
lane3_DN549342_Blood11_F09_GCGGGTCT_L003_EpiAge8648599,mouse11,BCell,36,0.0636967
lane3_DN549342_Blood11_F10_GACCGGAA_L003_EpiAge8648607,mouse11,NveCD4T,36,0.0563768
lane3_DN549342_Blood11_F11_GTGTCTGA_L003_EpiAge8648615,mouse11,NveCd8T,36,0.0582902
lane3_DN549342_Blood11_F12_CTACGTAA_L003_EpiAge8648623,mouse11,NveCD4T,36,0.0644546
lane3_DN549342_Blood11_G01_TTTGGGCA_L003_EpiAge8648536,mouse11,BCell,36,0.0602637
lane3_DN549342_Blood11_G02_GACGCTCA_L003_EpiAge8648544,mouse11,BCell,36,0.0542007
lane3_DN549342_Blood11_G03_ACTTCGTA_L003_EpiAge8648552,mouse11,BCell,36,0.0619739
lane3_DN549342_Blood11_G04_AGGTCTAA_L003_EpiAge8648560,mouse11,NveCd8T,36,0.0541311
lane3_DN549342_Blood11_G05_TTGAGAAG_L003_EpiAge8648568,mouse11,BCell,36,0.0617754
lane3_DN549342_Blood11_G06_GTGGCCAA_L003_EpiAge8648576,mouse11,BCell,36,0.060303
lane3_DN549342_Blood11_G07_TCTACAGT_L003_EpiAge8648584,mouse11,MemCD8T,36,0.085574
lane3_DN549342_Blood11_G08_TGACCCAC_L003_EpiAge8648592,mouse11,BCell,36,0.0624097
lane3_DN549342_Blood11_G09_GATTCTAT_L003_EpiAge8648600,mouse11,BCell,36,0.0517941
lane3_DN549342_Blood11_G10_GATCGAAC_L003_EpiAge8648608,mouse11,BCell,36,0.0498945
lane3_DN549342_Blood11_G11_CTTGAATC_L003_EpiAge8648616,mouse11,,36,0.048048
lane3_DN549342_Blood11_G12_TCGGACCG_L003_EpiAge8648624,mouse11,BCell,36,0.0568958
lane3_DN549342_Blood11_H01_TCTGACGC_L003_EpiAge8648537,mouse11,NveCD4T,36,0.0630063
lane3_DN549342_Blood11_H02_ACGGCAGC_L003_EpiAge8648545,mouse11,BCell,36,0.0541336
lane3_DN549342_Blood11_H03_TAGTCGGT_L003_EpiAge8648553,mouse11,BCell,36,0.0583049
lane3_DN549342_Blood11_H04_CGAGATCC_L003_EpiAge8648561,mouse11,BCell,36,0.0568162
lane3_DN549342_Blood11_H05_GCATCCGG_L003_EpiAge8648569,mouse11,NK,36,0.0476398
lane3_DN549342_Blood11_H06_AAATACTC_L003_EpiAge8648577,mouse11,BCell,36,0.0562944
lane3_DN549342_Blood11_H07_CTTCTAGA_L003_EpiAge8648585,mouse11,BCell,36,0.0502033
lane3_DN549342_Blood11_H08_ATTGCACA_L003_EpiAge8648593,mouse11,BCell,36,0.0442846
lane3_DN549342_Blood11_H09_ATGCAAAG_L003_EpiAge8648601,mouse11,BCell,36,0.0480904
lane3_DN549342_Blood11_H10_GTATAGGG_L003_EpiAge8648609,mouse11,RegT,36,0.0549031
lane3_DN549342_Blood11_H11_CCGCATGA_L003_EpiAge8648617,mouse11,NveCd8T,36,0.0547961
lane3_DN549342_Blood11_H12_ATGCGTCG_L003_EpiAge8648625,mouse11,BCell,36,0.0635011
lane4_DN549341_Blood12_A01_TTCTTAGC_L004_EpiAge8648626,mouse12,NveCD4T,10,0.0667592
lane4_DN549341_Blood12_A02_AGGATCTC_L004_EpiAge8648634,mouse12,BCell,10,0.0518661
lane4_DN549341_Blood12_A03_CTTATTCC_L004_EpiAge8648642,mouse12,,10,0.0651163
lane4_DN549341_Blood12_A04_ACTTTACT_L004_EpiAge8648650,mouse12,BCell,10,0.0546325
lane4_DN549341_Blood12_A05_GGTGTCGA_L004_EpiAge8648658,mouse12,NveCD4T,10,0.0502137
lane4_DN549341_Blood12_A06_ACCTCTAC_L004_EpiAge8648666,mouse12,,10,0.0443875
lane4_DN549341_Blood12_A07_TAACAACT_L004_EpiAge8648674,mouse12,BCell,10,0.0555648
lane4_DN549341_Blood12_A08_ATCCCCTA_L004_EpiAge8648682,mouse12,RegT,10,0.0419558
lane4_DN549341_Blood12_A09_CTGACTAC_L004_EpiAge8648690,mouse12,NK,10,0.0632763
lane4_DN549341_Blood12_A10_ACTGGTCG_L004_EpiAge8648698,mouse12,NveCd8T,10,0.0460216
lane4_DN549341_Blood12_A11_GTATCGTC_L004_EpiAge8648706,mouse12,MemCD8T,10,0.0427956
lane4_DN549341_Blood12_A12_CTGCCTAG_L004_EpiAge8648714,mouse12,NveCD4T,10,0.0568937
lane4_DN549341_Blood12_B01_TGAGTAAG_L004_EpiAge8648627,mouse12,BCell,10,0.0561725
lane4_DN549341_Blood12_B02_CTGTTTGA_L004_EpiAge8648635,mouse12,BCell,10,0.0603711
lane4_DN549341_Blood12_B03_CAGGCTCT_L004_EpiAge8648643,mouse12,BCell,10,0.0512526
lane4_DN549341_Blood12_B04_GGGTCCAT_L004_EpiAge8648651,mouse12,BCell,10,0.0591897
lane4_DN549341_Blood12_B05_CCGTTAGG_L004_EpiAge8648659,mouse12,NveCd8T,10,0.0554954
lane4_DN549341_Blood12_B06_GATTGCGT_L004_EpiAge8648667,mouse12,,10,0.054697
lane4_DN549341_Blood12_B07_AGCTCTTT_L004_EpiAge8648675,mouse12,,10,0.0574462
lane4_DN549341_Blood12_B08_CATACTAC_L004_EpiAge8648683,mouse12,BCell,10,0.0520641
lane4_DN549341_Blood12_B09_AACTTTTA_L004_EpiAge8648691,mouse12,MemCD8T,10,0.0651172
lane4_DN549341_Blood12_B10_GACGATTG_L004_EpiAge8648699,mouse12,NveCd8T,10,0.0590728
lane4_DN549341_Blood12_B11_GTCCTCAC_L004_EpiAge8648707,mouse12,NveCD4T,10,0.0560769
lane4_DN549341_Blood12_B12_GAGCGCAT_L004_EpiAge8648715,mouse12,NveCD4T,10,0.0662591
lane4_DN549341_Blood12_C01_AAGTGATA_L004_EpiAge8648628,mouse12,NveCd8T,10,0.0586687
lane4_DN549341_Blood12_C02_GGAATTTC_L004_EpiAge8648636,mouse12,BCell,10,0.0706941
lane4_DN549341_Blood12_C03_AAAGCACG_L004_EpiAge8648644,mouse12,,10,0.0516957
lane4_DN549341_Blood12_C04_ATAACTAG_L004_EpiAge8648652,mouse12,NveCD4T,10,0.0548393
lane4_DN549341_Blood12_C05_TGGCAAAA_L004_EpiAge8648660,mouse12,BCell,10,0.0574082
lane4_DN549341_Blood12_C06_GCTGGTTG_L004_EpiAge8648668,mouse12,NveCd8T,10,0.0692646
lane4_DN549341_Blood12_C07_TAATCCCT_L004_EpiAge8648676,mouse12,NveCD4T,10,0.0594796
lane4_DN549341_Blood12_C08_CAATTGTT_L004_EpiAge8648684,mouse12,BCell,10,0.0552886
lane4_DN549341_Blood12_C09_AGGGATTC_L004_EpiAge8648692,mouse12,BCell,10,0.0547005
lane4_DN549341_Blood12_C10_AGCGATGA_L004_EpiAge8648700,mouse12,NK,10,0.0480145
lane4_DN549341_Blood12_C11_GTACGGAC_L004_EpiAge8648708,mouse12,NveCD4T,10,0.0518403
lane4_DN549341_Blood12_C12_AACTTATC_L004_EpiAge8648716,mouse12,BCell,10,0.0536855
lane4_DN549341_Blood12_D01_TCGATGCG_L004_EpiAge8648629,mouse12,,10,0.0710108
lane4_DN549341_Blood12_D02_TTGGAGCA_L004_EpiAge8648637,mouse12,BCell,10,0.0596299
lane4_DN549341_Blood12_D03_GTATACAC_L004_EpiAge8648645,mouse12,BCell,10,0.0486656
lane4_DN549341_Blood12_D04_AATAGAGA_L004_EpiAge8648653,mouse12,NK,10,0.0551148
lane4_DN549341_Blood12_D05_CCTACCCG_L004_EpiAge8648661,mouse12,BCell,10,0.0554376
lane4_DN549341_Blood12_D06_ATCGTCCT_L004_EpiAge8648669,mouse12,Mono,10,0.0484474
lane4_DN549341_Blood12_D07_AGGACACT_L004_EpiAge8648677,mouse12,BCell,10,0.048271
lane4_DN549341_Blood12_D08_AAACCCGT_L004_EpiAge8648685,mouse12,MemCD8T,10,0.0942973
lane4_DN549341_Blood12_D09_CCGAGTAG_L004_EpiAge8648693,mouse12,,10,0.052926
lane4_DN549341_Blood12_D10_GAAGAGAT_L004_EpiAge8648701,mouse12,BCell,10,0.0598931
lane4_DN549341_Blood12_D11_CATTTTGC_L004_EpiAge8648709,mouse12,NveCD4T,10,0.0641442
lane4_DN549341_Blood12_D12_CCGATGTA_L004_EpiAge8648717,mouse12,BCell,10,0.0560549
lane4_DN549341_Blood12_E01_TATTCTGG_L004_EpiAge8648630,mouse12,NveCd8T,10,0.0549858
lane4_DN549341_Blood12_E02_AAGGTCTG_L004_EpiAge8648638,mouse12,MemCD8T,10,0.0730963
lane4_DN549341_Blood12_E03_GGACATAT_L004_EpiAge8648646,mouse12,NveCd8T,10,0.0558992
lane4_DN549341_Blood12_E04_TCACCATT_L004_EpiAge8648654,mouse12,NveCD4T,10,0.0568315
lane4_DN549341_Blood12_E05_AACAGCGC_L004_EpiAge8648662,mouse12,BCell,10,0.0628149
lane4_DN549341_Blood12_E06_GGACACGG_L004_EpiAge8648670,mouse12,NveCD4T,10,0.0534172
lane4_DN549341_Blood12_E07_TTACACTA_L004_EpiAge8648678,mouse12,NveCd8T,10,0.0578605
lane4_DN549341_Blood12_E08_CAGATTTC_L004_EpiAge8648686,mouse12,NveCd8T,10,0.0565719
lane4_DN549341_Blood12_E09_GGGGACTA_L004_EpiAge8648694,mouse12,NveCd8T,10,0.0526314
lane4_DN549341_Blood12_E10_CGTATGCA_L004_EpiAge8648702,mouse12,BCell,10,0.0435974
lane4_DN549341_Blood12_E11_TCCTCTCT_L004_EpiAge8648710,mouse12,BCell,10,0.054048
lane4_DN549341_Blood12_E12_TTACTACC_L004_EpiAge8648718,mouse12,NveCD4T,10,0.0608937
lane4_DN549341_Blood12_F01_AGCCGTGA_L004_EpiAge8648631,mouse12,MemCD8T,10,0.0562638
lane4_DN549341_Blood12_F02_AATTAGGC_L004_EpiAge8648639,mouse12,NveCD4T,10,0.0661371
lane4_DN549341_Blood12_F03_CGGTTGGG_L004_EpiAge8648647,mouse12,,10,0.0572361
lane4_DN549341_Blood12_F04_CGCCTGAT_L004_EpiAge8648655,mouse12,NveCd8T,10,0.0572184
lane4_DN549341_Blood12_F05_TATACATC_L004_EpiAge8648663,mouse12,NveCd8T,10,0.0586076
lane4_DN549341_Blood12_F06_CGCACCTA_L004_EpiAge8648671,mouse12,MemCD8T,10,0.0677728
lane4_DN549341_Blood12_F07_AAACATCA_L004_EpiAge8648679,mouse12,NveCD4T,10,0.0508229
lane4_DN549341_Blood12_F08_GCGTAGGT_L004_EpiAge8648687,mouse12,NveCd8T,10,0.0534081
lane4_DN549341_Blood12_F09_GGAGTTGA_L004_EpiAge8648695,mouse12,NveCd8T,10,0.0507574
lane4_DN549341_Blood12_F10_CACGTGCG_L004_EpiAge8648703,mouse12,MemCD8T,10,0.0623458
lane4_DN549341_Blood12_F11_AGCAACGA_L004_EpiAge8648711,mouse12,NveCd8T,10,0.0515729
lane4_DN549341_Blood12_F12_CAAGGAGC_L004_EpiAge8648719,mouse12,BCell,10,0.0476429
lane4_DN549341_Blood12_G01_AAGCCTTC_L004_EpiAge8648632,mouse12,NK,10,0.0632653
lane4_DN549341_Blood12_G02_AATCGGGT_L004_EpiAge8648640,mouse12,BCell,10,0.0598942
lane4_DN549341_Blood12_G03_GTCCGTGA_L004_EpiAge8648648,mouse12,NveCD4T,10,0.0528231
lane4_DN549341_Blood12_G04_GCGTGAAC_L004_EpiAge8648656,mouse12,NveCd8T,10,0.0593831
lane4_DN549341_Blood12_G05_AAGCGACT_L004_EpiAge8648664,mouse12,NveCD4T,10,0.0536032
lane4_DN549341_Blood12_G06_CTTCGGCT_L004_EpiAge8648672,mouse12,BCell,10,0.0592601
lane4_DN549341_Blood12_G07_CCATAGCT_L004_EpiAge8648680,mouse12,NveCd8T,10,0.0528799
lane4_DN549341_Blood12_G08_GGCATTCG_L004_EpiAge8648688,mouse12,NveCD4T,10,0.0559508
lane4_DN549341_Blood12_G09_AGCTCATC_L004_EpiAge8648696,mouse12,NveCD4T,10,0.049113
lane4_DN549341_Blood12_G10_GCTTAAAC_L004_EpiAge8648704,mouse12,MemCD8T,10,0.0545609
lane4_DN549341_Blood12_G11_ACAGAAGA_L004_EpiAge8648712,mouse12,BCell,10,0.0562386
lane4_DN549341_Blood12_G12_TGGTTGAC_L004_EpiAge8648720,mouse12,NveCd8T,10,0.0550573
lane4_DN549341_Blood12_H01_AGGTATCC_L004_EpiAge8648633,mouse12,,10,0.0953271
lane4_DN549341_Blood12_H02_AGGTAGAC_L004_EpiAge8648641,mouse12,BCell,10,0.0573317
lane4_DN549341_Blood12_H03_GCCGAACC_L004_EpiAge8648649,mouse12,NK,10,0.0441273
lane4_DN549341_Blood12_H04_TAAGGGTG_L004_EpiAge8648657,mouse12,BCell,10,0.0498819
lane4_DN549341_Blood12_H05_GAAGCGCA_L004_EpiAge8648665,mouse12,BCell,10,0.0508662
lane4_DN549341_Blood12_H06_CGAATCGA_L004_EpiAge8648673,mouse12,NveCd8T,10,0.0472926
lane4_DN549341_Blood12_H07_GTTATGGC_L004_EpiAge8648681,mouse12,NveCD4T,10,0.0579496
lane4_DN549341_Blood12_H08_TGGGGCTT_L004_EpiAge8648689,mouse12,NveCD4T,10,0.05123
lane4_DN549341_Blood12_H09_TAATCAAC_L004_EpiAge8648697,mouse12,NK,10,0.0435459
lane4_DN549341_Blood12_H10_GTTCCGCA_L004_EpiAge8648705,mouse12,,10,0.0552489
lane4_DN549341_Blood12_H11_CGACCCTT_L004_EpiAge8648713,mouse12,MemCD8T,10,0.0594525
lane5_DN549339_Blood15_A01_CGGCAAAC_L005_EpiAge8648722,mouse15,Mono,36,0.0542464
lane5_DN549339_Blood15_A02_GTCATAAG_L005_EpiAge8648730,mouse15,BCell,36,0.0587823
lane5_DN549339_Blood15_A03_GTAGTCGT_L005_EpiAge8648738,mouse15,BCell,36,0.0621325
lane5_DN549339_Blood15_A04_TAATCGTG_L005_EpiAge8648746,mouse15,BCell,36,0.0558226
lane5_DN549339_Blood15_A05_AGACTCAG_L005_EpiAge8648754,mouse15,Mono,36,0.0492567
lane5_DN549339_Blood15_A06_TATTCCGC_L005_EpiAge8648762,mouse15,BCell,36,0.058067
lane5_DN549339_Blood15_A07_CCGTTTTC_L005_EpiAge8648770,mouse15,BCell,36,0.0700501
lane5_DN549339_Blood15_A08_TACCCTTT_L005_EpiAge8648778,mouse15,BCell,36,0.0642664
lane5_DN549339_Blood15_A09_TAAAGGCG_L005_EpiAge8648786,mouse15,BCell,36,0.0600211
lane5_DN549339_Blood15_A10_AGACTATC_L005_EpiAge8648794,mouse15,MemCD8T,36,0.0902267
lane5_DN549339_Blood15_A11_GATATCTC_L005_EpiAge8648802,mouse15,BCell,36,0.0556439
lane5_DN549339_Blood15_A12_TTGATCCT_L005_EpiAge8648810,mouse15,BCell,36,0.0339845
lane5_DN549339_Blood15_B01_CCTGATGG_L005_EpiAge8648723,mouse15,EffCD4T,36,0.0610703
lane5_DN549339_Blood15_B02_TCCAAAAG_L005_EpiAge8648731,mouse15,BCell,36,0.0686907
lane5_DN549339_Blood15_B03_GCGCGATA_L005_EpiAge8648739,mouse15,NveCD4T,36,0.0714235
lane5_DN549339_Blood15_B04_ATTACCTT_L005_EpiAge8648747,mouse15,BCell,36,0.0678122
lane5_DN549339_Blood15_B05_GCGAGGTT_L005_EpiAge8648755,mouse15,BCell,36,0.0574983
lane5_DN549339_Blood15_B06_ATAGAAAC_L005_EpiAge8648763,mouse15,BCell,36,0.0604788
lane5_DN549339_Blood15_B07_ACCGCGTC_L005_EpiAge8648771,mouse15,BCell,36,0.062205
lane5_DN549339_Blood15_B08_CCGAAGAA_L005_EpiAge8648779,mouse15,BCell,36,0.0638937
lane5_DN549339_Blood15_B09_CTGTGGGA_L005_EpiAge8648787,mouse15,BCell,36,0.0641588
lane5_DN549339_Blood15_B10_TACTTTTC_L005_EpiAge8648795,mouse15,,36,0.0651983
lane5_DN549339_Blood15_B11_CGAGCACT_L005_EpiAge8648803,mouse15,NveCD4T,36,0.0566851
lane5_DN549339_Blood15_B12_GAGCATAG_L005_EpiAge8648811,mouse15,BCell,36,0.0632574
lane5_DN549339_Blood15_C01_GAGACGTG_L005_EpiAge8648724,mouse15,BCell,36,0.0642644
lane5_DN549339_Blood15_C02_GTTCTTTC_L005_EpiAge8648732,mouse15,BCell,36,0.0599086
lane5_DN549339_Blood15_C03_CTAGGCTC_L005_EpiAge8648740,mouse15,NK,36,0.0564799
lane5_DN549339_Blood15_C04_ACCGATGT_L005_EpiAge8648748,mouse15,RegT,36,0.0585109
lane5_DN549339_Blood15_C05_ACTGGGAC_L005_EpiAge8648756,mouse15,BCell,36,0.0626998
lane5_DN549339_Blood15_C06_CATTGTCT_L005_EpiAge8648764,mouse15,BCell,36,0.0664115
lane5_DN549339_Blood15_C07_TAGATAGG_L005_EpiAge8648772,mouse15,BCell,36,0.075741
lane5_DN549339_Blood15_C08_CGCGTCTC_L005_EpiAge8648780,mouse15,BCell,36,0.0594699
lane5_DN549339_Blood15_C09_ACACGTCG_L005_EpiAge8648788,mouse15,BCell,36,0.0570426
lane5_DN549339_Blood15_C10_CAGTATCG_L005_EpiAge8648796,mouse15,BCell,36,0.0576749
lane5_DN549339_Blood15_C11_GACATGAT_L005_EpiAge8648804,mouse15,BCell,36,0.0849931
lane5_DN549339_Blood15_C12_GGGCTACG_L005_EpiAge8648812,mouse15,,36,0.0598102
lane5_DN549339_Blood15_D01_ATGTACGA_L005_EpiAge8648725,mouse15,BCell,36,0.0639566
lane5_DN549339_Blood15_D02_CAGACCAA_L005_EpiAge8648733,mouse15,MemCD8T,36,0.064251
lane5_DN549339_Blood15_D03_GACTACAA_L005_EpiAge8648741,mouse15,BCell,36,0.0586337
lane5_DN549339_Blood15_D04_GATGTAGG_L005_EpiAge8648749,mouse15,BCell,36,0.0637388
lane5_DN549339_Blood15_D05_CACTGAAC_L005_EpiAge8648757,mouse15,BCell,36,0.0540309
lane5_DN549339_Blood15_D06_GATTACCA_L005_EpiAge8648765,mouse15,BCell,36,0.0601114
lane5_DN549339_Blood15_D07_TGATTTCT_L005_EpiAge8648773,mouse15,BCell,36,0.073251
lane5_DN549339_Blood15_D08_ATGGATTA_L005_EpiAge8648781,mouse15,BCell,36,0.0667032
lane5_DN549339_Blood15_D09_TAAATCGT_L005_EpiAge8648789,mouse15,NveCD4T,36,0.0736275
lane5_DN549339_Blood15_D10_GGACTAAC_L005_EpiAge8648797,mouse15,BCell,36,0.0767108
lane5_DN549339_Blood15_D11_TCAAGTCC_L005_EpiAge8648805,mouse15,MemCD8T,36,0.0871273
lane5_DN549339_Blood15_D12_CGGGAAAT_L005_EpiAge8648813,mouse15,EffCD4T,36,0.0499254
lane5_DN549339_Blood15_E01_ACCCCCAG_L005_EpiAge8648726,mouse15,EffCD4T,36,0.0582658
lane5_DN549339_Blood15_E02_CGATGACG_L005_EpiAge8648734,mouse15,BCell,36,0.0602284
lane5_DN549339_Blood15_E03_CGTCAAGG_L005_EpiAge8648742,mouse15,BCell,36,0.0606947
lane5_DN549339_Blood15_E04_CTAAGCTT_L005_EpiAge8648750,mouse15,BCell,36,0.0661984
lane5_DN549339_Blood15_E05_AGAAACCA_L005_EpiAge8648758,mouse15,EffCD4T,36,0.0626279
lane5_DN549339_Blood15_E06_TTGCCGAC_L005_EpiAge8648766,mouse15,BCell,36,0.0588921
lane5_DN549339_Blood15_E07_CGAGGCAG_L005_EpiAge8648774,mouse15,BCell,36,0.0649088
lane5_DN549339_Blood15_E08_CGAAAAAC_L005_EpiAge8648782,mouse15,NveCD4T,36,0.0602029
lane5_DN549339_Blood15_E09_TGATGGAT_L005_EpiAge8648790,mouse15,BCell,36,0.0604268
lane5_DN549339_Blood15_E10_TGGAAACG_L005_EpiAge8648798,mouse15,Mono,36,0.0667876
lane5_DN549339_Blood15_E11_GGTCCTAG_L005_EpiAge8648806,mouse15,BCell,36,0.0542308
lane5_DN549339_Blood15_E12_AATCGATG_L005_EpiAge8648814,mouse15,BCell,36,0.0541245
lane5_DN549339_Blood15_F01_CACCCAAA_L005_EpiAge8648727,mouse15,BCell,36,0.0643851
lane5_DN549339_Blood15_F02_AAGAGTGC_L005_EpiAge8648735,mouse15,BCell,36,0.0619381
lane5_DN549339_Blood15_F03_GTACAAGA_L005_EpiAge8648743,mouse15,MemCD8T,36,0.0687962
lane5_DN549339_Blood15_F04_ATCCGCAA_L005_EpiAge8648751,mouse15,BCell,36,0.0605628
lane5_DN549339_Blood15_F05_GGCCCAAA_L005_EpiAge8648759,mouse15,BCell,36,0.0566129
lane5_DN549339_Blood15_F06_TAGTAGAG_L005_EpiAge8648767,mouse15,BCell,36,0.0573479
lane5_DN549339_Blood15_F07_ATTTTGCA_L005_EpiAge8648775,mouse15,BCell,36,0.0606105
lane5_DN549339_Blood15_F08_TCGGGAAT_L005_EpiAge8648783,mouse15,MemCD8T,36,0.0872137
lane5_DN549339_Blood15_F09_GGCGGAAG_L005_EpiAge8648791,mouse15,BCell,36,0.0730728
lane5_DN549339_Blood15_F10_TTAGTCAA_L005_EpiAge8648799,mouse15,NK,36,0.0869043
lane5_DN549339_Blood15_F11_GTTCAAAG_L005_EpiAge8648807,mouse15,NveCD4T,36,0.0584262
lane5_DN549339_Blood15_F12_CAGCACGG_L005_EpiAge8648815,mouse15,BCell,36,0.0670169
lane5_DN549339_Blood15_G01_TGCAGAGG_L005_EpiAge8648728,mouse15,EffCD4T,36,0.0762097
lane5_DN549339_Blood15_G02_TGTCGCAC_L005_EpiAge8648736,mouse15,BCell,36,0.0541013
lane5_DN549339_Blood15_G03_GACCCAGA_L005_EpiAge8648744,mouse15,RegT,36,0.0576414
lane5_DN549339_Blood15_G04_TGCATGCC_L005_EpiAge8648752,mouse15,BCell,36,0.0527393
lane5_DN549339_Blood15_G05_AGCTTCCA_L005_EpiAge8648760,mouse15,MemCD4T,36,0.0643864
lane5_DN549339_Blood15_G06_ATGATGTC_L005_EpiAge8648768,mouse15,MemCD8T,36,0.0863803
lane5_DN549339_Blood15_G07_ACAGGGCA_L005_EpiAge8648776,mouse15,NveCD4T,36,0.0616888
lane5_DN549339_Blood15_G08_CAGGTCGT_L005_EpiAge8648784,mouse15,BCell,36,0.0637948
lane5_DN549339_Blood15_G09_CCTGCGTT_L005_EpiAge8648792,mouse15,BCell,36,0.0548534
lane5_DN549339_Blood15_G10_GGCACTTC_L005_EpiAge8648800,mouse15,BCell,36,0.0609259
lane5_DN549339_Blood15_G11_GCTATTGT_L005_EpiAge8648808,mouse15,EffCD4T,36,0.055368
lane5_DN549339_Blood15_G12_TATACTCA_L005_EpiAge8648816,mouse15,BCell,36,0.0625957
lane5_DN549339_Blood15_H02_AAAGTGAT_L005_EpiAge8648737,mouse15,BCell,36,0.0511335
lane5_DN549339_Blood15_H03_GGACTTGT_L005_EpiAge8648745,mouse15,RegT,36,0.0498842
lane5_DN549339_Blood15_H04_TACCTAAG_L005_EpiAge8648753,mouse15,BCell,36,0.0572722
lane5_DN549339_Blood15_H05_CTGGCCTG_L005_EpiAge8648761,mouse15,,36,0.0633661
lane5_DN549339_Blood15_H06_TTCACCTG_L005_EpiAge8648769,mouse15,Mono,36,0.0498871
lane5_DN549339_Blood15_H07_ATTACTGT_L005_EpiAge8648777,mouse15,BCell,36,0.0688252
lane5_DN549339_Blood15_H08_TTTCCTCT_L005_EpiAge8648785,mouse15,BCell,36,0.0698347
lane5_DN549339_Blood15_H09_GCATATCA_L005_EpiAge8648793,mouse15,BCell,36,0.0682482
lane5_DN549339_Blood15_H10_CGCGTACA_L005_EpiAge8648801,mouse15,,36,0.0799122
lane5_DN549339_Blood15_H11_CCGAAAGT_L005_EpiAge8648809,mouse15,MemCD8T,36,0.0649517
lane6_DN549337_Blood22_A01_GAGGCCTC_L006_EpiAge8648818,mouse22,EffCD4T,77,0.0717616
lane6_DN549337_Blood22_A02_GTCCTATT_L006_EpiAge8648826,mouse22,BCell,77,0.071524
lane6_DN549337_Blood22_A03_CAATGCAG_L006_EpiAge8648834,mouse22,Baso,77,0.0559249
lane6_DN549337_Blood22_A04_CACTGCTT_L006_EpiAge8648842,mouse22,BCell,77,0.078572
lane6_DN549337_Blood22_A05_CGTACACA_L006_EpiAge8648850,mouse22,BCell,77,0.065831
lane6_DN549337_Blood22_A06_GCAAAAGC_L006_EpiAge8648858,mouse22,BCell,77,0.0637922
lane6_DN549337_Blood22_A07_GCCCCTAC_L006_EpiAge8648866,mouse22,BCell,77,0.0789813
lane6_DN549337_Blood22_A08_AGTACTCC_L006_EpiAge8648874,mouse22,,77,0.0628518
lane6_DN549337_Blood22_A09_GTCTAAGA_L006_EpiAge8648882,mouse22,BCell,77,0.0594121
lane6_DN549337_Blood22_A10_GATGTGTA_L006_EpiAge8648890,mouse22,MemCD8T,77,0.0782928
lane6_DN549337_Blood22_A11_ATTCAGTT_L006_EpiAge8648898,mouse22,NveCD4T,77,0.0706298
lane6_DN549337_Blood22_A12_AAACGTGG_L006_EpiAge8648906,mouse22,MemCD8T,77,0.0738401
lane6_DN549337_Blood22_B01_CGGGCTTA_L006_EpiAge8648819,mouse22,BCell,77,0.0558687
lane6_DN549337_Blood22_B02_CATCACCT_L006_EpiAge8648827,mouse22,NveCd8T,77,0.0544999
lane6_DN549337_Blood22_B03_TGCCCGTA_L006_EpiAge8648835,mouse22,BCell,77,0.0640295
lane6_DN549337_Blood22_B04_ATAAGTCA_L006_EpiAge8648843,mouse22,EffCD4T,77,0.0955511
lane6_DN549337_Blood22_B05_CCAAAGGA_L006_EpiAge8648851,mouse22,Mono,77,0.047028
lane6_DN549337_Blood22_B06_TTGCTTGG_L006_EpiAge8648859,mouse22,MemCD8T,77,0.0718474
lane6_DN549337_Blood22_B07_GATGCGTG_L006_EpiAge8648867,mouse22,BCell,77,0.054582
lane6_DN549337_Blood22_B08_ATCAAGCC_L006_EpiAge8648875,mouse22,NveCD4T,77,0.0829479
lane6_DN549337_Blood22_B09_CTCCCAGC_L006_EpiAge8648883,mouse22,BCell,77,0.0754793
lane6_DN549337_Blood22_B10_GTAACACC_L006_EpiAge8648891,mouse22,NveCD4T,77,0.0552243
lane6_DN549337_Blood22_B11_TGTCCCGA_L006_EpiAge8648899,mouse22,MemCD8T,77,0.0577818
lane6_DN549337_Blood22_B12_TCTGATCG_L006_EpiAge8648907,mouse22,BCell,77,0.0646418
lane6_DN549337_Blood22_C01_ACCGTCGG_L006_EpiAge8648820,mouse22,BCell,77,0.066935
lane6_DN549337_Blood22_C02_GTTGATGA_L006_EpiAge8648828,mouse22,,77,0.0655463
lane6_DN549337_Blood22_C03_AGACAGCA_L006_EpiAge8648836,mouse22,Mono,77,0.0658283
lane6_DN549337_Blood22_C04_TCAATATC_L006_EpiAge8648844,mouse22,BCell,77,0.0697305
lane6_DN549337_Blood22_C05_ACAATATG_L006_EpiAge8648852,mouse22,BCell,77,0.060126
lane6_DN549337_Blood22_C06_CTCCAATC_L006_EpiAge8648860,mouse22,NveCD4T,77,0.0770114
lane6_DN549337_Blood22_C07_GGATAAAG_L006_EpiAge8648868,mouse22,Baso,77,0.0604888
lane6_DN549337_Blood22_C08_ACTACTAT_L006_EpiAge8648876,mouse22,Mono,77,0.0505613
lane6_DN549337_Blood22_C09_TAAGCTAC_L006_EpiAge8648884,mouse22,BCell,77,0.0590965
lane6_DN549337_Blood22_C10_AACCCGCA_L006_EpiAge8648892,mouse22,NveCd8T,77,0.0859039
lane6_DN549337_Blood22_C11_ACGATCAG_L006_EpiAge8648900,mouse22,MemCD8T,77,0.0605884
lane6_DN549337_Blood22_C12_AATCCCAC_L006_EpiAge8648908,mouse22,MemCD8T,77,0.102271
lane6_DN549337_Blood22_D01_TGTTACTG_L006_EpiAge8648821,mouse22,EffCD4T,77,0.0688102
lane6_DN549337_Blood22_D02_CCCAGATC_L006_EpiAge8648829,mouse22,BCell,77,0.0610986
lane6_DN549337_Blood22_D03_CATCGCGC_L006_EpiAge8648837,mouse22,,77,0.221053
lane6_DN549337_Blood22_D04_AGTTGCCG_L006_EpiAge8648845,mouse22,MemCD8T,77,0.0608616
lane6_DN549337_Blood22_D05_TGGGTACT_L006_EpiAge8648853,mouse22,EffCD4T,77,0.09138
lane6_DN549337_Blood22_D06_ACCCTTCT_L006_EpiAge8648861,mouse22,BCell,77,0.0763656
lane6_DN549337_Blood22_D07_GTGGGCGT_L006_EpiAge8648869,mouse22,MemCD8T,77,0.0998636
lane6_DN549337_Blood22_D08_GTTCCGGT_L006_EpiAge8648877,mouse22,BCell,77,0.0662881
lane6_DN549337_Blood22_D09_GTTGGATT_L006_EpiAge8648885,mouse22,NveCd8T,77,0.0566141
lane6_DN549337_Blood22_D10_GGAGAACA_L006_EpiAge8648893,mouse22,BCell,77,0.0784672
lane6_DN549337_Blood22_D11_ATCAGAGT_L006_EpiAge8648901,mouse22,BCell,77,0.0724303
lane6_DN549337_Blood22_D12_TCTGTATG_L006_EpiAge8648909,mouse22,EffCD4T,77,0.0581602
lane6_DN549337_Blood22_E01_CAGTCAAC_L006_EpiAge8648822,mouse22,EffCD4T,77,0.0582137
lane6_DN549337_Blood22_E02_CCTGCAAG_L006_EpiAge8648830,mouse22,BCell,77,0.0626721
lane6_DN549337_Blood22_E03_TTCTGGTG_L006_EpiAge8648838,mouse22,MemCD8T,77,0.0725994
lane6_DN549337_Blood22_E04_AGGCACGC_L006_EpiAge8648846,mouse22,NveCd8T,77,0.0653452
lane6_DN549337_Blood22_E05_ACGGGCAA_L006_EpiAge8648854,mouse22,MemCD8T,77,0.0815074
lane6_DN549337_Blood22_E06_CTCTCGGC_L006_EpiAge8648862,mouse22,BCell,77,0.0744733
lane6_DN549337_Blood22_E07_ACAGAGTG_L006_EpiAge8648870,mouse22,BCell,77,0.0688854
lane6_DN549337_Blood22_E08_CTAACGAA_L006_EpiAge8648878,mouse22,MemCD8T,77,0.0836012
lane6_DN549337_Blood22_E09_CCGCACTA_L006_EpiAge8648886,mouse22,BCell,77,0.0604212
lane6_DN549337_Blood22_E10_CTTATCTG_L006_EpiAge8648894,mouse22,BCell,77,0.0570325
lane6_DN549337_Blood22_E11_TCTGAATA_L006_EpiAge8648902,mouse22,Mono,77,0.0514038
lane6_DN549337_Blood22_E12_CTCGCTTT_L006_EpiAge8648910,mouse22,NveCd8T,77,0.0497796
lane6_DN549337_Blood22_F01_ACGCTTGA_L006_EpiAge8648823,mouse22,NveCd8T,77,0.0703996
lane6_DN549337_Blood22_F02_TCCGAAGC_L006_EpiAge8648831,mouse22,BCell,77,0.0612969
lane6_DN549337_Blood22_F03_TGAGCGGA_L006_EpiAge8648839,mouse22,NveCD4T,77,0.0716873
lane6_DN549337_Blood22_F04_TGATGCGA_L006_EpiAge8648847,mouse22,BCell,77,0.0690783
lane6_DN549337_Blood22_F05_TAGCCCCT_L006_EpiAge8648855,mouse22,NK,77,0.0646984
lane6_DN549337_Blood22_F06_CCGAGTTA_L006_EpiAge8648863,mouse22,BCell,77,0.0633851
lane6_DN549337_Blood22_F07_CATAGTTG_L006_EpiAge8648871,mouse22,BCell,77,0.0603124
lane6_DN549337_Blood22_F08_CTATCCAT_L006_EpiAge8648879,mouse22,NveCd8T,77,0.0644128
lane6_DN549337_Blood22_F09_GTCGGAAA_L006_EpiAge8648887,mouse22,BCell,77,0.053347
lane6_DN549337_Blood22_F10_TGAGTCCC_L006_EpiAge8648895,mouse22,NveCd8T,77,0.0677099
lane6_DN549337_Blood22_F11_TCTTACAT_L006_EpiAge8648903,mouse22,,77,0.0611703
lane6_DN549337_Blood22_F12_ACTGCCTG_L006_EpiAge8648911,mouse22,BCell,77,0.0750677
lane6_DN549337_Blood22_G01_AAGGATAC_L006_EpiAge8648824,mouse22,BCell,77,0.0687565
lane6_DN549337_Blood22_G02_ATAGCTGA_L006_EpiAge8648832,mouse22,BCell,77,0.0727432
lane6_DN549337_Blood22_G03_CGCAGTAC_L006_EpiAge8648840,mouse22,BCell,77,0.0608015
lane6_DN549337_Blood22_G04_ATACACCC_L006_EpiAge8648848,mouse22,MemCD8T,77,0.0596599
lane6_DN549337_Blood22_G05_CGGAGCGT_L006_EpiAge8648856,mouse22,BCell,77,0.0828754
lane6_DN549337_Blood22_G06_CGCCATAA_L006_EpiAge8648864,mouse22,MemCD8T,77,0.093807
lane6_DN549337_Blood22_G07_ACCTGAGA_L006_EpiAge8648872,mouse22,Mono,77,0.0555455
lane6_DN549337_Blood22_G08_TACCCACC_L006_EpiAge8648880,mouse22,BCell,77,0.0651153
lane6_DN549337_Blood22_G09_TTCCATGT_L006_EpiAge8648888,mouse22,BCell,77,0.0620363
lane6_DN549337_Blood22_G10_TTGTATTC_L006_EpiAge8648896,mouse22,NveCD4T,77,0.0893368
lane6_DN549337_Blood22_G11_GAGGGAGC_L006_EpiAge8648904,mouse22,BCell,77,0.0589522
lane6_DN549337_Blood22_G12_AGTTCGCA_L006_EpiAge8648912,mouse22,BCell,77,0.0681231
lane6_DN549337_Blood22_H01_TTCATGGA_L006_EpiAge8648825,mouse22,,77,0.2018
lane6_DN549337_Blood22_H02_TAGGGGAC_L006_EpiAge8648833,mouse22,BCell,77,0.0826752
lane6_DN549337_Blood22_H03_GCATGGAC_L006_EpiAge8648841,mouse22,BCell,77,0.0629873
lane6_DN549337_Blood22_H04_CTTGCCAC_L006_EpiAge8648849,mouse22,BCell,77,0.0726609
lane6_DN549337_Blood22_H05_TCTCTGGT_L006_EpiAge8648857,mouse22,BCell,77,0.0693275
lane6_DN549337_Blood22_H06_TGTCGAGG_L006_EpiAge8648865,mouse22,MemCD8T,77,0.0867481
lane6_DN549337_Blood22_H07_CGTCGACA_L006_EpiAge8648873,mouse22,NveCD4T,77,0.0738976
lane6_DN549337_Blood22_H08_CTCATCTT_L006_EpiAge8648881,mouse22,NveCD4T,77,0.0680078
lane6_DN549337_Blood22_H09_CTAACGGT_L006_EpiAge8648889,mouse22,NveCd8T,77,0.0762751
lane6_DN549337_Blood22_H10_AGGGAGGG_L006_EpiAge8648897,mouse22,EffCD4T,77,0.0769266
lane6_DN549337_Blood22_H11_ACCACCCT_L006_EpiAge8648905,mouse22,BCell,77,0.0563066
lane7_DN549336_Blood23_A01_TGAGCAGC_L007_EpiAge8648914,mouse23,BCell,77,0.0948727
lane7_DN549336_Blood23_A02_GCGACACA_L007_EpiAge8648922,mouse23,EffCD4T,77,0.0836932
lane7_DN549336_Blood23_A03_AAGTCAAT_L007_EpiAge8648930,mouse23,EffCD4T,77,0.110858
lane7_DN549336_Blood23_A04_GCTTGTTT_L007_EpiAge8648938,mouse23,BCell,77,0.0719127
lane7_DN549336_Blood23_A05_TATACGAA_L007_EpiAge8648946,mouse23,BCell,77,0.0867234
lane7_DN549336_Blood23_A06_ATCATGAT_L007_EpiAge8648954,mouse23,BCell,77,0.152071
lane7_DN549336_Blood23_A07_AAAACAGT_L007_EpiAge8648962,mouse23,BCell,77,0.0758795
lane7_DN549336_Blood23_A08_CTACTGCT_L007_EpiAge8648970,mouse23,EffCD4T,77,0.0768747
lane7_DN549336_Blood23_A09_TGCATTAG_L007_EpiAge8648978,mouse23,BCell,77,0.0502532
lane7_DN549336_Blood23_A10_CGGTGCAA_L007_EpiAge8648986,mouse23,BCell,77,0.0645484
lane7_DN549336_Blood23_A11_TGACTGTA_L007_EpiAge8648994,mouse23,NK,77,0.0538768
lane7_DN549336_Blood23_A12_CTTAACGC_L007_EpiAge8649002,mouse23,MemCD8T,77,0.0738559
lane7_DN549336_Blood23_B01_TCGCCCTA_L007_EpiAge8648915,mouse23,EffCD4T,77,0.161609
lane7_DN549336_Blood23_B02_AGAGTTTT_L007_EpiAge8648923,mouse23,MemCD8T,77,0.0858499
lane7_DN549336_Blood23_B03_GGCGATTC_L007_EpiAge8648931,mouse23,BCell,77,0.0578345
lane7_DN549336_Blood23_B04_AGCATGTG_L007_EpiAge8648939,mouse23,BCell,77,0.0611421
lane7_DN549336_Blood23_B05_GTCAATAG_L007_EpiAge8648947,mouse23,BCell,77,0.0602895
lane7_DN549336_Blood23_B06_TACAATCC_L007_EpiAge8648955,mouse23,BCell,77,0.0552145
lane7_DN549336_Blood23_B07_GAATCACC_L007_EpiAge8648963,mouse23,BCell,77,0.057189
lane7_DN549336_Blood23_B08_TTTGAGAC_L007_EpiAge8648971,mouse23,BCell,77,0.0629591
lane7_DN549336_Blood23_B09_ATCTCTGT_L007_EpiAge8648979,mouse23,BCell,77,0.0673633
lane7_DN549336_Blood23_B10_AATTCCTG_L007_EpiAge8648987,mouse23,BCell,77,0.0698126
lane7_DN549336_Blood23_B11_ACTTAAGC_L007_EpiAge8648995,mouse23,NveCD4T,77,0.0580962
lane7_DN549336_Blood23_B12_AGTGTTCT_L007_EpiAge8649003,mouse23,NveCd8T,77,0.0697506
lane7_DN549336_Blood23_C01_TCGCACAT_L007_EpiAge8648916,mouse23,BCell,77,0.0426866
lane7_DN549336_Blood23_C02_ACTTGCCT_L007_EpiAge8648924,mouse23,Neut,77,0.0507466
lane7_DN549336_Blood23_C03_ATGTTGAG_L007_EpiAge8648932,mouse23,BCell,77,0.0556347
lane7_DN549336_Blood23_C04_CGATAGCC_L007_EpiAge8648940,mouse23,BCell,77,0.0712402
lane7_DN549336_Blood23_C05_TCCATCAC_L007_EpiAge8648948,mouse23,BCell,77,0.0685609
lane7_DN549336_Blood23_C06_CAAAGTGT_L007_EpiAge8648956,mouse23,BCell,77,0.0472406
lane7_DN549336_Blood23_C07_TATGGTAC_L007_EpiAge8648964,mouse23,BCell,77,0.0574484
lane7_DN549336_Blood23_C08_TTTGTGTT_L007_EpiAge8648972,mouse23,BCell,77,0.0612942
lane7_DN549336_Blood23_C09_GGTCGATA_L007_EpiAge8648980,mouse23,MemCD8T,77,0.0793195
lane7_DN549336_Blood23_C10_CTTCAGCG_L007_EpiAge8648988,mouse23,BCell,77,0.0484481
lane7_DN549336_Blood23_C11_CAACATTG_L007_EpiAge8648996,mouse23,BCell,77,0.052483
lane7_DN549336_Blood23_C12_ACTTCCGA_L007_EpiAge8649004,mouse23,MemCD8T,77,0.110381
lane7_DN549336_Blood23_D01_ACCAGAAA_L007_EpiAge8648917,mouse23,BCell,77,0.0790988
lane7_DN549336_Blood23_D02_GTATAGAA_L007_EpiAge8648925,mouse23,BCell,77,0.0657729
lane7_DN549336_Blood23_D03_CTCCTTTA_L007_EpiAge8648933,mouse23,BCell,77,0.0598021
lane7_DN549336_Blood23_D04_AGATCCTC_L007_EpiAge8648941,mouse23,MemCD8T,77,0.0692095
lane7_DN549336_Blood23_D05_AACAAGGG_L007_EpiAge8648949,mouse23,NveCD4T,77,0.0631894
lane7_DN549336_Blood23_D06_ATTCGAAT_L007_EpiAge8648957,mouse23,MemCD8T,77,0.0776624
lane7_DN549336_Blood23_D07_TATGGCCA_L007_EpiAge8648965,mouse23,MemCD8T,77,0.0720051
lane7_DN549336_Blood23_D08_ATACGCGA_L007_EpiAge8648973,mouse23,BCell,77,0.0693313
lane7_DN549336_Blood23_D09_GGATACTG_L007_EpiAge8648981,mouse23,EffCD4T,77,0.0685547
lane7_DN549336_Blood23_D10_AGTTGTGT_L007_EpiAge8648989,mouse23,MemCD8T,77,0.0586981
lane7_DN549336_Blood23_D11_GCTGTTTA_L007_EpiAge8648997,mouse23,BCell,77,0.0658207
lane7_DN549336_Blood23_D12_GCTGCTAC_L007_EpiAge8649005,mouse23,BCell,77,0.0996251
lane7_DN549336_Blood23_E01_TCGGCATT_L007_EpiAge8648918,mouse23,EffCD4T,77,0.0518909
lane7_DN549336_Blood23_E02_GCGAGCAT_L007_EpiAge8648926,mouse23,NK,77,0.0529512
lane7_DN549336_Blood23_E03_ACCCTTGG_L007_EpiAge8648934,mouse23,NveCd8T,77,0.0603675
lane7_DN549336_Blood23_E04_AGCATGGA_L007_EpiAge8648942,mouse23,BCell,77,0.0714641
lane7_DN549336_Blood23_E05_ATCGCATG_L007_EpiAge8648950,mouse23,BCell,77,0.0632397
lane7_DN549336_Blood23_E06_CGAAACGT_L007_EpiAge8648958,mouse23,BCell,77,0.0594694
lane7_DN549336_Blood23_E07_AGGAGCTG_L007_EpiAge8648966,mouse23,Mono,77,0.0478347
lane7_DN549336_Blood23_E08_TCTTTTGG_L007_EpiAge8648974,mouse23,MemCD4T,77,0.06509
lane7_DN549336_Blood23_E09_CCAACAGA_L007_EpiAge8648982,mouse23,MemCD8T,77,0.079983
lane7_DN549336_Blood23_E10_ATGTGCTC_L007_EpiAge8648990,mouse23,BCell,77,0.0805946
lane7_DN549336_Blood23_E11_TTCGTTCG_L007_EpiAge8648998,mouse23,BCell,77,0.0418379
lane7_DN549336_Blood23_E12_ATCGGGTG_L007_EpiAge8649006,mouse23,BCell,77,0.0500397
lane7_DN549336_Blood23_F01_TCCGTGTG_L007_EpiAge8648919,mouse23,NveCD4T,77,0.0673196
lane7_DN549336_Blood23_F02_GGAGGATT_L007_EpiAge8648927,mouse23,BCell,77,0.054405
lane7_DN549336_Blood23_F03_ATCTGGAA_L007_EpiAge8648935,mouse23,EffCD4T,77,0.0720246
lane7_DN549336_Blood23_F04_GTGGAGAC_L007_EpiAge8648943,mouse23,EffCD4T,77,0.0733708
lane7_DN549336_Blood23_F05_GCCTTGCG_L007_EpiAge8648951,mouse23,,77,0.0614424
lane7_DN549336_Blood23_F06_GTGGTTAG_L007_EpiAge8648959,mouse23,BCell,77,0.064177
lane7_DN549336_Blood23_F07_GGGGCAAA_L007_EpiAge8648967,mouse23,NK,77,0.0653074
lane7_DN549336_Blood23_F08_CTTTGTCA_L007_EpiAge8648975,mouse23,RegT,77,0.0812236
lane7_DN549336_Blood23_F09_CTTCCCAA_L007_EpiAge8648983,mouse23,MemCD8T,77,0.0662714
lane7_DN549336_Blood23_F10_AGGTTCGC_L007_EpiAge8648991,mouse23,BCell,77,0.0646685
lane7_DN549336_Blood23_F11_AAGTATGT_L007_EpiAge8648999,mouse23,Mono,77,0.0554139
lane7_DN549336_Blood23_F12_ACGACTTG_L007_EpiAge8649007,mouse23,BCell,77,0.0568353
lane7_DN549336_Blood23_G01_TGCAACGC_L007_EpiAge8648920,mouse23,NveCd8T,77,0.0376145
lane7_DN549336_Blood23_G02_TTTCCAAC_L007_EpiAge8648928,mouse23,NveCd8T,77,0.0538477
lane7_DN549336_Blood23_G03_GCGCACCC_L007_EpiAge8648936,mouse23,BCell,77,0.0566168
lane7_DN549336_Blood23_G04_TGGAAGGC_L007_EpiAge8648944,mouse23,EffCD4T,77,0.0728106
lane7_DN549336_Blood23_G05_GTGACTTC_L007_EpiAge8648952,mouse23,BCell,77,0.063364
lane7_DN549336_Blood23_G06_CCCACCAT_L007_EpiAge8648960,mouse23,MemCD8T,77,0.0781947
lane7_DN549336_Blood23_G07_ATCCTGTC_L007_EpiAge8648968,mouse23,MemCD8T,77,0.0717275
lane7_DN549336_Blood23_G08_ACGGTACA_L007_EpiAge8648976,mouse23,BCell,77,0.075939
lane7_DN549336_Blood23_G09_ACCATGCT_L007_EpiAge8648984,mouse23,BCell,77,0.0647519
lane7_DN549336_Blood23_G10_ATGTAGCG_L007_EpiAge8648992,mouse23,BCell,77,0.0662048
lane7_DN549336_Blood23_G11_CCACTAAA_L007_EpiAge8649000,mouse23,BCell,77,0.0574305
lane7_DN549336_Blood23_G12_ATATTCGG_L007_EpiAge8649008,mouse23,EffCD4T,77,0.0644235
lane7_DN549336_Blood23_H03_CAGTCATG_L007_EpiAge8648937,mouse23,EffCD4T,77,0.0660899
lane7_DN549336_Blood23_H04_GTGGGGTT_L007_EpiAge8648945,mouse23,BCell,77,0.0680974
lane7_DN549336_Blood23_H05_GAAGACAG_L007_EpiAge8648953,mouse23,BCell,77,0.0697933
lane7_DN549336_Blood23_H06_TTTCGGCC_L007_EpiAge8648961,mouse23,BCell,77,0.0567327
lane7_DN549336_Blood23_H07_TCCTACTC_L007_EpiAge8648969,mouse23,BCell,77,0.0839497
lane7_DN549336_Blood23_H08_AAGAAACC_L007_EpiAge8648977,mouse23,NK,77,0.0540094
lane7_DN549336_Blood23_H09_GTGATTTA_L007_EpiAge8648985,mouse23,BCell,77,0.0741576
lane7_DN549336_Blood23_H10_AATGCCTC_L007_EpiAge8648993,mouse23,BCell,77,0.0730311
lane7_DN549336_Blood23_H11_GGGAGAGC_L007_EpiAge8649001,mouse23,NveCD4T,77,0.0853396
lane8_DN549335_Blood24_A01_CACAGAAT_L008_EpiAge8649010,mouse24,BCell,10,0.0507429
lane8_DN549335_Blood24_A02_TTAGCAGT_L008_EpiAge8649018,mouse24,NveCd8T,10,0.0564172
lane8_DN549335_Blood24_A03_ATCGACCA_L008_EpiAge8649026,mouse24,BCell,10,0.0468074
lane8_DN549335_Blood24_A04_CTACCATA_L008_EpiAge8649034,mouse24,,10,0.0441582
lane8_DN549335_Blood24_A05_GAACCGAG_L008_EpiAge8649042,mouse24,NveCd8T,10,0.0606406
lane8_DN549335_Blood24_A06_ATAGACTT_L008_EpiAge8649050,mouse24,BCell,10,0.0494297
lane8_DN549335_Blood24_A07_CCACGTTT_L008_EpiAge8649058,mouse24,BCell,10,0.0626429
lane8_DN549335_Blood24_A08_CTCTTCCC_L008_EpiAge8649066,mouse24,BCell,10,0.0608343
lane8_DN549335_Blood24_A09_GACTAGCC_L008_EpiAge8649074,mouse24,BCell,10,0.0545558
lane8_DN549335_Blood24_A10_CTCATCAA_L008_EpiAge8649082,mouse24,NveCD4T,10,0.0634266
lane8_DN549335_Blood24_A11_ATTCTTAC_L008_EpiAge8649090,mouse24,BCell,10,0.0487117
lane8_DN549335_Blood24_A12_GGAGGCGG_L008_EpiAge8649098,mouse24,NveCD4T,10,0.0599801
lane8_DN549335_Blood24_B01_ACTCCCCA_L008_EpiAge8649011,mouse24,NveCd8T,10,0.0519835
lane8_DN549335_Blood24_B02_AGAGGGAG_L008_EpiAge8649019,mouse24,NK,10,0.0532583
lane8_DN549335_Blood24_B03_ACACTTAC_L008_EpiAge8649027,mouse24,NveCd8T,10,0.0556406
lane8_DN549335_Blood24_B04_CGGCTCAC_L008_EpiAge8649035,mouse24,BCell,10,0.0586894
lane8_DN549335_Blood24_B05_TGCGCAAC_L008_EpiAge8649043,mouse24,EffCD4T,10,0.0506661
lane8_DN549335_Blood24_B06_CCGCCATT_L008_EpiAge8649051,mouse24,NK,10,0.0471841
lane8_DN549335_Blood24_B07_CCAATCAC_L008_EpiAge8649059,mouse24,NveCD4T,10,0.0570917
lane8_DN549335_Blood24_B08_GACGTACC_L008_EpiAge8649067,mouse24,BCell,10,0.0685259
lane8_DN549335_Blood24_B09_AATGCGGT_L008_EpiAge8649075,mouse24,BCell,10,0.0489603
lane8_DN549335_Blood24_B10_GTGTTCGA_L008_EpiAge8649083,mouse24,BCell,10,0.042584
lane8_DN549335_Blood24_B11_CTTTAAGT_L008_EpiAge8649091,mouse24,BCell,10,0.0545923
lane8_DN549335_Blood24_B12_GATCGCTG_L008_EpiAge8649099,mouse24,BCell,10,0.0580233
lane8_DN549335_Blood24_C01_TGTGCGCC_L008_EpiAge8649012,mouse24,EffCD4T,10,0.0562945
lane8_DN549335_Blood24_C02_ATGTCCAT_L008_EpiAge8649020,mouse24,MemCD8T,10,0.0506059
lane8_DN549335_Blood24_C03_GCAGTGGC_L008_EpiAge8649028,mouse24,RegT,10,0.0583122
lane8_DN549335_Blood24_C04_TAGAGATG_L008_EpiAge8649036,mouse24,BCell,10,0.0566318
lane8_DN549335_Blood24_C05_CGGGAGTA_L008_EpiAge8649044,mouse24,MemCD8T,10,0.0828218
lane8_DN549335_Blood24_C06_CCATCTCC_L008_EpiAge8649052,mouse24,BCell,10,0.0521068
lane8_DN549335_Blood24_C07_TGGTATCA_L008_EpiAge8649060,mouse24,BCell,10,0.0516218
lane8_DN549335_Blood24_C08_TGGTTCTC_L008_EpiAge8649068,mouse24,NveCD4T,10,0.0546023
lane8_DN549335_Blood24_C09_CAACTCTG_L008_EpiAge8649076,mouse24,BCell,10,0.0496787
lane8_DN549335_Blood24_C10_TTTACTTG_L008_EpiAge8649084,mouse24,NveCD4T,10,0.0546828
lane8_DN549335_Blood24_C11_TGTGTTTA_L008_EpiAge8649092,mouse24,BCell,10,0.0482016
lane8_DN549335_Blood24_C12_CTGTTAAC_L008_EpiAge8649100,mouse24,BCell,10,0.048062
lane8_DN549335_Blood24_D01_CACCAACA_L008_EpiAge8649013,mouse24,,10,0.0476565
lane8_DN549335_Blood24_D02_ACCATAGT_L008_EpiAge8649021,mouse24,BCell,10,0.0556541
lane8_DN549335_Blood24_D03_AGCAAACC_L008_EpiAge8649029,mouse24,NveCd8T,10,0.0512299
lane8_DN549335_Blood24_D04_CTAGAGTG_L008_EpiAge8649037,mouse24,BCell,10,0.0470497
lane8_DN549335_Blood24_D05_AGTGAATA_L008_EpiAge8649045,mouse24,BCell,10,0.0520171
lane8_DN549335_Blood24_D06_TCAAGAGT_L008_EpiAge8649053,mouse24,BCell,10,0.0542747
lane8_DN549335_Blood24_D07_CAGATACC_L008_EpiAge8649061,mouse24,BCell,10,0.0576091
lane8_DN549335_Blood24_D08_GGATCTAA_L008_EpiAge8649069,mouse24,NveCd8T,10,0.0658985
lane8_DN549335_Blood24_D09_TGCGAATG_L008_EpiAge8649077,mouse24,,10,0.0524987
lane8_DN549335_Blood24_D10_ATCTGACC_L008_EpiAge8649085,mouse24,BCell,10,0.0488501
lane8_DN549335_Blood24_D11_GGTTTAGC_L008_EpiAge8649093,mouse24,BCell,10,0.0556991
lane8_DN549335_Blood24_D12_CCTTCTAA_L008_EpiAge8649101,mouse24,BCell,10,0.046981
lane8_DN549335_Blood24_E01_CTGTAGTT_L008_EpiAge8649014,mouse24,BCell,10,0.0532386
lane8_DN549335_Blood24_E02_TCCCACTG_L008_EpiAge8649022,mouse24,BCell,10,0.0568143
lane8_DN549335_Blood24_E03_AGGCGACA_L008_EpiAge8649030,mouse24,BCell,10,0.0538584
lane8_DN549335_Blood24_E04_TTAAGGTA_L008_EpiAge8649038,mouse24,BCell,10,0.0481133
lane8_DN549335_Blood24_E05_GTAAGTAC_L008_EpiAge8649046,mouse24,BCell,10,0.0460067
lane8_DN549335_Blood24_E06_TCGTAACA_L008_EpiAge8649054,mouse24,NK,10,0.0465763
lane8_DN549335_Blood24_E07_CATAGCGA_L008_EpiAge8649062,mouse24,NveCD4T,10,0.0573606
lane8_DN549335_Blood24_E08_GGCCTCGC_L008_EpiAge8649070,mouse24,BCell,10,0.0558136
lane8_DN549335_Blood24_E09_TGTGGTGC_L008_EpiAge8649078,mouse24,BCell,10,0.0530215
lane8_DN549335_Blood24_E10_GACGAGTT_L008_EpiAge8649086,mouse24,BCell,10,0.0479411
lane8_DN549335_Blood24_E11_TGACGAAA_L008_EpiAge8649094,mouse24,,10,0.0535773
lane8_DN549335_Blood24_E12_CAAAATGC_L008_EpiAge8649102,mouse24,BCell,10,0.057165
lane8_DN549335_Blood24_F01_TCCTTCAG_L008_EpiAge8649015,mouse24,MemCD8T,10,0.0621452
lane8_DN549335_Blood24_F02_CGTACTGC_L008_EpiAge8649023,mouse24,NveCd8T,10,0.0625279
lane8_DN549335_Blood24_F03_CCGGACGA_L008_EpiAge8649031,mouse24,BCell,10,0.0555374
lane8_DN549335_Blood24_F04_TAGCTGTA_L008_EpiAge8649039,mouse24,BCell,10,0.057335
lane8_DN549335_Blood24_F05_CACTCCCG_L008_EpiAge8649047,mouse24,NveCd8T,10,0.0506951
lane8_DN549335_Blood24_F06_GTATTACA_L008_EpiAge8649055,mouse24,BCell,10,0.0609161
lane8_DN549335_Blood24_F07_AGATCAAG_L008_EpiAge8649063,mouse24,NveCd8T,10,0.0571597
lane8_DN549335_Blood24_F08_GGTCCTTC_L008_EpiAge8649071,mouse24,,10,0.0440501
lane8_DN549335_Blood24_F09_GTGCACGC_L008_EpiAge8649079,mouse24,BCell,10,0.0542448
lane8_DN549335_Blood24_F10_TCATCGGT_L008_EpiAge8649087,mouse24,NveCd8T,10,0.0546776
lane8_DN549335_Blood24_F11_AGAGAGTC_L008_EpiAge8649095,mouse24,BCell,10,0.0546992
lane8_DN549335_Blood24_F12_GGTTAGGG_L008_EpiAge8649103,mouse24,NK,10,0.039005
lane8_DN549335_Blood24_G01_AATCTACG_L008_EpiAge8649016,mouse24,,10,0.0428833
lane8_DN549335_Blood24_G02_AAGAACGT_L008_EpiAge8649024,mouse24,BCell,10,0.0465186
lane8_DN549335_Blood24_G03_GTCCATGG_L008_EpiAge8649032,mouse24,BCell,10,0.0496648
lane8_DN549335_Blood24_G04_CATGAAGA_L008_EpiAge8649040,mouse24,BCell,10,0.0476959
lane8_DN549335_Blood24_G05_AGGGTCAT_L008_EpiAge8649048,mouse24,BCell,10,0.057603
lane8_DN549335_Blood24_G06_GTGAACCA_L008_EpiAge8649056,mouse24,NveCD4T,10,0.0525195
lane8_DN549335_Blood24_G07_GGGGTTGC_L008_EpiAge8649064,mouse24,BCell,10,0.0495061
lane8_DN549335_Blood24_G08_GGGTGTGA_L008_EpiAge8649072,mouse24,BCell,10,0.0617193
lane8_DN549335_Blood24_G09_AATCATCT_L008_EpiAge8649080,mouse24,EffCD4T,10,0.0392694
lane8_DN549335_Blood24_G10_AGAATCAA_L008_EpiAge8649088,mouse24,NveCd8T,10,0.0599481
lane8_DN549335_Blood24_G11_TATATGAG_L008_EpiAge8649096,mouse24,BCell,10,0.0545647
lane8_DN549335_Blood24_G12_ACTTTAAC_L008_EpiAge8649104,mouse24,NveCD4T,10,0.0574458
lane8_DN549335_Blood24_H01_CACAGTAG_L008_EpiAge8649017,mouse24,,10,0.0565052
lane8_DN549335_Blood24_H02_TACATACA_L008_EpiAge8649025,mouse24,NveCd8T,10,0.0590528
lane8_DN549335_Blood24_H03_CACTATGC_L008_EpiAge8649033,mouse24,BCell,10,0.0483098
lane8_DN549335_Blood24_H04_CAACCAGT_L008_EpiAge8649041,mouse24,RegT,10,0.0510971
lane8_DN549335_Blood24_H05_ATTAGCAA_L008_EpiAge8649049,mouse24,NveCd8T,10,0.0624025
lane8_DN549335_Blood24_H06_GCACTCCA_L008_EpiAge8649057,mouse24,BCell,10,0.050291
lane8_DN549335_Blood24_H07_AAAGGTAT_L008_EpiAge8649065,mouse24,BCell,10,0.0513635
lane8_DN549335_Blood24_H08_TATGGACG_L008_EpiAge8649073,mouse24,NveCd8T,10,0.0639156
lane8_DN549335_Blood24_H09_GGACGTTG_L008_EpiAge8649081,mouse24,NK,10,0.049979
lane8_DN549335_Blood24_H10_TCTATCAA_L008_EpiAge8649089,mouse24,NveCD4T,10,0.0552903
lane8_DN549335_Blood24_H11_GGATCCGC_L008_EpiAge8649097,mouse24,BCell,10,0.0595346
