probe,class,shared_clones,cells_mouse3,cells_mouse4,bulk_difference,symmetric_within_clone_component,symmetric_representation_component,decomposition_error,status
AMPL376447,Dynamic,61,1396,1529,0.009773790761607951,0.012438620468185835,-0.002664829706577881,-0.0000000000000000026020852139652106,different_recipients_not_longitudinal_selection
AMPL371137,Dynamic,61,1396,1529,-0.052374719135866075,-0.0522982359023543,-0.00007648323351180193,0.000000000000000027321894746634712,different_recipients_not_longitudinal_selection
AMPL371170,Dynamic,61,1396,1529,0.008558508754340619,0.00941202919671879,-0.0008535204423781654,-0.000000000000000005095750210681871,different_recipients_not_longitudinal_selection
AMPL366134,Dynamic,61,1396,1529,-0.07090987798456214,-0.06672771446062625,-0.004182163523935835,-0.0000000000000000485722573273506,different_recipients_not_longitudinal_selection
AMPL366093,Dynamic,61,1396,1529,0.010212772735705679,0.01001728646238062,0.0001954862733250524,0.000000000000000006288372600415926,different_recipients_not_longitudinal_selection
AMPL365920,Dynamic,61,1396,1529,0.0041405791751074235,0.0036322213487486052,0.0005083578263588172,0.0000000000000000010842021724855044,different_recipients_not_longitudinal_selection
AMPL366060,Dynamic,61,1396,1529,-0.08955279121323934,-0.08897523867319952,-0.0005775525400398278,0.00000000000000001431146867680866,different_recipients_not_longitudinal_selection
AMPL366212,Dynamic,61,1396,1529,-0.0669187494495157,-0.06731956095397942,0.00040081150446372345,-0.000000000000000001734723475976807,different_recipients_not_longitudinal_selection
AMPL355442,Dynamic,61,1396,1529,0.005853873816810055,0.006583302249980022,-0.0007294284331699626,-0.000000000000000004119968255444917,different_recipients_not_longitudinal_selection
AMPL355412,Dynamic,61,1396,1529,-0.004677008588492583,-0.005566685387419414,0.0008896767989268273,0.000000000000000004336808689942018,different_recipients_not_longitudinal_selection
AMPL371357,Dynamic,61,1396,1529,-0.009532046152606444,-0.010654268329231885,0.0011222221766254451,-0.000000000000000004336808689942018,different_recipients_not_longitudinal_selection
AMPL355970,Dynamic,61,1396,1529,0.007610738707809454,-0.006520445159998822,0.014131183867808286,-0.000000000000000010408340855860843,different_recipients_not_longitudinal_selection
AMPL377391,Dynamic,61,1396,1529,0.02870670382162621,0.03203495254911706,-0.003328248727490853,0.000000000000000001734723475976807,different_recipients_not_longitudinal_selection
AMPL371668,Dynamic,61,1396,1529,-0.0004427299525318548,0.000988678088738601,-0.0014314080412704633,0.00000000000000000737257477290143,different_recipients_not_longitudinal_selection
AMPL365990,Dynamic,61,1396,1529,0.001992050537741203,0.003334742376915017,-0.0013426918391738101,-0.000000000000000003686287386450715,different_recipients_not_longitudinal_selection
AMPL371572,Dynamic,61,1396,1529,-0.05436770666821588,-0.05439319949908725,0.000025492830871410525,-0.00000000000000004380176776841438,different_recipients_not_longitudinal_selection
AMPL365938,Dynamic,61,1396,1529,-0.05815831835703615,-0.05565055423953528,-0.002507764117500876,0.000000000000000003469446951953614,different_recipients_not_longitudinal_selection
AMPL365905,Dynamic,61,1396,1529,0.01301157563139381,0.00904299330860964,0.003968582322784181,-0.00000000000000001214306433183765,different_recipients_not_longitudinal_selection
AMPL376910,Dynamic,61,1396,1529,-0.005089286216247126,-0.008253109599542681,0.003163823383295551,0.000000000000000003469446951953614,different_recipients_not_longitudinal_selection
AMPL366045,Dynamic,61,1396,1529,0.000776300033169605,0.0014082659315126274,-0.0006319658983430172,-0.000000000000000005095750210681871,different_recipients_not_longitudinal_selection
AMPL376601,Dynamic,61,1396,1529,-0.008978750836267698,-0.007930470082763943,-0.0010482807535037522,-0.0000000000000000023852447794681098,different_recipients_not_longitudinal_selection
AMPL371758,Dynamic,61,1396,1529,-0.00395880222105203,-0.004039884741792565,0.00008108252074054043,-0.0000000000000000049873299934333204,different_recipients_not_longitudinal_selection
AMPL366066,Dynamic,61,1396,1529,0.019430925694453552,0.01887540813802972,0.0005555175564238345,-0.000000000000000001951563910473908,different_recipients_not_longitudinal_selection
AMPL355903,Dynamic,61,1396,1529,0.02313673937120165,0.02230019929759567,0.0008365400736059745,0.000000000000000004662069341687669,different_recipients_not_longitudinal_selection
AMPL371618,Dynamic,61,1396,1529,-0.0013160089276846435,0.003045377444398414,-0.004361386372083049,-0.000000000000000007806255641895632,different_recipients_not_longitudinal_selection
AMPL371676,Dynamic,61,1396,1529,-0.027208917939886203,-0.025734035083717396,-0.0014748828561687985,-0.000000000000000007806255641895632,different_recipients_not_longitudinal_selection
AMPL376711,Dynamic,61,1396,1529,-0.007137556430500298,-0.008007214102002162,0.0008696576715018587,0.000000000000000005204170427930421,different_recipients_not_longitudinal_selection
AMPL355560,Dynamic,61,1396,1529,0.003267300199954643,0.0017596403272057623,0.0015076598727488883,-0.000000000000000007589415207398531,different_recipients_not_longitudinal_selection
AMPL365802,Dynamic,61,1396,1529,0.023652554903199077,0.02544428783258116,-0.001791732929382082,-0.0000000000000000004336808689942018,different_recipients_not_longitudinal_selection
AMPL371673,Dynamic,61,1396,1529,0.012792318892997074,0.01367591272605342,-0.0008835938330563364,-0.000000000000000009974659986866641,different_recipients_not_longitudinal_selection
AMPL371378,Dynamic,61,1396,1529,-0.004864407510199195,-0.015154480669804831,0.010290073159605638,-0.000000000000000001734723475976807,different_recipients_not_longitudinal_selection
AMPL366081,Dynamic,61,1396,1529,-0.058281533148058284,-0.05702222077052063,-0.0012593123775376243,-0.000000000000000028189256484623115,different_recipients_not_longitudinal_selection
AMPL366000,Dynamic,61,1396,1529,-0.019884899582287802,-0.010822618643939063,-0.009062280938348741,0.000000000000000001734723475976807,different_recipients_not_longitudinal_selection
AMPL355849,Dynamic,61,1396,1529,0.0493215222039612,0.049055312606221015,0.0002662095977402114,-0.0000000000000000242861286636753,different_recipients_not_longitudinal_selection
AMPL371741,Dynamic,61,1396,1529,-0.007168008755277626,-0.006117040204580437,-0.0010509685506971903,0.0000000000000000008673617379884035,different_recipients_not_longitudinal_selection
AMPL371188,Dynamic,61,1396,1529,-0.03660369438234251,-0.03729700802348228,0.0006933136411397475,0.00000000000000001973247953923618,different_recipients_not_longitudinal_selection
AMPL371743,Dynamic,61,1396,1529,-0.03137245348290266,-0.03925932528057335,0.007886871797670676,0.000000000000000013877787807814457,different_recipients_not_longitudinal_selection
AMPL366028,Dynamic,61,1396,1529,0.01064519574754366,0.010787411658118265,-0.00014221591057459268,-0.000000000000000011980434005964824,different_recipients_not_longitudinal_selection
AMPL376554,Dynamic,61,1396,1529,0.00959060831563975,0.009100076367102364,0.0004905319485373849,-0.0000000000000000002168404344971009,different_recipients_not_longitudinal_selection
AMPL371788,Dynamic,61,1396,1529,-0.00236919086767575,-0.002734693537111825,0.00036550266943607393,0.000000000000000000975781955236954,different_recipients_not_longitudinal_selection
AMPL355637,Dynamic,61,1396,1529,-0.006558493762426889,-0.016291242328007466,0.009732748565580564,0.00000000000000001214306433183765,different_recipients_not_longitudinal_selection
AMPL371503,Dynamic,61,1396,1529,-0.12350807033456332,-0.1262685050199547,0.0027604346853913973,-0.000000000000000008673617379884035,different_recipients_not_longitudinal_selection
AMPL371535,Dynamic,61,1396,1529,0.025594944726688044,0.02545732718468065,0.00013761754200738953,0.000000000000000003903127820947816,different_recipients_not_longitudinal_selection
AMPL366243,Dynamic,61,1396,1529,0.018090086409642794,0.018439809276844125,-0.0003497228672013303,-0.0000000000000000015178830414797062,different_recipients_not_longitudinal_selection
AMPL371353,Dynamic,61,1396,1529,-0.030843051529081518,-0.031147677450910485,0.00030462592182897426,-0.000000000000000007589415207398531,different_recipients_not_longitudinal_selection
AMPL371655,Dynamic,61,1396,1529,-0.011494581360178856,-0.01198293885341451,0.0004883574932356559,-0.000000000000000002168404344971009,different_recipients_not_longitudinal_selection
AMPL376642,Dynamic,61,1396,1529,-0.06488968762473737,-0.06327518779215259,-0.0016144998325847881,0.000000000000000003903127820947816,different_recipients_not_longitudinal_selection
AMPL365953,Dynamic,61,1396,1529,0.10382040811737173,0.1045828817668053,-0.0007624736494336367,0.00000000000000006071532165918825,different_recipients_not_longitudinal_selection
AMPL371580,Dynamic,61,1396,1529,-0.024172586910934907,-0.023832568133732794,-0.0003400187772021455,0.000000000000000032851325826310784,different_recipients_not_longitudinal_selection
AMPL365901,Dynamic,61,1396,1529,0.006006135440696677,0.003706525066473801,0.0022996103742228755,0.0000000000000000008673617379884035,different_recipients_not_longitudinal_selection
AMPL371570,Dynamic,61,1396,1529,0.021863832195509515,0.021934043485376108,-0.00007021128986660005,0.000000000000000006938893903907228,different_recipients_not_longitudinal_selection
AMPL371814,Dynamic,61,1396,1529,-0.03065377861815784,-0.029527554149698963,-0.001126224468458884,0.000000000000000006071532165918825,different_recipients_not_longitudinal_selection
AMPL371312,Dynamic,61,1396,1529,-0.00770209568214145,-0.012367623499304889,0.004665527817163433,0.000000000000000005204170427930421,different_recipients_not_longitudinal_selection
AMPL371677,Dynamic,61,1396,1529,-0.00803941374121334,-0.007598370251757894,-0.00044104348945543935,-0.000000000000000005908901840045999,different_recipients_not_longitudinal_selection
AMPL365795,Dynamic,61,1396,1529,-0.023832926365341706,-0.025245813544439416,0.0014128871790977174,-0.000000000000000006938893903907228,different_recipients_not_longitudinal_selection
AMPL371606,Dynamic,61,1396,1529,-0.011436019197145542,-0.014704624187337676,0.003268604990192138,-0.000000000000000003469446951953614,different_recipients_not_longitudinal_selection
AMPL371716,Dynamic,61,1396,1529,-0.026681858472586358,-0.02368968052469537,-0.0029921779478909957,0.000000000000000009107298248878237,different_recipients_not_longitudinal_selection
AMPL371452,Dynamic,61,1396,1529,0.04298650165566948,0.043794548586130175,-0.0008080469304607074,0.000000000000000013010426069826053,different_recipients_not_longitudinal_selection
AMPL371736,Dynamic,61,1396,1529,0.014307907672299239,0.017293724616820473,-0.0029858169445212517,0.00000000000000001734723475976807,different_recipients_not_longitudinal_selection
AMPL365818,Dynamic,61,1396,1529,0.027496575284705806,0.031234983504499617,-0.0037384082197937994,-0.000000000000000010842021724855044,different_recipients_not_longitudinal_selection
AMPL366056,Dynamic,61,1396,1529,0.0020791910363347653,0.0002843765748061797,0.0017948144615285919,-0.000000000000000006288372600415926,different_recipients_not_longitudinal_selection
AMPL377538,Dynamic,61,1396,1529,-0.000473650774613442,0.000008076752462581212,-0.0004817275270760235,0.0000000000000000002710505431213761,different_recipients_not_longitudinal_selection
AMPL371185,Dynamic,61,1396,1529,-0.02377670668882971,-0.023525746599272698,-0.0002509600895570128,0.0000000000000000002168404344971009,different_recipients_not_longitudinal_selection
AMPL371231,Static,61,1396,1529,-0.01893150756810548,-0.020099799234111555,0.0011682916660060718,0.0000000000000000032526065174565133,different_recipients_not_longitudinal_selection
AMPL371552,Dynamic,61,1396,1529,-0.04651053837836218,-0.045180428817834205,-0.0013301095605279642,-0.000000000000000009974659986866641,different_recipients_not_longitudinal_selection
AMPL365907,Dynamic,61,1396,1529,0.0014012754370611347,0.000935259558130448,0.00046601587893068666,0,different_recipients_not_longitudinal_selection
AMPL371197,Dynamic,61,1396,1529,0.0022661214607371093,0.0022849086798042532,-0.00001878721906714738,0.000000000000000003469446951953614,different_recipients_not_longitudinal_selection
AMPL371323,Dynamic,61,1396,1529,-0.02192333135315139,-0.021316000762267986,-0.000607330590883446,0.00000000000000004163336342344337,different_recipients_not_longitudinal_selection
AMPL366142,Dynamic,61,1396,1529,-0.01419406282736253,-0.017210969644145053,0.003016906816782531,-0.000000000000000007806255641895632,different_recipients_not_longitudinal_selection
AMPL355654,Dynamic,61,1396,1529,-0.03042140395524166,-0.03491388752602512,0.004492483570783477,-0.000000000000000019949319973733282,different_recipients_not_longitudinal_selection
AMPL365828,Dynamic,61,1396,1529,-0.00981736101090474,-0.009907066781562333,0.0000897057706575813,0.000000000000000010950441942103595,different_recipients_not_longitudinal_selection
AMPL376721,Dynamic,61,1396,1529,0.0006554277286688372,0.003528555353972106,-0.002873127625303277,0.000000000000000008239936510889834,different_recipients_not_longitudinal_selection
AMPL389964,Dynamic,61,1396,1529,-0.018496742069746143,-0.012802174867760236,-0.0056945672019858996,-0.000000000000000006938893903907228,different_recipients_not_longitudinal_selection
AMPL390252,Dynamic,61,1396,1529,-0.004140110677803165,-0.0030504749284511012,-0.0010896357493520759,0.00000000000000001214306433183765,different_recipients_not_longitudinal_selection
AMPL365731,Static,61,1396,1529,-0.06859737529070258,-0.052216944736190304,-0.0163804305545123,0.000000000000000027755575615628914,different_recipients_not_longitudinal_selection
AMPL376850,Static,61,1396,1529,-0.01359626026711843,-0.013989089298328882,0.00039282903121044994,0.000000000000000001734723475976807,different_recipients_not_longitudinal_selection
AMPL376373,Dynamic,61,1396,1529,-0.009216278969530811,-0.009467593104980979,0.00025131413545013536,0.00000000000000003209238430557093,different_recipients_not_longitudinal_selection
AMPL377317,Dynamic,61,1396,1529,0.02617447589206571,0.02783513564096884,-0.0016606597489031288,-0.000000000000000003469446951953614,different_recipients_not_longitudinal_selection
AMPL377328,Static,61,1396,1529,-0.013730718993442944,-0.01723906146825881,0.003508342474815854,0.000000000000000012576745200831851,different_recipients_not_longitudinal_selection
AMPL390370,Static,61,1396,1529,0.004967008419833555,0.00568785402730611,-0.0007208456074725639,0.000000000000000009540979117872439,different_recipients_not_longitudinal_selection
AMPL371591,Static,61,1396,1529,-0.0065360058918220955,-0.0027224946768421897,-0.003813511214979927,0.000000000000000021250362580715887,different_recipients_not_longitudinal_selection
AMPL371522,Static,61,1396,1529,-0.014881816870025759,-0.016603340404613618,0.0017215235345878666,-0.00000000000000000737257477290143,different_recipients_not_longitudinal_selection
AMPL390025,Static,61,1396,1529,-0.031416492229503726,-0.03295987525520943,0.0015433830257056908,0.000000000000000013010426069826053,different_recipients_not_longitudinal_selection
AMPL371508,Dynamic,61,1396,1529,0.00003607429242847345,0.0013089513029878332,-0.0012728770105593342,-0.000000000000000025587171270657905,different_recipients_not_longitudinal_selection
AMPL371634,Dynamic,61,1396,1529,0.0017442154637842032,0.001364322488553204,0.0003798929752310007,-0.0000000000000000015178830414797062,different_recipients_not_longitudinal_selection
AMPL371541,Dynamic,61,1396,1529,-0.00281988527438015,0.005253166734040631,-0.008073052008420787,0.000000000000000005204170427930421,different_recipients_not_longitudinal_selection
AMPL388797,Static,61,1396,1529,0.00945240161088113,-0.012780998220024785,0.0222333998309059,0.000000000000000013877787807814457,different_recipients_not_longitudinal_selection
AMPL371547,Static,61,1396,1529,-0.061937217613249856,-0.03554294341602332,-0.026394274197226526,-0.000000000000000010408340855860843,different_recipients_not_longitudinal_selection
AMPL355851,Dynamic,61,1396,1529,-0.014006663905655902,-0.0181042930908841,0.004097629185228188,0.000000000000000009540979117872439,different_recipients_not_longitudinal_selection
AMPL376957,Dynamic,61,1396,1529,-0.016628843317635582,-0.011601087575686233,-0.005027755741949349,0,different_recipients_not_longitudinal_selection
AMPL377097,Dynamic,61,1396,1529,-0.009137571422414052,-0.011337752192463434,0.002200180770049376,0.000000000000000005204170427930421,different_recipients_not_longitudinal_selection
AMPL371255,Static,61,1396,1529,-0.02010930979103149,-0.024163164590786535,0.004053854799755054,-0.000000000000000007806255641895632,different_recipients_not_longitudinal_selection
AMPL371813,Static,61,1396,1529,-0.025939290245323945,-0.029321143394511567,0.003381853149187624,-0.0000000000000000026020852139652106,different_recipients_not_longitudinal_selection
AMPL388838,Dynamic,61,1396,1529,0.015479150932965518,0.014893279564661431,0.0005858713683040825,0.000000000000000004336808689942018,different_recipients_not_longitudinal_selection
AMPL376591,Static,61,1396,1529,0.00972131906353009,0.0038009228468011786,0.0059203962167289105,0.0000000000000000008673617379884035,different_recipients_not_longitudinal_selection
AMPL377144,Dynamic,61,1396,1529,0.007661804913974507,0.007968953713390185,-0.00030714879941568006,0.000000000000000002168404344971009,different_recipients_not_longitudinal_selection
AMPL376854,Dynamic,61,1396,1529,-0.02217725689206384,-0.021656573782189027,-0.0005206831098748151,0.000000000000000003469446951953614,different_recipients_not_longitudinal_selection
AMPL371238,Dynamic,61,1396,1529,0.004738850232655772,0.0021893241067880258,0.0025495261258677206,0.000000000000000026020852139652106,different_recipients_not_longitudinal_selection
AMPL388681,Static,61,1396,1529,-0.03224901193918529,-0.03937660388963305,0.007127591950447747,0.000000000000000010408340855860843,different_recipients_not_longitudinal_selection
AMPL371186,Dynamic,61,1396,1529,-0.003928349896274705,-0.006264927877893721,0.002336577981619024,-0.000000000000000007806255641895632,different_recipients_not_longitudinal_selection
AMPL390585,Static,61,1396,1529,0.0861889805686058,0.08921186869357575,-0.003022888124969974,0.00000000000000002168404344971009,different_recipients_not_longitudinal_selection
AMPL390129,Static,61,1396,1529,-0.039108749468255564,-0.03868556606910129,-0.0004231833991542762,0.000000000000000003469446951953614,different_recipients_not_longitudinal_selection
AMPL355844,Dynamic,61,1396,1529,-0.006819915258207625,-0.006610990418670173,-0.0002089248395374544,0.0000000000000000026020852139652106,different_recipients_not_longitudinal_selection
AMPL376597,Dynamic,61,1396,1529,0.010750607641003619,0.009833701504223065,0.0009169061367805492,0.0000000000000000049873299934333204,different_recipients_not_longitudinal_selection
AMPL365812,Static,61,1396,1529,-0.0011328264817164232,-0.005043553484398993,0.003910727002682575,-0.000000000000000004336808689942018,different_recipients_not_longitudinal_selection
AMPL390097,Static,61,1396,1529,0.02672636571649167,0.019319853142541477,0.007406512573950168,0.000000000000000025153490401663703,different_recipients_not_longitudinal_selection
AMPL355829,Static,61,1396,1529,-0.012733288232659519,-0.006536526649687742,-0.006196761582971781,0.000000000000000004336808689942018,different_recipients_not_longitudinal_selection
AMPL355889,Dynamic,61,1396,1529,-0.017851621281771153,-0.01811204392323972,0.00026042264146857027,-0.0000000000000000047704895589362195,different_recipients_not_longitudinal_selection
AMPL376733,Dynamic,61,1396,1529,-0.0314375746081957,-0.04777034519030456,0.016332770582108854,0.000000000000000010408340855860843,different_recipients_not_longitudinal_selection
AMPL390626,Static,61,1396,1529,-0.036102870764081606,-0.035748616897544064,-0.0003542538665375763,0.00000000000000003436920886779049,different_recipients_not_longitudinal_selection
AMPL365730,Static,61,1396,1529,-0.00048676869913292457,-0.00952764606247769,0.009040877363344763,0.000000000000000003469446951953614,different_recipients_not_longitudinal_selection
AMPL390006,Dynamic,61,1396,1529,-0.0008718734832400066,-0.0012117708617151186,0.00033989737847511716,-0.000000000000000005204170427930421,different_recipients_not_longitudinal_selection
AMPL371756,Dynamic,61,1396,1529,0.006580981633031658,0.0037473687913332594,0.0028336128416983964,0.000000000000000002168404344971009,different_recipients_not_longitudinal_selection
AMPL355580,Static,61,1396,1529,-0.028554910695043862,-0.024735157864598813,-0.0038197528304450604,0.000000000000000011709383462843448,different_recipients_not_longitudinal_selection
AMPL365940,Dynamic,61,1396,1529,-0.015101542105726739,-0.017948687550784086,0.00284714544505733,0.00000000000000001734723475976807,different_recipients_not_longitudinal_selection
AMPL366193,Dynamic,61,1396,1529,0.06398642482211159,0.060347934917784535,0.0036384899043270186,0.00000000000000003382710778154774,different_recipients_not_longitudinal_selection
AMPL377424,Dynamic,61,1396,1529,0.01099656872574354,0.00990550727995444,0.0010910614457890749,0.0000000000000000242861286636753,different_recipients_not_longitudinal_selection
AMPL377537,Dynamic,61,1396,1529,-0.023546674512434848,-0.02740521538786295,0.0038585408754280965,0.000000000000000005637851296924623,different_recipients_not_longitudinal_selection
AMPL378501,Static,61,1396,1529,0.00368613678996889,0.010478074433963123,-0.006791937643994241,0.000000000000000008673617379884035,different_recipients_not_longitudinal_selection
AMPL355676,Static,61,1396,1529,0.1452969429613901,0.14452538883586208,0.0007715541255281155,-0.00000000000000010321604682062002,different_recipients_not_longitudinal_selection
AMPL355831,Static,61,1396,1529,-0.01272391828657419,-0.005783740286076693,-0.006940178000497493,-0.000000000000000005204170427930421,different_recipients_not_longitudinal_selection
AMPL376547,Dynamic,61,1396,1529,-0.0019302088935780372,-0.0031922891602420376,0.0012620802666639974,0.0000000000000000030357660829594124,different_recipients_not_longitudinal_selection
AMPL371772,Static,61,1396,1529,-0.020921215619325313,-0.015918958458382055,-0.00500225716094332,0.00000000000000006158268339717665,different_recipients_not_longitudinal_selection
AMPL371261,Dynamic,61,1396,1529,-0.003207801042312831,-0.003352235727065228,0.00014443468475240553,-0.000000000000000008239936510889834,different_recipients_not_longitudinal_selection
AMPL371729,Dynamic,61,1396,1529,0.011226132404834131,0.012005478537382616,-0.0007793461325484783,-0.000000000000000006288372600415926,different_recipients_not_longitudinal_selection
AMPL371483,Static,61,1396,1529,-0.008591303565639296,-0.017970345318512753,0.00937904175287344,0.00000000000000001734723475976807,different_recipients_not_longitudinal_selection
AMPL371172,Dynamic,61,1396,1529,-0.013701203663274137,-0.013531916644215127,-0.00016928701905900975,-0.0000000000000000004336808689942018,different_recipients_not_longitudinal_selection
AMPL371792,Dynamic,61,1396,1529,-0.011165696252583786,-0.017542159903556585,0.006376463650972794,0.000000000000000005204170427930421,different_recipients_not_longitudinal_selection
AMPL371355,Dynamic,61,1396,1529,-0.021230892337445493,-0.010038813095198799,-0.011192079242246713,0.000000000000000019081958235744878,different_recipients_not_longitudinal_selection
AMPL355534,Dynamic,61,1396,1529,0.06148511771463267,0.06714648174296727,-0.00566136402833462,0.000000000000000026020852139652106,different_recipients_not_longitudinal_selection
AMPL377174,Dynamic,61,1396,1529,-0.04228937766692092,-0.03994137912439863,-0.002347998542522283,-0.0000000000000000047704895589362195,different_recipients_not_longitudinal_selection
AMPL366007,Dynamic,61,1396,1529,-0.009806117075602357,-0.007688958463038649,-0.0021171586125637207,0.000000000000000012576745200831851,different_recipients_not_longitudinal_selection
AMPL366182,Static,61,1396,1529,-0.008435293963318553,0.0028101325541695916,-0.011245426517488149,0.000000000000000003469446951953614,different_recipients_not_longitudinal_selection
AMPL371512,Static,61,1396,1529,-0.03523708774579712,-0.02402624978510178,-0.011210837960695332,-0.000000000000000005204170427930421,different_recipients_not_longitudinal_selection
AMPL390462,Dynamic,61,1396,1529,-0.009934485336971412,-0.010723335757767355,0.0007888504207959604,-0.000000000000000018214596497756474,different_recipients_not_longitudinal_selection
AMPL378486,Dynamic,61,1396,1529,-0.013605630213203768,-0.016723050624613163,0.003117420411409399,-0.000000000000000003469446951953614,different_recipients_not_longitudinal_selection
AMPL376643,Dynamic,61,1396,1529,-0.0005289334565169125,-0.0018592625691936562,0.0013303291126767415,0.000000000000000002168404344971009,different_recipients_not_longitudinal_selection
AMPL390336,Dynamic,61,1396,1529,-0.04062714923138331,-0.021849767110126775,-0.018777382121256556,0.000000000000000020816681711721685,different_recipients_not_longitudinal_selection
AMPL390512,Dynamic,61,1396,1529,-0.01709593512998928,-0.01513428776491057,-0.0019616473650787016,-0.00000000000000000737257477290143,different_recipients_not_longitudinal_selection
AMPL371317,Dynamic,61,1396,1529,-0.03813146409155563,-0.053299758613738146,0.01516829452218251,0.000000000000000008673617379884035,different_recipients_not_longitudinal_selection
AMPL371811,Dynamic,61,1396,1529,-0.006908461248713988,-0.026851754238418228,0.01994329298970422,0.000000000000000020816681711721685,different_recipients_not_longitudinal_selection
AMPL376577,Static,61,1396,1529,-0.03696256331741067,-0.03806719068432934,0.0011046273669186707,-0.0000000000000000047704895589362195,different_recipients_not_longitudinal_selection
AMPL376593,Static,61,1396,1529,-0.0051530018496273675,-0.014387499892916066,0.009234498043288708,-0.000000000000000010408340855860843,different_recipients_not_longitudinal_selection
AMPL371251,Static,61,1396,1529,0.004834892180030394,0.008444710538812414,-0.0036098183587820504,0.00000000000000002992397996059992,different_recipients_not_longitudinal_selection
AMPL371471,Dynamic,61,1396,1529,-0.019868033679334207,-0.020367637938768925,0.0004996042594346988,0.000000000000000018648277366750676,different_recipients_not_longitudinal_selection
AMPL377510,Dynamic,61,1396,1529,-0.020708049345884084,-0.034696435914428544,0.01398838656854447,-0.000000000000000010408340855860843,different_recipients_not_longitudinal_selection
AMPL365861,Dynamic,61,1396,1529,-0.03707172318930475,-0.03939349555526226,0.002321772365957508,-0.0000000000000000008673617379884035,different_recipients_not_longitudinal_selection
AMPL371644,Dynamic,61,1396,1529,-0.041346761090736685,-0.040824527916552784,-0.0005222331741839093,0.000000000000000008890457814381136,different_recipients_not_longitudinal_selection
AMPL371773,Dynamic,61,1396,1529,-0.02561743259729285,-0.015169100832957076,-0.010448331764335777,0.000000000000000003469446951953614,different_recipients_not_longitudinal_selection
AMPL371292,Static,61,1396,1529,-0.015711525595881733,-0.027882693834616817,0.01217116823873508,0.000000000000000003469446951953614,different_recipients_not_longitudinal_selection
AMPL376843,Dynamic,61,1396,1529,-0.0166897479671902,-0.013060547863874766,-0.003629200103315462,0.00000000000000002688821387764051,different_recipients_not_longitudinal_selection
AMPL390223,Static,61,1396,1529,-0.016704739880926724,-0.017082487567015022,0.0003777476860882964,0.0000000000000000020599841277224584,different_recipients_not_longitudinal_selection
AMPL371812,Static,61,1396,1529,-0.011330138806381338,-0.020776645551270578,0.009446506744889258,-0.000000000000000019081958235744878,different_recipients_not_longitudinal_selection
AMPL390215,Dynamic,61,1396,1529,-0.00000000000000002168404344971009,0,-0.00000000000000002168404344971009,0,different_recipients_not_longitudinal_selection
AMPL371589,Dynamic,61,1396,1529,-0.013909216466368472,-0.014854137344112138,0.0009449208777436687,-0.0000000000000000026020852139652106,different_recipients_not_longitudinal_selection
AMPL371389,Dynamic,61,1396,1529,-0.036153936970246686,-0.03403454331279179,-0.0021193936574549176,0.0000000000000000242861286636753,different_recipients_not_longitudinal_selection
AMPL371265,Dynamic,61,1396,1529,-0.015406065353499965,-0.018813482326922766,0.003407416973422777,0.000000000000000023418766925686896,different_recipients_not_longitudinal_selection
AMPL366159,Dynamic,61,1396,1529,-0.0331597706986794,-0.030040985938143635,-0.0031187847605357744,0.00000000000000001214306433183765,different_recipients_not_longitudinal_selection
AMPL371654,Dynamic,61,1396,1529,-0.018492994091311984,-0.016188635905761518,-0.002304358185550511,0.00000000000000004423544863740858,different_recipients_not_longitudinal_selection
AMPL355947,Dynamic,61,1396,1529,-0.02634032393777607,-0.026521184657620166,0.00018086071984409246,0.0000000000000000030357660829594124,different_recipients_not_longitudinal_selection
AMPL390594,Dynamic,61,1396,1529,0.0030522599372962917,0.003081766349315127,-0.000029506412018835172,0,different_recipients_not_longitudinal_selection
AMPL355546,Dynamic,61,1396,1529,-0.029514393174181683,-0.029429340525661478,-0.00008505264852021579,0.000000000000000010842021724855044,different_recipients_not_longitudinal_selection
AMPL355932,Dynamic,61,1396,1529,-0.008467620277312939,-0.007097201706485653,-0.00137041857082729,0.000000000000000004336808689942018,different_recipients_not_longitudinal_selection
AMPL365895,Dynamic,61,1396,1529,-0.020016547324786707,-0.0222878999645358,0.002271352639749088,0.000000000000000003469446951953614,different_recipients_not_longitudinal_selection
AMPL365894,Dynamic,61,1396,1529,-0.04595724306202343,-0.04713413529130277,0.00117689222927935,-0.000000000000000012576745200831851,different_recipients_not_longitudinal_selection
AMPL355545,Dynamic,61,1396,1529,0.031082922148865946,0.03082704921260096,0.0002558729362649695,0.00000000000000001691355389077387,different_recipients_not_longitudinal_selection
AMPL365945,Dynamic,61,1396,1529,-0.019762153288569975,-0.02003328994423734,0.00027113665566736193,0.000000000000000003903127820947816,different_recipients_not_longitudinal_selection
AMPL365823,Dynamic,61,1396,1529,-0.022095738361121487,-0.015339235508695185,-0.006756502852426291,-0.000000000000000011275702593849246,different_recipients_not_longitudinal_selection
AMPL365750,Dynamic,61,1396,1529,-0.018054480614518555,-0.015515286008353125,-0.0025391946061654393,0.000000000000000009107298248878237,different_recipients_not_longitudinal_selection
AMPL371732,Static,61,1396,1529,-0.0040651511091205255,-0.006842400144042346,0.0027772490349218183,0.000000000000000002168404344971009,different_recipients_not_longitudinal_selection
AMPL371479,Dynamic,61,1396,1529,-0.03091754260045991,-0.02231639230079956,-0.00860115029966034,-0.000000000000000010408340855860843,different_recipients_not_longitudinal_selection
AMPL371488,Dynamic,61,1396,1529,-0.04551732409331717,-0.05066015408142206,0.00514282998810488,0.000000000000000011275702593849246,different_recipients_not_longitudinal_selection
AMPL365844,Static,61,1396,1529,0.0007664615897799969,0.007635442682856148,-0.006868981093076137,-0.000000000000000013877787807814457,different_recipients_not_longitudinal_selection
AMPL365790,Dynamic,61,1396,1529,-0.009093064178508744,-0.009212719207840458,0.00011965502933172821,-0.00000000000000001431146867680866,different_recipients_not_longitudinal_selection
AMPL371358,Dynamic,61,1396,1529,-0.037728087912582156,-0.03724890240852831,-0.00047918550405386877,0.000000000000000021467203015212988,different_recipients_not_longitudinal_selection
AMPL371262,Dynamic,61,1396,1529,0.01505234988877872,0.014149840576753937,0.0009025093120247915,-0.000000000000000007806255641895632,different_recipients_not_longitudinal_selection
AMPL366082,Dynamic,61,1396,1529,-0.0522810196750128,-0.05054909308077253,-0.0017319265942402507,-0.000000000000000019081958235744878,different_recipients_not_longitudinal_selection
AMPL365923,Dynamic,61,1396,1529,-0.02539489637776624,-0.022568462487148083,-0.002826433890618169,0.000000000000000013877787807814457,different_recipients_not_longitudinal_selection
AMPL390593,Dynamic,61,1396,1529,-0.011796293624126519,-0.01422774269638778,0.002431449072261265,-0.000000000000000003469446951953614,different_recipients_not_longitudinal_selection
AMPL366042,Dynamic,61,1396,1529,-0.002134005220933961,-0.004428880037510035,0.0022948748165760747,-0.0000000000000000008673617379884035,different_recipients_not_longitudinal_selection
AMPL371491,Dynamic,61,1396,1529,-0.0014874789410461815,-0.00711647372538079,0.005628994784334602,0.000000000000000006938893903907228,different_recipients_not_longitudinal_selection
AMPL376551,Dynamic,61,1396,1529,-0.022696820402495446,-0.025356485124709654,0.0026596647222142137,-0.000000000000000006071532165918825,different_recipients_not_longitudinal_selection
AMPL376320,Static,61,1396,1529,-0.01845926228540483,-0.018965219742091637,0.0005059574566868166,-0.000000000000000008890457814381136,different_recipients_not_longitudinal_selection
AMPL389990,Dynamic,61,1396,1529,-0.026367028284119257,-0.028986196211241974,0.002619167927122709,0.000000000000000008673617379884035,different_recipients_not_longitudinal_selection
AMPL366090,Dynamic,61,1396,1529,0.01307013779442711,0.018205845383808466,-0.005135707589381348,-0.000000000000000007806255641895632,different_recipients_not_longitudinal_selection
AMPL376917,Dynamic,61,1396,1529,-0.016581056592600365,-0.017065865984123078,0.000484809391522705,0.000000000000000007806255641895632,different_recipients_not_longitudinal_selection
AMPL388261,Dynamic,61,1396,1529,-0.02313439688468035,-0.022466362018186456,-0.0006680348664939236,0.000000000000000028189256484623115,different_recipients_not_longitudinal_selection
AMPL366052,Dynamic,61,1396,1529,-0.024563313662693195,-0.025455701491849975,0.0008923878291567714,0.000000000000000008023096076392733,different_recipients_not_longitudinal_selection
AMPL366022,Dynamic,61,1396,1529,-0.025872763628118058,-0.0271283408084611,0.0012555771803429967,0.00000000000000004662069341687669,different_recipients_not_longitudinal_selection
AMPL388732,Dynamic,61,1396,1529,-0.025495623298183563,-0.023405837494929728,-0.002089785803253837,0.000000000000000001734723475976807,different_recipients_not_longitudinal_selection
AMPL390601,Static,61,1396,1529,-0.019768243753525462,-0.022214578603948813,0.002446334850423358,-0.000000000000000006938893903907228,different_recipients_not_longitudinal_selection
AMPL366088,Dynamic,61,1396,1529,-0.012689717983362752,-0.010378040685093983,-0.0023116772982687507,-0.000000000000000018214596497756474,different_recipients_not_longitudinal_selection
AMPL365853,Dynamic,61,1396,1529,-0.05404819150670606,-0.052816007699621886,-0.0012321838070842163,0.00000000000000004119968255444917,different_recipients_not_longitudinal_selection
AMPL390570,Static,61,1396,1529,-0.053373086891258026,-0.032052789507910386,-0.021320297383347647,0.000000000000000006938893903907228,different_recipients_not_longitudinal_selection
AMPL366029,Static,61,1396,1529,-0.006389834732890953,-0.010308732139619232,0.003918897406728278,0.0000000000000000008673617379884035,different_recipients_not_longitudinal_selection
AMPL388788,Dynamic,61,1396,1529,-0.01356346545581978,-0.01404093793802444,0.0004774724822046634,-0.000000000000000003903127820947816,different_recipients_not_longitudinal_selection
AMPL365896,Dynamic,61,1396,1529,-0.02506788525938823,-0.026260063455740393,0.0011921781963521705,-0.000000000000000008239936510889834,different_recipients_not_longitudinal_selection
AMPL388408,Static,61,1396,1529,-0.03309418107608209,-0.037480576686379205,0.0043863956102971145,-0.000000000000000001734723475976807,different_recipients_not_longitudinal_selection
AMPL388483,Dynamic,61,1396,1529,-0.06408293526679049,-0.05874825582736251,-0.005334679439427965,-0.000000000000000010408340855860843,different_recipients_not_longitudinal_selection
AMPL389970,Dynamic,61,1396,1529,-0.04265527406155307,-0.04627245563973428,0.0036171815781812023,0.000000000000000013010426069826053,different_recipients_not_longitudinal_selection
AMPL388223,Dynamic,61,1396,1529,-0.004919690192102664,-0.005459358143188859,0.0005396679510861957,0,different_recipients_not_longitudinal_selection
AMPL365981,Dynamic,61,1396,1529,-0.02398799897305392,-0.0202026684402699,-0.0037853305327840156,-0.0000000000000000026020852139652106,different_recipients_not_longitudinal_selection
AMPL390597,Dynamic,61,1396,1529,-0.009887167109240456,-0.010152036276347054,0.00026486916710658794,0.000000000000000010625181290357943,different_recipients_not_longitudinal_selection
AMPL366053,Dynamic,61,1396,1529,-0.04139876429151027,-0.042430833617631,0.0010320693261207145,0.000000000000000016696713456276768,different_recipients_not_longitudinal_selection
AMPL390487,Dynamic,61,1396,1529,-0.0427822368310093,-0.043772966644924284,0.0009907298139150064,-0.00000000000000001973247953923618,different_recipients_not_longitudinal_selection
AMPL376483,Dynamic,61,1396,1529,-0.002795054917254009,-0.004982856207705995,0.0021878012904519633,0.000000000000000022551405187698492,different_recipients_not_longitudinal_selection
AMPL388272,Static,61,1396,1529,-0.016906662219065602,-0.011417828572006147,-0.005488833647059471,0.000000000000000016479873021779667,different_recipients_not_longitudinal_selection
AMPL388655,Dynamic,61,1396,1529,-0.020163655478326402,-0.020826557342124193,0.0006629018637978111,-0.000000000000000020383000842727483,different_recipients_not_longitudinal_selection
AMPL390581,Dynamic,61,1396,1529,0.03634742635690874,0.03762662218430518,-0.0012791958273964685,0.00000000000000002862293735361732,different_recipients_not_longitudinal_selection
AMPL388628,Static,61,1396,1529,-0.05194276462133236,-0.04997124756774954,-0.0019715170535828178,-0.000000000000000006938893903907228,different_recipients_not_longitudinal_selection
AMPL376587,Dynamic,61,1396,1529,-0.02082189419082084,-0.023087777332265715,0.0022658831414448643,0.00000000000000001214306433183765,different_recipients_not_longitudinal_selection
AMPL388291,Dynamic,61,1396,1529,-0.02166190985737069,-0.0220855079835153,0.0004235981261446061,0.0000000000000000067220534694101275,different_recipients_not_longitudinal_selection
AMPL376465,Static,61,1396,1529,-0.04051283588914234,-0.03307385892773539,-0.007438976961406933,-0.000000000000000013877787807814457,different_recipients_not_longitudinal_selection
AMPL388609,Dynamic,61,1396,1529,-0.010495276610178423,-0.0101647143152789,-0.0003305622948995188,-0.000000000000000003903127820947816,different_recipients_not_longitudinal_selection
AMPL389976,Dynamic,61,1396,1529,0.004360304410808389,0.004376015535268841,-0.000015711124460437466,-0.00000000000000001474514954580286,different_recipients_not_longitudinal_selection
AMPL388660,Dynamic,61,1396,1529,0.0007510011787392043,0.0011927071286883444,-0.0004417059499491373,-0.0000000000000000028189256484623115,different_recipients_not_longitudinal_selection
AMPL388807,Dynamic,61,1396,1529,0.13388388013215377,0.1329986923584299,0.0008851877737238068,0.00000000000000006548581121812447,different_recipients_not_longitudinal_selection
AMPL388710,Dynamic,61,1396,1529,0.048480569542802845,0.04778437720681653,0.0006961923359862911,0.00000000000000002233456475320139,different_recipients_not_longitudinal_selection
AMPL388618,Dynamic,61,1396,1529,-0.010214646724922772,-0.010375681706232735,0.0001610349813099595,0.000000000000000003469446951953614,different_recipients_not_longitudinal_selection
AMPL365753,Dynamic,61,1396,1529,-0.077568630170102,-0.06388286730365732,-0.013685762866444715,0.00000000000000003122502256758253,different_recipients_not_longitudinal_selection
AMPL388620,Static,61,1396,1529,0.004962323446790888,-0.006133075037348692,0.011095398484139573,0.000000000000000006938893903907228,different_recipients_not_longitudinal_selection
AMPL376501,Dynamic,61,1396,1529,-0.00526309871613001,-0.005350708281385288,0.0000876095652552816,-0.000000000000000003469446951953614,different_recipients_not_longitudinal_selection
AMPL376938,Dynamic,61,1396,1529,-0.031047316353741722,-0.028374199344472478,-0.0026731170092692486,0.000000000000000004336808689942018,different_recipients_not_longitudinal_selection
AMPL376318,Dynamic,61,1396,1529,-0.03934627760151868,-0.03255272534887364,-0.0067935522526450555,0.00000000000000001734723475976807,different_recipients_not_longitudinal_selection
AMPL376298,Static,61,1396,1529,0.003182970685186662,-0.0054288223117622434,0.008611792996948907,-0.000000000000000001734723475976807,different_recipients_not_longitudinal_selection
AMPL388818,Dynamic,61,1396,1529,-0.024395591627765775,-0.023699552240367957,-0.0006960393873978215,0.0000000000000000037947076036992655,different_recipients_not_longitudinal_selection
AMPL371802,Dynamic,61,1396,1529,-0.04007291692043604,-0.0421985680335337,0.0021256511130976477,0.00000000000000001474514954580286,different_recipients_not_longitudinal_selection
AMPL388428,Dynamic,61,1396,1529,-0.0036139882051118696,-0.007324339689529431,0.0037103514844175622,-0.0000000000000000008673617379884035,different_recipients_not_longitudinal_selection
AMPL390606,Dynamic,61,1396,1529,-0.006040335743908163,-0.00828807399797673,0.0022477382540685587,0.000000000000000008673617379884035,different_recipients_not_longitudinal_selection
AMPL388351,Dynamic,61,1396,1529,-0.018861701469769777,-0.018312940170980674,-0.0005487612987890951,-0.000000000000000007806255641895632,different_recipients_not_longitudinal_selection
AMPL371757,Dynamic,61,1396,1529,-0.005473922503049956,-0.0012840557981492915,-0.004189866704900652,-0.00000000000000001214306433183765,different_recipients_not_longitudinal_selection
AMPL388260,Static,61,1396,1529,-0.011827682943512354,-0.014905849047649859,0.0030781661041374775,0.00000000000000002688821387764051,different_recipients_not_longitudinal_selection
AMPL388402,Dynamic,61,1396,1529,-0.02578515463222028,-0.02495560223297921,-0.0008295523992410685,-0.0000000000000000030357660829594124,different_recipients_not_longitudinal_selection
AMPL388730,Dynamic,61,1396,1529,0.0020576401603384824,0.005676438579864649,-0.0036187984195261555,-0.000000000000000011275702593849246,different_recipients_not_longitudinal_selection
AMPL388354,Dynamic,61,1396,1529,0.02426816036100526,0.021794519484170872,0.0024736408768344055,-0.000000000000000016479873021779667,different_recipients_not_longitudinal_selection
AMPL388447,Dynamic,61,1396,1529,-0.014948343487231603,-0.01592584247197352,0.0009774989847419055,0.000000000000000009540979117872439,different_recipients_not_longitudinal_selection
AMPL390547,Dynamic,61,1396,1529,-0.008951109495315971,-0.009489301013566022,0.000538191518250052,-0.0000000000000000010842021724855044,different_recipients_not_longitudinal_selection
AMPL390256,Dynamic,61,1396,1529,-0.03364888188433366,-0.02726748657756863,-0.006381395306765017,-0.00000000000000001474514954580286,different_recipients_not_longitudinal_selection
AMPL388671,Dynamic,61,1396,1529,-0.012212319230315148,-0.012424152009743502,0.00021183277942835455,-0.0000000000000000007589415207398531,different_recipients_not_longitudinal_selection
AMPL390079,Static,61,1396,1529,0.006706070413270838,0.008800781423893157,-0.002094711010622329,0.000000000000000009974659986866641,different_recipients_not_longitudinal_selection
AMPL376650,Dynamic,61,1396,1529,0.0028943763457585023,0.0015717463173854764,0.001322630028373032,-0.000000000000000006071532165918825,different_recipients_not_longitudinal_selection
AMPL388631,Static,61,1396,1529,-0.049111166914345604,-0.053201491902547894,0.0040903249882022884,0.000000000000000001734723475976807,different_recipients_not_longitudinal_selection
AMPL388514,Dynamic,61,1396,1529,-0.012234807100919953,-0.018453119895250426,0.006218312794330472,0.0000000000000000008673617379884035,different_recipients_not_longitudinal_selection
AMPL376689,Dynamic,61,1396,1529,-0.030371274743685128,-0.031347987353686935,0.0009767126100018023,0.0000000000000000047704895589362195,different_recipients_not_longitudinal_selection
AMPL366150,Dynamic,61,1396,1529,0.022550180746259963,0.02262928528100786,-0.00007910453474790913,0.000000000000000013877787807814457,different_recipients_not_longitudinal_selection
AMPL390130,Static,61,1396,1529,-0.01155126953399513,-0.01768558807418331,0.006134318540188184,-0.000000000000000003469446951953614,different_recipients_not_longitudinal_selection
AMPL376310,Static,61,1396,1529,0.002310160207338154,-0.004443624458386577,0.006753784665724731,0,different_recipients_not_longitudinal_selection
AMPL388761,Static,61,1396,1529,0.09343944484943435,0.09691952895446856,-0.003480084105034246,0.00000000000000003426078865054194,different_recipients_not_longitudinal_selection
AMPL388758,Dynamic,61,1396,1529,-0.004166346526842098,-0.004241364353024055,0.00007501782618194808,0.000000000000000009107298248878237,different_recipients_not_longitudinal_selection
AMPL388232,Dynamic,61,1396,1529,-0.04819947116024298,-0.04969707271129425,0.0014976015510512826,-0.00000000000000001431146867680866,different_recipients_not_longitudinal_selection
AMPL366102,Dynamic,61,1396,1529,-0.02729371595195842,-0.029767115143055963,0.002473399191097539,0.0000000000000000026020852139652106,different_recipients_not_longitudinal_selection
AMPL388861,Static,61,1396,1529,0.013464612524619524,0.0058700714543471755,0.007594541070272354,-0.000000000000000005204170427930421,different_recipients_not_longitudinal_selection
AMPL376698,Dynamic,61,1396,1529,-0.05048011603741234,-0.05069563586103879,0.00021551982362645996,-0.000000000000000010842021724855044,different_recipients_not_longitudinal_selection
AMPL388801,Dynamic,61,1396,1529,-0.019165756220238715,-0.015919556124540074,-0.0032462000956986355,-0.000000000000000005637851296924623,different_recipients_not_longitudinal_selection
AMPL388346,Dynamic,61,1396,1529,-0.026282230272047027,-0.029198263470722442,0.002916033198675415,0,different_recipients_not_longitudinal_selection
AMPL388246,Dynamic,61,1396,1529,-0.030513229426877918,-0.030574044695890444,0.000060815269012545834,-0.00000000000000001951563910473908,different_recipients_not_longitudinal_selection
AMPL388335,Dynamic,61,1396,1529,-0.04084734296438857,-0.036893937981281565,-0.003953404983107029,0.000000000000000022551405187698492,different_recipients_not_longitudinal_selection
AMPL388203,Dynamic,61,1396,1529,-0.007196118593533613,-0.007723946332650013,0.0005278277391163981,0.000000000000000001734723475976807,different_recipients_not_longitudinal_selection
AMPL388780,Dynamic,61,1396,1529,-0.011645905989456947,-0.01041604353946112,-0.0012298624499958257,-0.0000000000000000013010426069826053,different_recipients_not_longitudinal_selection
AMPL376517,Dynamic,61,1396,1529,-0.019971571583577107,-0.01884127443105964,-0.0011302971525174762,0.000000000000000009974659986866641,different_recipients_not_longitudinal_selection
AMPL388186,Dynamic,61,1396,1529,-0.015663270373542273,-0.01973193265738232,0.004068662283840032,0.000000000000000013877787807814457,different_recipients_not_longitudinal_selection
AMPL389962,Dynamic,61,1396,1529,0.008809623309427474,0.010839801775233766,-0.0020301784658062986,0.000000000000000006938893903907228,different_recipients_not_longitudinal_selection
AMPL390347,Dynamic,61,1396,1529,-0.002242228098219559,-0.0019721509229386554,-0.0002700771752808945,-0.000000000000000009107298248878237,different_recipients_not_longitudinal_selection
AMPL388535,Dynamic,61,1396,1529,0.02516533269867563,0.025199244004136433,-0.00003391130546081481,0.000000000000000011275702593849246,different_recipients_not_longitudinal_selection
AMPL390499,Dynamic,61,1396,1529,-0.0047636805897819014,-0.002724024138682656,-0.0020396564510992525,0.000000000000000006938893903907228,different_recipients_not_longitudinal_selection
AMPL388355,Dynamic,61,1396,1529,-0.02494045399262773,-0.026686368211088815,0.001745914218461063,0.000000000000000020816681711721685,different_recipients_not_longitudinal_selection
AMPL388466,Dynamic,61,1396,1529,-0.018755821079005513,-0.02011056045805464,0.0013547393790491187,0.00000000000000000737257477290143,different_recipients_not_longitudinal_selection
AMPL371208,Dynamic,61,1396,1529,-0.02451599543496226,-0.021472336212871347,-0.003043659222090919,0.000000000000000006938893903907228,different_recipients_not_longitudinal_selection
AMPL376470,Dynamic,61,1396,1529,-0.0508441384428274,-0.049437152846733244,-0.0014069855960941735,0.000000000000000020816681711721685,different_recipients_not_longitudinal_selection
AMPL390220,Dynamic,61,1396,1529,-0.018590441530599418,-0.01930931423841197,0.0007188727078125236,0.00000000000000002688821387764051,different_recipients_not_longitudinal_selection
AMPL365733,Dynamic,61,1396,1529,-0.006456361350096798,-0.009181597482536571,0.002725236132439776,-0.0000000000000000026020852139652106,different_recipients_not_longitudinal_selection
AMPL388527,Dynamic,61,1396,1529,-0.00000000000000002168404344971009,0,-0.00000000000000002168404344971009,0,different_recipients_not_longitudinal_selection
AMPL371607,Dynamic,61,1396,1529,0.022432119425584797,0.02732311307234445,-0.004890993646759655,0.0000000000000000026020852139652106,different_recipients_not_longitudinal_selection
AMPL366035,Dynamic,61,1396,1529,-0.04153650249896465,-0.0340708022683947,-0.0074657002305699395,-0.000000000000000011275702593849246,different_recipients_not_longitudinal_selection
AMPL388561,Dynamic,61,1396,1529,-0.03559174020512688,-0.03419835879393011,-0.001393381411196771,0.0000000000000000008673617379884035,different_recipients_not_longitudinal_selection
AMPL388770,Dynamic,61,1396,1529,-0.018482687150618148,-0.019798238966376242,0.0013155518157580992,-0.000000000000000004553649124439119,different_recipients_not_longitudinal_selection
AMPL376449,Static,61,1396,1529,-0.013507245779307795,-0.027032801297932178,0.013525555518624364,0.000000000000000019081958235744878,different_recipients_not_longitudinal_selection
AMPL388341,Dynamic,61,1396,1529,-0.01792423836393247,-0.01815977998676858,0.00023554162283611398,-0.0000000000000000026020852139652106,different_recipients_not_longitudinal_selection
AMPL388743,Static,61,1396,1529,0.11313226053697288,0.10818401664605849,0.004948243890914362,0.00000000000000002688821387764051,different_recipients_not_longitudinal_selection
AMPL389965,Static,61,1396,1529,-0.03253432679748362,-0.02227779218037889,-0.01025653461710474,0.000000000000000006938893903907228,different_recipients_not_longitudinal_selection
AMPL390408,Dynamic,61,1396,1529,-0.003108948111112582,-0.0035853455502487435,0.00047639743913616183,-0.0000000000000000004336808689942018,different_recipients_not_longitudinal_selection
AMPL388704,Dynamic,61,1396,1529,-0.04297572621767139,-0.040775816607794335,-0.0021999096098770385,-0.000000000000000013010426069826053,different_recipients_not_longitudinal_selection
AMPL376822,Static,61,1396,1529,0.005521709228085075,-0.005944040296993598,0.011465749525078677,-0.000000000000000005204170427930421,different_recipients_not_longitudinal_selection
AMPL388622,Dynamic,61,1396,1529,-0.004609076479373971,-0.005200279221412845,0.0005912027420388777,-0.000000000000000003903127820947816,different_recipients_not_longitudinal_selection
AMPL388484,Static,61,1396,1529,-0.010211835741097158,-0.005367235653267907,-0.0048446000878292605,0.000000000000000009540979117872439,different_recipients_not_longitudinal_selection
AMPL365968,Dynamic,61,1396,1529,-0.004846604612637085,-0.008089333369921077,0.0032427287572839906,0.0000000000000000013010426069826053,different_recipients_not_longitudinal_selection
AMPL388686,Dynamic,61,1396,1529,-0.0053853765125435465,-0.008200082277392556,0.002814705764848976,0.000000000000000033393426912553537,different_recipients_not_longitudinal_selection
AMPL388512,Dynamic,61,1396,1529,-0.015133399922416873,-0.016061974444898507,0.0009285745224816475,-0.000000000000000013444106938820255,different_recipients_not_longitudinal_selection
AMPL388458,Static,61,1396,1529,-0.0399806229514956,-0.031027307587678583,-0.008953315363816982,-0.000000000000000032959746043559335,different_recipients_not_longitudinal_selection
AMPL366136,Dynamic,61,1396,1529,-0.013552221520517367,-0.0147177231313067,0.0011655016107893293,0.000000000000000004119968255444917,different_recipients_not_longitudinal_selection
AMPL376502,Dynamic,61,1396,1529,0.0009669784360060545,-0.0017599001597286632,0.0027268785957347197,-0.000000000000000001734723475976807,different_recipients_not_longitudinal_selection
AMPL388549,Dynamic,61,1396,1529,-0.0010222611179095164,-0.00009392507175198228,-0.0009283360461575549,0.000000000000000020816681711721685,different_recipients_not_longitudinal_selection
AMPL371643,Static,61,1396,1529,-0.019637533005635106,-0.02668143727146769,0.007043904265832593,-0.000000000000000007806255641895632,different_recipients_not_longitudinal_selection
AMPL388299,Dynamic,61,1396,1529,-0.07771948630207584,-0.07848628674631436,0.0007668004442385758,-0.00000000000000005681219383824043,different_recipients_not_longitudinal_selection
AMPL388285,Dynamic,61,1396,1529,-0.022814881723170567,-0.019600160809101416,-0.0032147209140691644,0.000000000000000013444106938820255,different_recipients_not_longitudinal_selection
AMPL388552,Dynamic,61,1396,1529,0.058931338909075884,0.06105861198697005,-0.0021272730778941363,-0.000000000000000032959746043559335,different_recipients_not_longitudinal_selection
AMPL388638,Dynamic,61,1396,1529,-0.03408364738269297,-0.014282308200229219,-0.019801339182463757,0.000000000000000006938893903907228,different_recipients_not_longitudinal_selection
AMPL388473,Dynamic,61,1396,1529,-0.014760944565525002,-0.012247064832744993,-0.002513879732779997,-0.000000000000000011709383462843448,different_recipients_not_longitudinal_selection
AMPL388347,Dynamic,61,1396,1529,-0.03565779832502843,-0.03432266455059572,-0.0013351337744327472,0.00000000000000003252606517456513,different_recipients_not_longitudinal_selection
AMPL390420,Static,61,1396,1529,-0.0211442203361562,-0.01919193579528359,-0.0019522845408726165,0.00000000000000000737257477290143,different_recipients_not_longitudinal_selection
AMPL376955,Dynamic,61,1396,1529,-0.0016458310298882919,-0.005808727890962668,0.004162896861074389,-0.000000000000000013010426069826053,different_recipients_not_longitudinal_selection
AMPL388551,Dynamic,61,1396,1529,-0.03004520061991564,-0.02206315066941836,-0.00798204995049728,0,different_recipients_not_longitudinal_selection
AMPL388395,Static,61,1396,1529,0.007948525264185586,0.008241596402746042,-0.0002930711385604381,-0.00000000000000001734723475976807,different_recipients_not_longitudinal_selection
AMPL376948,Dynamic,61,1396,1529,-0.007566231463904196,-0.007383228757547354,-0.00018300270635683048,-0.000000000000000011275702593849246,different_recipients_not_longitudinal_selection
AMPL388262,Dynamic,61,1396,1529,-0.03406303350130522,-0.04052661353430282,0.006463580032997566,0.000000000000000035561831257524545,different_recipients_not_longitudinal_selection
AMPL376497,Dynamic,61,1396,1529,0.0012785291433432735,0.001371825434742352,-0.00009329629139907163,-0.000000000000000006938893903907228,different_recipients_not_longitudinal_selection
AMPL376696,Dynamic,61,1396,1529,-0.014168295475627844,-0.014127323190274767,-0.00004097228535308644,0.000000000000000009974659986866641,different_recipients_not_longitudinal_selection
AMPL388462,Static,61,1396,1529,0.01769561167945039,0.01578431406559242,0.0019112976138579488,0.000000000000000018431436932253575,different_recipients_not_longitudinal_selection
AMPL388705,Dynamic,61,1396,1529,-0.00712865498171928,-0.003994558614031712,-0.0031340963676875547,-0.000000000000000013444106938820255,different_recipients_not_longitudinal_selection
AMPL388399,Dynamic,61,1396,1529,-0.043911783831595844,-0.04277929270808195,-0.0011324911235139228,0.00000000000000002992397996059992,different_recipients_not_longitudinal_selection
AMPL365899,Dynamic,61,1396,1529,0.00024924056586975597,0.00037111813927162237,-0.00012187757340185752,-0.000000000000000008890457814381136,different_recipients_not_longitudinal_selection
AMPL388227,Dynamic,61,1396,1529,-0.0029585604764430446,-0.002982647440929446,0.0000240869644864165,-0.000000000000000015178830414797062,different_recipients_not_longitudinal_selection
AMPL390407,Static,61,1396,1529,-0.018744577143703128,-0.022460445540511496,0.003715868396808355,0.000000000000000013010426069826053,different_recipients_not_longitudinal_selection
AMPL376300,Dynamic,61,1396,1529,0.010599283011725542,0.0019252059646940123,0.008674077047031527,0.000000000000000003469446951953614,different_recipients_not_longitudinal_selection
AMPL371550,Dynamic,61,1396,1529,-0.006446522906707226,-0.0068170858721512744,0.00037056296544405246,-0.000000000000000004336808689942018,different_recipients_not_longitudinal_selection
AMPL388498,Dynamic,61,1396,1529,0.0007477216976093286,0.0007248433255545357,0.000022878372054795874,-0.000000000000000002927345865710862,different_recipients_not_longitudinal_selection
AMPL388576,Dynamic,61,1396,1529,0.01792095888280257,0.018282922043446975,-0.0003619631606443948,-0.000000000000000009107298248878237,different_recipients_not_longitudinal_selection
AMPL388583,Dynamic,61,1396,1529,0.0024928741560020827,0.006325517932813077,-0.0038326437768109955,0.0000000000000000013010426069826053,different_recipients_not_longitudinal_selection
AMPL388659,Dynamic,61,1396,1529,-0.010114856799113994,-0.014089444322814584,0.003974587523700583,0.000000000000000006938893903907228,different_recipients_not_longitudinal_selection
AMPL388196,Dynamic,61,1396,1529,-0.03788971948255412,-0.0484680017396473,0.010578282257093171,0.000000000000000010408340855860843,different_recipients_not_longitudinal_selection
AMPL365903,Dynamic,61,1396,1529,-0.017185418115104194,-0.020036610773681,0.002851192658576811,-0.000000000000000004336808689942018,different_recipients_not_longitudinal_selection
AMPL388787,Dynamic,61,1396,1529,-0.0267432316194453,-0.02311911664278835,-0.003624114976656935,-0.000000000000000016046192152785466,different_recipients_not_longitudinal_selection
AMPL371416,Dynamic,61,1396,1529,-0.018940409016886522,-0.015117253383375703,-0.0038231556335108154,-0.0000000000000000030357660829594124,different_recipients_not_longitudinal_selection
AMPL388516,Dynamic,61,1396,1529,-0.0025214524915623928,0.003869402327972572,-0.006390854819534976,0.000000000000000011275702593849246,different_recipients_not_longitudinal_selection
AMPL388340,Dynamic,61,1396,1529,-0.017031750999304755,-0.012388187890327534,-0.004643563108977249,0.000000000000000027755575615628914,different_recipients_not_longitudinal_selection
AMPL390342,Dynamic,61,1396,1529,-0.036588233971301745,-0.02960826852159385,-0.006979965449707894,0,different_recipients_not_longitudinal_selection
AMPL390501,Static,61,1396,1529,-0.03450435796192432,-0.031087332017143282,-0.0034170259447810296,-0.000000000000000005637851296924623,different_recipients_not_longitudinal_selection
AMPL371192,Dynamic,61,1396,1529,-0.017221960904836974,-0.01731306839098549,0.0000911074861485125,0.0000000000000000047704895589362195,different_recipients_not_longitudinal_selection
AMPL371350,Dynamic,61,1396,1529,-0.0022380116224811532,-0.0019989374860232504,-0.0002390741364578816,-0.000000000000000021250362580715887,different_recipients_not_longitudinal_selection
AMPL371563,Dynamic,61,1396,1529,-0.01191529193941018,-0.01810070272871819,0.006185410789307998,0.00000000000000001214306433183765,different_recipients_not_longitudinal_selection
AMPL388519,Dynamic,61,1396,1529,0.01608444945007785,0.016829200390141696,-0.000744750940063869,0.000000000000000023852447794681098,different_recipients_not_longitudinal_selection
AMPL371481,Dynamic,61,1396,1529,-0.011331544298294135,-0.008465285008181214,-0.002866259290112924,0.0000000000000000030357660829594124,different_recipients_not_longitudinal_selection
AMPL388523,Dynamic,61,1396,1529,-0.02567224678189202,-0.02546544851219122,-0.0002067982697008166,0.000000000000000019081958235744878,different_recipients_not_longitudinal_selection
AMPL371259,Dynamic,61,1396,1529,-0.05654996711148927,-0.060273144836882814,0.0037231777253935528,-0.000000000000000007806255641895632,different_recipients_not_longitudinal_selection
AMPL371738,Static,61,1396,1529,-0.037927199266895445,-0.034679450509930564,-0.0032477487569648814,0,different_recipients_not_longitudinal_selection
AMPL378293,Dynamic,61,1396,1529,0.008892078834978383,0.005263583848863166,0.003628494986115207,0.000000000000000009540979117872439,different_recipients_not_longitudinal_selection
AMPL376786,Dynamic,61,1396,1529,-0.020333251502470888,-0.02307404322096298,0.002740791718492101,-0.000000000000000009540979117872439,different_recipients_not_longitudinal_selection
AMPL388308,Dynamic,61,1396,1529,-0.008313953161513513,-0.009346523025145246,0.0010325698636317175,0.000000000000000015178830414797062,different_recipients_not_longitudinal_selection
AMPL388781,Static,61,1396,1529,-0.045678018668680584,-0.055582941387664245,0.00990492271898365,0.000000000000000010408340855860843,different_recipients_not_longitudinal_selection
AMPL371745,Dynamic,61,1396,1529,0.007983194064701327,0.010521722045233294,-0.00253852798053196,-0.000000000000000006938893903907228,different_recipients_not_longitudinal_selection
AMPL388745,Static,61,1396,1529,-0.020424608476802816,-0.02865249466749242,0.008227886190689575,0.000000000000000027755575615628914,different_recipients_not_longitudinal_selection
AMPL388463,Dynamic,61,1396,1529,-0.039483078814364504,-0.03785386267124868,-0.0016292161431158462,0.000000000000000018648277366750676,different_recipients_not_longitudinal_selection
AMPL388544,Dynamic,61,1396,1529,-0.018374464273332593,-0.019494194872438378,0.0011197305991057839,0.0000000000000000013010426069826053,different_recipients_not_longitudinal_selection
AMPL389969,Dynamic,61,1396,1529,0.011150704338847215,0.01232832033007671,-0.0011776159912294964,0.000000000000000002168404344971009,different_recipients_not_longitudinal_selection
AMPL388279,Static,61,1396,1529,0.004676540091188291,-0.009804886406471612,0.014481426497659902,0.000000000000000001734723475976807,different_recipients_not_longitudinal_selection
AMPL371202,Static,61,1396,1529,-0.02655489570313014,-0.033213136087382626,0.006658240384252486,0.0000000000000000008673617379884035,different_recipients_not_longitudinal_selection
AMPL371406,Dynamic,61,1396,1529,-0.02590977491515513,-0.02485989389155153,-0.0010498810236036359,0.00000000000000003859759734048396,different_recipients_not_longitudinal_selection
AMPL390432,Static,61,1396,1529,-0.010117199285635323,-0.00855648214915894,-0.0015607171364763832,-0.0000000000000000004336808689942018,different_recipients_not_longitudinal_selection
AMPL371562,Dynamic,61,1396,1529,0.0028657980101982295,0.002374541724422552,0.0004912562857756972,-0.00000000000000001951563910473908,different_recipients_not_longitudinal_selection
AMPL388465,Dynamic,61,1396,1529,-0.013036874485824215,-0.0013067065130653735,-0.01173016797275884,-0.000000000000000001734723475976807,different_recipients_not_longitudinal_selection
AMPL371555,Static,61,1396,1529,-0.04487548278647206,-0.042981065387227665,-0.0018944173992443982,0.0000000000000000013010426069826053,different_recipients_not_longitudinal_selection
AMPL389988,Static,61,1396,1529,-0.08270991958712273,-0.06878177755163785,-0.013928142035484845,-0.000000000000000038163916471489756,different_recipients_not_longitudinal_selection
AMPL388836,Dynamic,61,1396,1529,0.035139640306509665,0.030408265710123023,0.004731374596386622,0.000000000000000019081958235744878,different_recipients_not_longitudinal_selection
AMPL371674,Dynamic,61,1396,1529,-0.006881756902370802,-0.006304367301973554,-0.0005773896003972642,0.000000000000000015612511283791264,different_recipients_not_longitudinal_selection
AMPL388468,Dynamic,61,1396,1529,-0.02077176497926432,-0.022159641397087378,0.001387876417823031,0.000000000000000026020852139652106,different_recipients_not_longitudinal_selection
AMPL371466,Dynamic,61,1396,1529,-0.05738389231308365,-0.053946427879231915,-0.003437464433851709,-0.0000000000000000242861286636753,different_recipients_not_longitudinal_selection
AMPL371764,Static,61,1396,1529,0.054909289551947904,0.057173680703585736,-0.0022643911516378504,0.000000000000000018648277366750676,different_recipients_not_longitudinal_selection
AMPL390235,Dynamic,61,1396,1529,0.0114936443655703,0.011242233227438225,0.00025141113813207175,0.000000000000000003469446951953614,different_recipients_not_longitudinal_selection
AMPL388782,Dynamic,61,1396,1529,-0.00607219356059829,-0.007303958780582581,0.0012317652199842978,-0.0000000000000000065052130349130266,different_recipients_not_longitudinal_selection
AMPL390374,Dynamic,61,1396,1529,-0.022048888630694836,-0.024334699354908042,0.002285810724213198,0.000000000000000007806255641895632,different_recipients_not_longitudinal_selection
AMPL371524,Dynamic,61,1396,1529,-0.03219232376536908,-0.036367014488041714,0.004174690722672646,-0.000000000000000013877787807814457,different_recipients_not_longitudinal_selection
AMPL390274,Dynamic,61,1396,1529,-0.01404367519269296,-0.014481874140431707,0.00043819894773875845,-0.000000000000000012576745200831851,different_recipients_not_longitudinal_selection
AMPL388433,Dynamic,61,1396,1529,-0.013165711244497497,-0.00973928269259061,-0.0034264285519069117,0.0000000000000000247198095326695,different_recipients_not_longitudinal_selection
AMPL388242,Static,61,1396,1529,-0.0381361490645983,-0.04416418246701928,0.0060280334024209944,-0.000000000000000013877787807814457,different_recipients_not_longitudinal_selection
AMPL388286,Dynamic,61,1396,1529,-0.0191830906204966,-0.01842606808067869,-0.0007570225398178944,-0.00000000000000001431146867680866,different_recipients_not_longitudinal_selection
AMPL388579,Dynamic,61,1396,1529,-0.002241759600915285,-0.0013428693120889751,-0.0008988902888263134,0.000000000000000003686287386450715,different_recipients_not_longitudinal_selection
AMPL388684,Static,61,1396,1529,-0.02490437970019923,-0.0088893616330461,-0.01601501806715313,0,different_recipients_not_longitudinal_selection
AMPL388795,Dynamic,61,1396,1529,0.007880593155066954,0.007224187456363553,0.0006564056987034121,-0.000000000000000010842021724855044,different_recipients_not_longitudinal_selection
AMPL371656,Dynamic,61,1396,1529,-0.0004328915091422582,-0.0013585595857008967,0.0009256680765586012,0.00000000000000003729655473350135,different_recipients_not_longitudinal_selection
AMPL388365,Dynamic,61,1396,1529,0.002558463778599405,0.004120261930607235,-0.0015617981520078326,0.000000000000000002168404344971009,different_recipients_not_longitudinal_selection
