coverage,min_age,arm,group,endpoint,dogs,essential_mean,control_mean,protection_fraction,scope
20,2,promoter,all,binomial_adjusted,84,0.0044401084262369155,0.005413408876198947,0.17979437212683624,descriptive_only
20,2,promoter,Female,binomial_adjusted,39,0.0032131969293423914,0.005922997045478133,0.4575048907384679,descriptive_only
20,2,promoter,Male,binomial_adjusted,45,0.005503431723545499,0.004971765796156988,-0.10693704192572207,descriptive_only
20,2,promoter,Small,binomial_adjusted,23,0.004289868431732241,0.0034616726057941,-0.2392473004384983,descriptive_only
20,2,promoter,Medium,binomial_adjusted,24,0.002017389384958913,0.007783661091084161,0.7408174172344498,descriptive_only
20,2,promoter,Standard,binomial_adjusted,17,0.0073332424445684,0.004944512127441204,-0.48310738361225725,descriptive_only
20,2,promoter,Large,binomial_adjusted,14,0.006001701868336117,0.005218081717780203,-0.15017398977976737,descriptive_only
20,2,promoter,Giant,binomial_adjusted,6,0.0028659734867794782,0.005198359877667368,0.4486773608937765,descriptive_only
20,2,promoter,all,raw_squared,84,0.007847074313699675,0.008800564316152368,0.10834418887237474,descriptive_only
20,2,promoter,Female,raw_squared,39,0.00612102359711677,0.008643479756969148,0.2918334086244082,descriptive_only
20,2,promoter,Male,raw_squared,45,0.009342984934738195,0.008936704267444502,-0.04546202438115032,descriptive_only
20,2,promoter,Small,raw_squared,23,0.0068014628839504765,0.006329904951528658,-0.07449684253283118,descriptive_only
20,2,promoter,Medium,raw_squared,24,0.005908364583076222,0.011487633497670338,0.4856760894857568,descriptive_only
20,2,promoter,Standard,raw_squared,17,0.01071960705615654,0.008584872483707474,-0.2486623507222041,descriptive_only
20,2,promoter,Large,raw_squared,14,0.00989911295600114,0.008124398024557635,-0.21844263735960112,descriptive_only
20,2,promoter,Giant,raw_squared,6,0.006683157447900899,0.009711996693452987,0.3118657616094409,descriptive_only
20,2,body,all,binomial_adjusted,96,0.009647761821021872,0.014305018052200406,0.32556800796641794,descriptive_only
20,2,body,Female,binomial_adjusted,45,0.007415696772564484,0.007721235013312909,0.03957116189594245,descriptive_only
20,2,body,Male,binomial_adjusted,51,0.011617230981425444,0.020114238380630565,0.42243744149853046,descriptive_only
20,2,body,Small,binomial_adjusted,28,0.011282970895267735,0.013555496131092365,0.16764603920413645,descriptive_only
20,2,body,Medium,binomial_adjusted,26,0.008678450263760847,0.006146489157382574,-0.4119361543714959,descriptive_only
20,2,body,Standard,binomial_adjusted,19,0.004679998052370905,0.011066048972035041,0.5770850043951816,descriptive_only
20,2,body,Large,binomial_adjusted,18,0.014902112712811007,0.03374016625926499,0.5583272293829047,descriptive_only
20,2,body,Giant,binomial_adjusted,5,0.005492850213435126,0.003268240022654191,-0.6806752794656412,descriptive_only
20,2,body,all,raw_squared,96,0.013796452403475906,0.01876695388020588,0.2648539293301362,descriptive_only
20,2,body,Female,raw_squared,45,0.011428448183875848,0.011742174795070788,0.026717930593797568,descriptive_only
20,2,body,Male,raw_squared,51,0.015885867891358315,0.02496528836708978,0.36368177856500605,descriptive_only
20,2,body,Small,raw_squared,28,0.015209318507445644,0.017518793509534284,0.13182842761584868,descriptive_only
20,2,body,Medium,raw_squared,26,0.012799349456527765,0.01127766571060189,-0.13492896357934892,descriptive_only
20,2,body,Standard,raw_squared,19,0.009069332936730803,0.016054137282507586,0.4350781498167049,descriptive_only
20,2,body,Large,raw_squared,18,0.019496216139218966,0.03765299965934791,0.482213467303959,descriptive_only
20,2,body,Giant,raw_squared,5,0.008513242070332053,0.007019888704249547,-0.2127317723966895,descriptive_only
10,2,promoter,all,binomial_adjusted,93,0.004461498365660581,0.008788728861997906,0.4923613601334418,descriptive_only
10,2,promoter,Female,binomial_adjusted,45,0.00264329555473143,0.008675794196943207,0.6953252353931174,descriptive_only
10,2,promoter,Male,binomial_adjusted,48,0.006166063500906662,0.008894605110486684,0.3067636590592525,descriptive_only
10,2,promoter,Small,binomial_adjusted,27,0.004105189463953256,0.008013817132800501,0.48773606935067904,descriptive_only
10,2,promoter,Medium,binomial_adjusted,25,0.002333513346063847,0.012078656183926628,0.8068068739990205,descriptive_only
10,2,promoter,Standard,binomial_adjusted,19,0.00641769289245331,0.012520011369751706,0.4874051865513135,descriptive_only
10,2,promoter,Large,binomial_adjusted,16,0.008144391190646024,0.00468849807303113,-0.7371002533825608,descriptive_only
10,2,promoter,Giant,binomial_adjusted,6,-0.0010841708631415554,-0.0023139780352924495,NaN,descriptive_only
10,2,promoter,all,raw_squared,93,0.008765690021420632,0.012966558524470357,0.3239771366567227,descriptive_only
10,2,promoter,Female,raw_squared,45,0.006837290266034726,0.012244917720755642,0.44162219608505526,descriptive_only
10,2,promoter,Male,raw_squared,48,0.01057356479209492,0.013643096777952906,0.22498792142399193,descriptive_only
10,2,promoter,Small,raw_squared,27,0.007755854162831616,0.01203193193920356,0.35539411276415467,descriptive_only
10,2,promoter,Medium,raw_squared,25,0.006682792798459962,0.01646991873653314,0.5942425153782716,descriptive_only
10,2,promoter,Standard,raw_squared,19,0.011294671830602288,0.017240432794331913,0.344873068713472,descriptive_only
10,2,promoter,Large,raw_squared,16,0.012817744668181356,0.008303116312049002,-0.5437269799028333,descriptive_only
10,2,promoter,Giant,raw_squared,6,0.0031747683603035033,0.0014769546531380653,-1.1495367874417246,descriptive_only
10,2,body,all,binomial_adjusted,100,0.014078323511935463,0.013785583793763028,-0.021235206470173518,descriptive_only
10,2,body,Female,binomial_adjusted,48,0.013440360227124887,0.010080180980002004,-0.33334513078575845,descriptive_only
10,2,body,Male,binomial_adjusted,52,0.014667212697914454,0.017205955621850115,0.1475502424702102,descriptive_only
10,2,body,Small,binomial_adjusted,28,0.01691748425875794,0.015957123638713686,-0.06018381769721426,descriptive_only
10,2,body,Medium,binomial_adjusted,26,0.01201537162199977,0.009665781453902511,-0.2430833119187299,descriptive_only
10,2,body,Standard,binomial_adjusted,21,0.014447338667864478,0.015480257700965748,0.06672492493692983,descriptive_only
10,2,body,Large,binomial_adjusted,19,0.014089728615300352,0.014982551648690817,0.05959085303526923,descriptive_only
10,2,body,Giant,binomial_adjusted,6,0.008440695676744868,0.011782451107574627,0.28362141292327814,descriptive_only
10,2,body,all,raw_squared,100,0.02164547826108905,0.021482930616685398,-0.007566362676673322,descriptive_only
10,2,body,Female,raw_squared,48,0.02081703130319348,0.017250624342984206,-0.20674074684489452,descriptive_only
10,2,body,Male,raw_squared,52,0.02241019852991571,0.025389674869332673,0.11734992097184238,descriptive_only
10,2,body,Small,raw_squared,28,0.023807776984884586,0.02273198486979259,-0.04732504096118606,descriptive_only
10,2,body,Medium,raw_squared,26,0.019815370680452915,0.017875447065501558,-0.1085244809734176,descriptive_only
10,2,body,Standard,raw_squared,21,0.022240066544610523,0.023177692220793175,0.040453797869551944,descriptive_only
10,2,body,Large,raw_squared,19,0.02209387158257291,0.02338223101099034,0.05509993583639916,descriptive_only
10,2,body,Giant,raw_squared,6,0.015984245889109062,0.019340322627639114,0.17352744331854675,descriptive_only
30,2,promoter,all,binomial_adjusted,63,0.00530336800279801,0.006321302090841259,0.16103234324429805,descriptive_only
30,2,promoter,Female,binomial_adjusted,30,0.0032176803871511016,0.008057910047950647,0.6006805278287453,descriptive_only
30,2,promoter,Male,binomial_adjusted,33,0.0071994476533861025,0.00474256758437818,-0.5180485096513507,descriptive_only
30,2,promoter,Small,binomial_adjusted,19,0.0028796749091675165,0.0031520665281426067,0.08641683687291979,descriptive_only
30,2,promoter,Medium,binomial_adjusted,18,0.0036396130768096063,0.01153480032956185,0.6844667464696498,descriptive_only
30,2,promoter,Standard,binomial_adjusted,12,0.0070868597680971805,0.006249295219775288,-0.13402544108838077,descriptive_only
30,2,promoter,Large,binomial_adjusted,11,0.011590237171486484,0.005860001462524907,-0.9778556789800839,descriptive_only
30,2,promoter,Giant,binomial_adjusted,3,0.0004501331386670875,-0.0029083989896336628,NaN,descriptive_only
30,2,promoter,all,raw_squared,63,0.00843134135718273,0.00942987861231771,0.10589078568102117,descriptive_only
30,2,promoter,Female,raw_squared,30,0.006155838791249163,0.010841241811731194,0.4321832407992233,descriptive_only
30,2,promoter,Male,raw_squared,33,0.01049998005348598,0.008146821158305447,-0.28884381398032244,descriptive_only
30,2,promoter,Small,raw_squared,19,0.005504001361829863,0.005826753951863602,0.05539149116301911,descriptive_only
30,2,promoter,Medium,raw_squared,18,0.0067101857842042055,0.014775383974237012,0.5458537120995048,descriptive_only
30,2,promoter,Standard,raw_squared,12,0.010513671909544163,0.010001731692954303,-0.05118515796124523,descriptive_only
30,2,promoter,Large,raw_squared,11,0.015150715482043442,0.008765036177347292,-0.7285399826642533,descriptive_only
30,2,promoter,Giant,raw_squared,3,0.004331067431687098,0.0003269792293563416,-12.245695881701112,descriptive_only
30,2,body,all,binomial_adjusted,87,0.009056001378731051,0.008067242171323747,-0.12256471126179891,descriptive_only
30,2,body,Female,binomial_adjusted,42,0.009242661901007218,0.00459491359879644,-1.0114985194559862,descriptive_only
30,2,body,Male,binomial_adjusted,45,0.008881784891273298,0.011308082172349233,0.21456311018050156,descriptive_only
30,2,body,Small,binomial_adjusted,26,0.010924887890087805,0.00325964506149964,-2.351557511314338,descriptive_only
30,2,body,Medium,binomial_adjusted,23,0.007727575942680466,0.004571963169691461,-0.6902095786572058,descriptive_only
30,2,body,Standard,binomial_adjusted,17,0.007947951291214022,0.00363241502517745,-1.1880625523581934,descriptive_only
30,2,body,Large,binomial_adjusted,17,0.00836377227247849,0.02361010475472729,0.6457545462264893,descriptive_only
30,2,body,Giant,binomial_adjusted,4,0.012197871885723782,0.012205327036222761,0.0006108112037354063,descriptive_only
30,2,body,all,raw_squared,87,0.012426748483094961,0.011040493174590821,-0.12556099501918472,descriptive_only
30,2,body,Female,raw_squared,42,0.012488416907853803,0.007449280995465495,-0.6764593677504871,descriptive_only
30,2,body,Male,raw_squared,45,0.012369191286653376,0.014392291208441124,0.1405683009388521,descriptive_only
30,2,body,Small,raw_squared,26,0.014246337935143542,0.005685284609931699,-1.5058266934000848,descriptive_only
30,2,body,Medium,raw_squared,23,0.01108653835685988,0.007678163665458747,-0.4439049283013028,descriptive_only
30,2,body,Standard,raw_squared,17,0.011225177153728049,0.0070539382040282535,-0.5913347734344694,descriptive_only
30,2,body,Large,raw_squared,17,0.01192982048411684,0.02662049517986395,0.5518558011970907,descriptive_only
30,2,body,Giant,raw_squared,4,0.015524247416097314,0.015910593624864626,0.024282325215291833,descriptive_only
20,1,promoter,all,binomial_adjusted,93,0.004174260107350812,0.005188849066354736,0.19553256339303993,descriptive_only
20,1,promoter,Female,binomial_adjusted,44,0.003201506581314432,0.005253695199535688,0.3906181345279842,descriptive_only
20,1,promoter,Male,binomial_adjusted,49,0.005047753069505926,0.005130619885539186,0.016151423781524454,descriptive_only
20,1,promoter,Small,binomial_adjusted,24,0.004172651625777675,0.0033489581084844983,-0.24595515698042636,descriptive_only
20,1,promoter,Medium,binomial_adjusted,26,0.002575998791336392,0.007624884071117834,0.6621589564759451,descriptive_only
20,1,promoter,Standard,binomial_adjusted,20,0.006055452086607439,0.005244289531339863,-0.15467539509786232,descriptive_only
20,1,promoter,Large,binomial_adjusted,16,0.005140574552837744,0.0043437040873477075,-0.18345413257112786,descriptive_only
20,1,promoter,Giant,binomial_adjusted,7,0.0025326211160946153,0.004222275241991176,0.40017621520565283,descriptive_only
20,1,promoter,all,raw_squared,93,0.00746179252832132,0.008463645782096093,0.1183713590535751,descriptive_only
20,1,promoter,Female,raw_squared,44,0.0060311536097679055,0.007900553293432986,0.23661629942031315,descriptive_only
20,1,promoter,Male,raw_squared,49,0.008746447883757044,0.008969279853548687,0.024843908700594164,descriptive_only
20,1,promoter,Small,raw_squared,24,0.006701237495264786,0.00616931321926767,-0.08622098718149673,descriptive_only
20,1,promoter,Medium,raw_squared,26,0.0064111564885439625,0.011237284519568977,0.429474578366387,descriptive_only
20,1,promoter,Standard,raw_squared,20,0.009199267944602563,0.00863290905851245,-0.06560463943862094,descriptive_only
20,1,promoter,Large,raw_squared,16,0.008797229774934476,0.007214852473752529,-0.21932219777723794,descriptive_only
20,1,promoter,Giant,raw_squared,7,0.005955128750626025,0.00839861745906139,0.29093939810284486,descriptive_only
20,1,body,all,binomial_adjusted,106,0.010016646926046143,0.013660947696591534,0.2667677859168336,descriptive_only
20,1,body,Female,binomial_adjusted,51,0.0075977907588232465,0.007777816578493384,0.023146061346822067,descriptive_only
20,1,body,Male,binomial_adjusted,55,0.012259586281107375,0.01911621473337347,0.3586812843389783,descriptive_only
20,1,body,Small,binomial_adjusted,30,0.010919250920011022,0.013926261227213414,0.21592373273354726,descriptive_only
20,1,body,Medium,binomial_adjusted,28,0.01025514956714236,0.006338876238409598,-0.6178182348793329,descriptive_only
20,1,body,Standard,binomial_adjusted,22,0.0045298125072739245,0.009741066084684532,0.5349777459783424,descriptive_only
20,1,body,Large,binomial_adjusted,20,0.015645814187361183,0.030187130072176167,0.481705808072755,descriptive_only
20,1,body,Giant,binomial_adjusted,6,0.005745116628887398,0.0057896715067082,0.007695579579805045,descriptive_only
20,1,body,all,raw_squared,106,0.01430508754139537,0.018127771569755886,0.21087445931513316,descriptive_only
20,1,body,Female,raw_squared,51,0.011743158242251734,0.011908997291507685,0.013925525818551554,descriptive_only
20,1,body,Male,raw_squared,55,0.0166806947096922,0.023894271355040575,0.3018956526509291,descriptive_only
20,1,body,Small,raw_squared,30,0.015044190805179849,0.017974823427644095,0.16304096862265283,descriptive_only
20,1,body,Medium,raw_squared,28,0.014620156373756781,0.011387187722565506,-0.2839128264114448,descriptive_only
20,1,body,Standard,raw_squared,22,0.008817653526311251,0.014631508387792896,0.39735170888684035,descriptive_only
20,1,body,Large,raw_squared,20,0.02041102098781661,0.03420906542825812,0.4033446768482528,descriptive_only
20,1,body,Giant,raw_squared,6,0.008906729905357314,0.00956388903939338,0.06871254270404503,descriptive_only
20,4,promoter,all,binomial_adjusted,57,0.004681585852963871,0.0052364644356148494,0.10596435619367028,descriptive_only
20,4,promoter,Female,binomial_adjusted,28,0.003418364863030734,0.006133302693892649,0.4426551185163853,descriptive_only
20,4,promoter,Male,binomial_adjusted,29,0.005901247498416554,0.004370551634519042,-0.35022944284834145,descriptive_only
20,4,promoter,Small,binomial_adjusted,17,0.004825484595577768,0.004309437778084047,-0.11974806089975676,descriptive_only
20,4,promoter,Medium,binomial_adjusted,18,0.0010095871604374604,0.004787944408100698,0.7891397488389078,descriptive_only
20,4,promoter,Standard,binomial_adjusted,10,0.007568659989574187,0.004311418295446901,-0.7554919218965868,descriptive_only
20,4,promoter,Large,binomial_adjusted,8,0.00926059531160544,0.007363538288732697,-0.2576284591030811,descriptive_only
20,4,promoter,Giant,binomial_adjusted,4,0.004218306054414709,0.00925313549811862,0.5441214434531527,descriptive_only
20,4,promoter,all,raw_squared,57,0.008256680463593909,0.008853320471473154,0.06739166505964811,descriptive_only
20,4,promoter,Female,raw_squared,28,0.0064751943975562215,0.008721411931583671,0.25755205139353765,descriptive_only
20,4,promoter,Male,raw_squared,29,0.009976735975630298,0.008980680441021625,-0.11091092051988904,descriptive_only
20,4,promoter,Small,raw_squared,17,0.007514942068432851,0.0073809363218567195,-0.01815565678019837,descriptive_only
20,4,promoter,Medium,raw_squared,18,0.0052682163929800956,0.008934841454975063,0.41037382481513784,descriptive_only
20,4,promoter,Standard,raw_squared,10,0.011153885846950323,0.008240230256048735,-0.35358909889233026,descriptive_only
20,4,promoter,Large,raw_squared,8,0.01293427470522005,0.009998016246828091,-0.2936841055167816,descriptive_only
20,4,promoter,Giant,raw_squared,4,0.008258955019147262,0.013987442669435607,0.40954503161652556,descriptive_only
20,4,body,all,binomial_adjusted,64,0.01052989880024536,0.01222344506888518,0.13854901454506852,descriptive_only
20,4,body,Female,binomial_adjusted,30,0.007327605794814128,0.007398557694068833,0.009589963637316012,descriptive_only
20,4,body,Male,binomial_adjusted,34,0.013355451452096444,0.016480698634899597,0.18963074636806454,descriptive_only
20,4,body,Small,binomial_adjusted,20,0.013688023968413477,0.01667934801120993,0.17934298395752823,descriptive_only
20,4,body,Medium,binomial_adjusted,19,0.008183398711905565,0.007262855202011796,-0.12674677992186623,descriptive_only
20,4,body,Standard,binomial_adjusted,11,0.006082144036047371,0.016688852654211,0.6355564901873167,descriptive_only
20,4,body,Large,binomial_adjusted,11,0.015940049427821592,0.010788320084251757,-0.47752841066423946,descriptive_only
20,4,body,Giant,binomial_adjusted,3,0.0008081134062230486,0.0028234584077128227,0.7137859711283401,descriptive_only
20,4,body,all,raw_squared,64,0.014812366538457071,0.016879121735878997,0.12244447488217003,descriptive_only
20,4,body,Female,raw_squared,30,0.011319796702398448,0.01159717206056291,0.023917499603864467,descriptive_only
20,4,body,Male,raw_squared,34,0.017894045805567617,0.02153966556704025,0.16925145611597237,descriptive_only
20,4,body,Small,raw_squared,20,0.017956481350212414,0.02097095738749388,0.14374527502874812,descriptive_only
20,4,body,Medium,raw_squared,19,0.012648522146024289,0.012789947031674654,0.011057503623754017,descriptive_only
20,4,body,Standard,raw_squared,11,0.010607682328425617,0.0223134269084462,0.5246054148495524,descriptive_only
20,4,body,Large,raw_squared,11,0.020225607385101672,0.013853058018982218,-0.46001029934238624,descriptive_only
20,4,body,Giant,raw_squared,3,0.003124574611247568,0.006668105180949152,0.5314149182627605,descriptive_only
