coverage,min_age,arm,covariate,essential_mean,control_mean,mean_difference,pooled_standardized_difference
20,2,promoter,baseline_beta,0.10421080282789584,0.1294817237052653,-0.02527092087736947,-0.8382164441004789
20,2,promoter,log_coverage,4.073464031049377,4.221546979202554,-0.1480829481531769,-0.28058856294030116
20,2,promoter,region_length,192.66666666666666,176.33333333333334,16.333333333333314,0.07513821922966209
20,2,promoter,flank_gc,0.5626997276649366,0.5744425972931712,-0.011742869628234565,-0.09840135019466063
20,2,promoter,flank_cpg,0.05152804631307115,0.05819370078078753,-0.0066656544677163795,-0.16090868722542934
20,2,promoter,training_coverage_dogs,320.3333333333333,297.6666666666667,22.66666666666663,0.2127005398702124
20,2,body,baseline_beta,0.8702817101701229,0.8638739200766378,0.006407790093485133,0.13309972518112564
20,2,body,log_coverage,3.6461431438161487,3.620044919604693,0.0260982242114558,0.08338250787942156
20,2,body,region_length,92.24,99.42666666666666,-7.186666666666667,-0.06793737834764468
20,2,body,flank_gc,0.5241407534315957,0.5212379186312875,0.002902834800308174,0.03605075058450142
20,2,body,flank_cpg,0.02451021963719927,0.02382526415608569,0.0006849554811135805,0.05378399923061337
20,2,body,training_coverage_dogs,219.4,213.06666666666666,6.333333333333343,0.06853052440359715
10,2,promoter,baseline_beta,0.11012925335656741,0.1267110918871254,-0.016581838530557988,-0.38585960724363605
10,2,promoter,log_coverage,3.903834159167147,3.872191775137061,0.03164238403008568,0.03584278452549216
10,2,promoter,region_length,73,45.5,27.5,1.9782125034804177
10,2,promoter,flank_gc,0.4980195485789499,0.5045210387968995,-0.006501490217949546,-0.18281550404310337
10,2,promoter,flank_cpg,0.029545288353726905,0.032919549038985134,-0.003374260685258229,-0.4153411161036663
10,2,promoter,training_coverage_dogs,372.5,312,60.5,0.7721429583548551
10,2,body,baseline_beta,0.8642655830870313,0.8580240076229109,0.006241575464120408,0.12595032800358338
10,2,body,log_coverage,3.326996453315168,3.324227878836309,0.0027685744788588096,0.006455260240061529
10,2,body,region_length,90.86111111111111,94.93055555555556,-4.069444444444443,-0.0375227925359692
10,2,body,flank_gc,0.522102035601526,0.519414649170074,0.0026873864314520546,0.03262063983086187
10,2,body,flank_cpg,0.023896293584447642,0.02363372520751282,0.0002625683769348214,0.020391399904569275
10,2,body,training_coverage_dogs,296.6111111111111,297.5138888888889,-0.9027777777778283,-0.011971160736902775
30,2,promoter,baseline_beta,0.10413273063763635,0.12822822375341128,-0.024095493115774927,-0.8245238996325424
30,2,promoter,log_coverage,4.1916885005593905,4.35284889552268,-0.16116039496328938,-0.3649755875047822
30,2,promoter,region_length,192.66666666666666,176.33333333333334,16.333333333333314,0.07513821922966209
30,2,promoter,flank_gc,0.5626997276649366,0.5744425972931712,-0.011742869628234565,-0.09840135019466063
30,2,promoter,flank_cpg,0.05152804631307115,0.05819370078078753,-0.0066656544677163795,-0.16090868722542934
30,2,promoter,training_coverage_dogs,279.6666666666667,265.3333333333333,14.333333333333371,0.11044664251666798
30,2,body,baseline_beta,0.8719140535908346,0.8686302978591504,0.003283755731684268,0.06764848277892721
30,2,body,log_coverage,3.8876412883515292,3.897254552310419,-0.009613263958889728,-0.03974643488014712
30,2,body,region_length,104.61194029850746,113.01492537313433,-8.40298507462687,-0.07232976481511634
30,2,body,flank_gc,0.5310475261345443,0.5226772932235665,0.008370232910977826,0.10417310069758497
30,2,body,flank_cpg,0.02558728834599577,0.024841926262085576,0.0007453620839101942,0.056019077178041256
30,2,body,training_coverage_dogs,165.65671641791045,168.59701492537314,-2.9402985074626997,-0.03044050102988855
20,1,promoter,baseline_beta,0.10429603910225159,0.12895404359209625,-0.024658004489844662,-0.8313911931207933
20,1,promoter,log_coverage,4.073863041340355,4.219414663906901,-0.1455516225665452,-0.2714141093511475
20,1,promoter,region_length,192.66666666666666,176.33333333333334,16.333333333333314,0.07513821922966209
20,1,promoter,flank_gc,0.5626997276649366,0.5744425972931712,-0.011742869628234565,-0.09840135019466063
20,1,promoter,flank_cpg,0.05152804631307115,0.05819370078078753,-0.0066656544677163795,-0.16090868722542934
20,1,promoter,training_coverage_dogs,349,323,26,0.22820190893045547
20,1,body,baseline_beta,0.87116044043396,0.8650637796771217,0.006096660756838346,0.13034863211816272
20,1,body,log_coverage,3.651693629178229,3.618714593094409,0.032979036083820024,0.10598624226661717
20,1,body,region_length,95.74666666666667,100.76,-5.013333333333335,-0.04657045206433393
20,1,body,flank_gc,0.5242500719401116,0.522927039185967,0.001323032754144693,0.016797931398931924
20,1,body,flank_cpg,0.024656687784746882,0.024221637979401047,0.000435049805345835,0.034590160866101116
20,1,body,training_coverage_dogs,238.89333333333335,227.65333333333334,11.240000000000009,0.11268725671862992
20,4,promoter,baseline_beta,0.1022235957247511,0.13412580732471635,-0.031902211599965244,-0.9909136093915145
20,4,promoter,log_coverage,4.05776733880045,4.195687217659498,-0.13791987885904788,-0.26188504322580636
20,4,promoter,region_length,192.66666666666666,176.33333333333334,16.333333333333314,0.07513821922966209
20,4,promoter,flank_gc,0.5626997276649366,0.5744425972931712,-0.011742869628234565,-0.09840135019466063
20,4,promoter,flank_cpg,0.05152804631307115,0.05819370078078753,-0.0066656544677163795,-0.16090868722542934
20,4,promoter,training_coverage_dogs,189,175.66666666666666,13.333333333333343,0.20628699244808935
20,4,body,baseline_beta,0.8677804176345253,0.8635759111576431,0.004204506476882197,0.09571511879343796
20,4,body,log_coverage,3.6312219232689222,3.5963455025406144,0.03487642072830788,0.11262355398641459
20,4,body,region_length,99.01470588235294,103.51470588235294,-4.5,-0.04082558169003361
20,4,body,flank_gc,0.5190481111602565,0.5135196512788321,0.0055284598814243635,0.07239357101128313
20,4,body,flank_cpg,0.023844011846430445,0.02309851682454566,0.0007454950218847844,0.0598937121292641
20,4,body,training_coverage_dogs,130.08823529411765,122.94117647058823,7.14705882352942,0.13299003224858583
