dog,first_id,next_id,initial_age,elapsed_years,sex,size,first_batch,next_batch
310,LID_109926_PID_10424,LID_1071370_PID_10558,8.38751996349532,2.0758612822267803,Female,Small,2022-03-25,2023-12-19
540,LID_109963_PID_10424,LID_1067313_PID_10527,5.8855806525211,1.0669632671686093,Male,Small,2022-03-25,2023-01-05
695,LID_109931_PID_10424,LID_1070514_PID_10559,9.09403756939691,1.9932884630009902,Male,Large,2022-03-25,2023-10-10
760,LID_109965_PID_10424,LID_1071305_PID_10559,3.54406228610541,2.0260323979009804,Female,Standard,2022-03-25,2023-11-22
1530,LID_1071266_PID_10560,LID_1074700_PID_10581,4.78462240474561,1.05430070727812,Female,Large,2023-11-22,2025-01-14
2775,LID_1070535_PID_10559,LID_1069406_PID_10536,7.97125256673511,1.0596338124572195,Female,Standard,2023-10-10,2023-06-07
2895,LID_109933_PID_10424,LID_1066711_PID_10506,4.8497376226329,0.9964864248231802,Male,Giant,2022-03-25,2022-11-30
3035,LID_1069230_PID_10527,LID_1072960_PID_10573,6.85152863335615,1.05395847592973,Male,Small,2023-06-07,2024-05-13
3315,LID_1068597_PID_10526,LID_1069407_PID_10536,9.00353639060005,1.111510381017549,Female,Small,2023-04-12,2023-06-07
3595,LID_109989_PID_10424,LID_1069743_PID_10535,5.44438740588638,0.99127310061602,Male,Large,2022-04-07,2023-07-20
4425,LID_110576_PID_10430,LID_1069251_PID_10527,11.5195357061373,0.9366111491369011,Male,Small,2022-04-26,2023-06-07
5670,LID_110504_PID_10430,LID_1069707_PID_10535,6.45410297361016,0.9664993535630098,Male,Medium,2022-04-26,2023-07-20
6230,LID_112219_PID_10504,LID_1069378_PID_10536,5.827800593201,1.0043064111339302,Male,Medium,2022-10-12,2023-06-07
6810,LID_109911_PID_10424,LID_1067350_PID_10526,8.83915126625599,1.0540725530458595,Female,Medium,2022-03-25,2023-01-05
7335,LID_110037_PID_10430,LID_1072441_PID_10573,11.1882842801734,1.9739485892462998,Male,Small,2022-04-07,2024-03-25
8675,LID_1067011_PID_10505,LID_1070495_PID_10559,6.91429956650696,1.0732089892767496,Female,Small,2022-12-16,2023-10-10
9780,LID_1067039_PID_10505,LID_1070526_PID_10559,4.60084417065937,1.0896646132785701,Male,Giant,2022-12-16,2023-10-10
10465,LID_1067186_PID_10506,LID_1071398_PID_10559,6.24937257586128,1.0323028367176201,Male,Medium,2022-12-28,2023-12-19
10650,LID_109892_PID_10424,LID_1068549_PID_10526,7.75456308464522,1.0104190432732505,Male,Medium,2022-03-25,2023-04-12
12740,LID_110581_PID_10430,LID_1069791_PID_10535,3.03753137120694,1.0948836413415406,Female,Medium,2022-04-26,2023-07-20
14760,LID_110502_PID_10430,LID_1069718_PID_10535,9.36744239105635,0.9990873830709504,Male,Standard,2022-04-26,2023-07-20
15475,LID_1069758_PID_10535,LID_1072423_PID_10566,6.13130276066621,1.0128336755646803,Male,Medium,2023-07-20,2024-03-25
20155,LID_109940_PID_10424,LID_1067143_PID_10506,2.71991216062058,1.0566773138641703,Male,Standard,2022-03-25,2022-12-28
22365,LID_110512_PID_10430,LID_1069742_PID_10535,4.3952772073922,1.0349075975359296,Female,Giant,2022-04-26,2023-07-20
22890,LID_110022_PID_10424,LID_1069771_PID_10535,7.65371891398585,0.9965776865160905,Female,Large,2022-04-07,2023-07-20
25255,LID_110513_PID_10430,LID_1068566_PID_10526,8.56285649098791,0.9142140086698607,Male,Medium,2022-04-26,2023-04-12
29045,LID_109990_PID_10424,LID_1069303_PID_10527,2.6140771161305,1.1327857631759102,Female,Large,2022-04-07,2023-06-07
33975,LID_109943_PID_10424,LID_1070557_PID_10559,11.1415126625599,1.987565594341799,Male,Medium,2022-03-25,2023-10-10
34715,LID_1069277_PID_10527,LID_1072415_PID_10566,5.4771845767739,0.9143280857859901,Male,Small,2023-06-07,2024-03-25
35560,LID_109984_PID_10424,LID_1072270_PID_10566,10.5143451973534,1.9907027150354004,Female,Small,2022-04-07,2024-03-15
35830,LID_1071340_PID_10559,LID_1069258_PID_10527,6.50661647273557,0.9937257586128201,Female,Standard,2023-12-19,2023-06-07
39075,LID_1067038_PID_10505,LID_1070487_PID_10560,7.51676933607118,1.0513156894060405,Female,Large,2022-12-16,2023-10-10
39370,LID_110028_PID_10430,LID_1069766_PID_10535,4.50530458590007,0.96637196744999,Female,Medium,2022-04-07,2023-07-20
41125,LID_1066681_PID_10505,LID_1070501_PID_10559,3.24537987679671,0.9965206479580195,Male,Medium,2022-11-30,2023-10-10
44305,LID_1066639_PID_10504,LID_1070507_PID_10560,4.54080158186934,1.1276237736710097,Male,Small,2022-11-30,2023-10-10
45000,LID_1069232_PID_10527,LID_1072474_PID_10573,7.85651950718686,1.0157141227469797,Female,Standard,2023-06-07,2024-03-25
45445,LID_1068595_PID_10526,LID_1069290_PID_10527,6.83195490151342,0.9965776865160896,Female,Large,2023-04-12,2023-06-07
45500,LID_1066706_PID_10506,LID_1071249_PID_10560,5.26340406114533,1.09257357973991,Female,Large,2022-11-30,2023-11-22
50070,LID_1068544_PID_10526,LID_1071866_PID_10562,5.0362765229295,1.0376454483230706,Female,Medium,2023-04-12,2024-02-12
50105,LID_1068529_PID_10526,LID_1071880_PID_10562,4.40349075975359,1.0706137348847893,Male,Medium,2023-04-12,2024-02-12
51245,LID_110517_PID_10430,LID_1072987_PID_10573,11.3110027378508,2.0207620351357,Female,Medium,2022-04-26,2024-05-13
52240,LID_109925_PID_10424,LID_1071616_PID_10562,9.34852840520192,2.05318465282528,Female,Small,2022-03-25,2023-12-22
52860,LID_1069898_PID_10536,LID_1074173_PID_10579,7.1585671914214,0.9001825233858094,Male,Medium,2023-07-27,
55370,LID_110503_PID_10430,LID_1069719_PID_10535,3.53456536618754,1.0003422313483896,Female,Small,2022-04-26,2023-07-20
56990,LID_110038_PID_10430,LID_1069312_PID_10527,4.58327629477527,1.07417864476386,Female,Medium,2022-04-07,2023-06-07
58595,LID_1069271_PID_10527,LID_1072962_PID_10573,3.89436459046315,1.01327097117652,Female,Large,2023-06-07,2024-05-13
59325,LID_1067181_PID_10506,LID_1071558_PID_10562,3.66183740208381,1.0927066697087202,Male,Medium,2022-12-28,2023-12-22
59840,LID_110008_PID_10424,LID_1069062_PID_10558,6.21328618145867,0.9965871929424193,Male,Medium,2022-04-07,2023-06-02
60290,LID_110527_PID_10430,LID_1069283_PID_10527,8.22553045859001,1.0047627195984496,Male,Small,2022-04-26,2023-06-07
60460,LID_1067371_PID_10526,LID_1071607_PID_10562,6.4652064795802,1.0157426420259998,Female,Giant,2023-01-05,2023-12-22
64255,LID_1067328_PID_10527,LID_1071422_PID_10560,5.32099399193855,0.9963020001521006,Male,Standard,2023-01-05,2023-12-19
64685,LID_1066709_PID_10506,LID_1070521_PID_10559,6.84850558977869,0.9967868278956598,Male,Standard,2022-11-30,2023-10-10
65385,LID_1067027_PID_10505,LID_1070502_PID_10559,5.83333333333333,1.0726671229751297,Male,Standard,2022-12-16,2023-10-10
66050,LID_1068616_PID_10526,LID_1069391_PID_10536,7.09759297284965,0.9999714807209603,Female,Small,2023-04-12,2023-06-07
66450,LID_1068559_PID_10526,LID_1071881_PID_10562,18.147729865389,1.0019678302532995,Female,Small,2023-04-12,2024-02-12
67450,LID_110578_PID_10430,LID_1069306_PID_10527,2.69267624914442,0.9773556924481004,Male,Large,2022-04-26,2023-06-07
67805,LID_1067324_PID_10527,LID_1071406_PID_10560,3.14151266255989,0.9800650239561994,Male,Large,2023-01-05,2023-12-19
67820,LID_112220_PID_10504,LID_1069794_PID_10535,3.08127994524298,1.05412959160393,Male,Large,2022-10-12,2023-07-20
68005,LID_110593_PID_10430,LID_1072955_PID_10573,5.22478895733516,1.99863107460643,Male,Large,2022-05-09,2024-05-13
68580,LID_110539_PID_10430,LID_1069298_PID_10527,4.29195185945699,1.0347650011407703,Male,Small,2022-04-26,2023-06-07
70980,LID_1071241_PID_10560,LID_1074684_PID_10581,5.25516198950491,1.05398699520876,Male,Medium,2023-11-22,2025-01-14
72465,LID_1068601_PID_10526,LID_1073009_PID_10573,2.43503308236368,2.0121492128679,Female,Small,2023-04-12,2024-05-13
72740,LID_1066670_PID_10505,LID_1070496_PID_10559,7.15788272872462,0.9992870180241793,Female,Small,2022-11-30,2023-10-10
75300,LID_109988_PID_10424,LID_1069734_PID_10535,5.40822496007301,0.9733629933835299,Male,Standard,2022-04-07,2023-07-20
75945,LID_1067028_PID_10505,LID_1069830_PID_10536,5.08798197581565,0.9171781124039899,Female,Standard,2022-12-16,2023-07-27
76610,LID_110518_PID_10430,LID_1069272_PID_10527,3.53562057951175,0.9963210130047897,Male,Standard,2022-04-26,2023-06-07
76780,LID_1066656_PID_10504,LID_1070490_PID_10559,3.14419347478896,1.0923644383603297,Male,Standard,2022-11-30,2023-10-10
77375,LID_110027_PID_10430,LID_1069050_PID_10558,2.41881511902046,0.9228458437903999,Male,Standard,2022-04-07,2023-06-02
77930,LID_110602_PID_10430,LID_1069711_PID_10535,6.41934747889573,1.0122062514259698,Male,Large,2022-05-09,2023-07-20
79210,LID_1067369_PID_10526,LID_1071423_PID_10559,4.37896417978554,0.9390257814282403,Female,Small,2023-01-05,2023-12-19
79910,LID_112261_PID_10504,LID_1069875_PID_10536,5.06613620807666,1.07326602783482,Female,Medium,2022-10-12,2023-07-27
80300,LID_1067088_PID_10505,LID_1070509_PID_10559,4.20374172940908,0.9696554871092902,Male,Small,2022-12-16,2023-10-10
80380,LID_109991_PID_10424,LID_1069092_PID_10558,13.4470111795574,1.0349075975359003,Male,Large,2022-04-07,2023-06-02
80495,LID_1067311_PID_10527,LID_1074708_PID_10581,3.69990113316602,1.9741273100615997,Male,Small,2023-01-05,2025-01-14
82550,LID_110019_PID_10424,LID_1069259_PID_10527,3.40135181382615,1.0572381930184798,Male,Large,2022-04-07,2023-06-07
83855,LID_112280_PID_10504,LID_1069860_PID_10536,2.41889117043121,1.02635181382615,Male,Small,2022-10-12,2023-07-27
84325,LID_110522_PID_10430,LID_1072959_PID_10573,2.39393680127766,2.0013404061145406,Female,Medium,2022-04-26,2024-05-13
84950,LID_110544_PID_10430,LID_1069218_PID_10527,1.64676020990189,0.93963419271428,Female,Small,2022-04-26,2023-06-07
85665,LID_1066619_PID_10504,LID_1069793_PID_10535,4.00718685831622,0.9579055441478506,Female,Standard,2022-11-30,2023-07-20
86415,LID_1067040_PID_10505,LID_1070300_PID_10558,6.40246406570842,1.0347364818617395,Female,Medium,2022-12-16,2023-09-25
86795,LID_1067025_PID_10505,LID_1069897_PID_10536,2.33333333333333,0.98032169746749,Female,Medium,2022-12-16,2023-07-27
87040,LID_110013_PID_10424,LID_1069101_PID_10558,7.06471975055137,1.0157331355996702,Female,Large,2022-04-07,2023-06-02
88195,LID_1071378_PID_10559,LID_1074424_PID_10581,5.34542550764317,0.7774735721347605,Male,Medium,2023-12-19,2024-11-12
88260,LID_1069714_PID_10535,LID_1072227_PID_10566,3.17995665069587,0.9991444216290204,Female,Standard,2023-07-20,2024-03-15
94655,LID_1067171_PID_10506,LID_1071311_PID_10560,2.48203285420945,1.01562856490987,Male,Standard,2022-12-28,2023-11-22
94710,LID_1069310_PID_10527,LID_1073002_PID_10573,6.59428473648186,1.0069016655258993,Male,Small,2023-06-07,2024-05-13
95810,LID_1067090_PID_10505,LID_1071255_PID_10560,2.38061829796943,1.07891284508327,Male,Standard,2022-12-16,2023-11-22
99375,LID_110579_PID_10430,LID_1069307_PID_10527,1.93685831622177,0.9799794661190901,Male,Large,2022-04-26,2023-06-07
99570,LID_1066659_PID_10505,LID_1069845_PID_10536,5.34508327629478,0.9614419347478806,Male,Standard,2022-11-30,2023-07-27
100035,LID_110537_PID_10430,LID_1069294_PID_10527,1.1211498973306,1.02943189596167,Female,Medium,2022-04-26,2023-06-07
102310,LID_1066700_PID_10506,LID_1071532_PID_10560,1.26169290440338,1.22872461784166,Female,Standard,2022-11-30,2023-12-22
102440,LID_1067331_PID_10527,LID_1071536_PID_10560,1.32436877329074,1.00211993307476,Male,Medium,2023-01-05,2023-12-22
107105,LID_1069392_PID_10536,LID_1074120_PID_10579,2.84307742033615,0.99379230359723,Female,Standard,2023-06-07,
108235,LID_1067122_PID_10506,LID_1071403_PID_10559,2.42408167921515,1.1115674195756298,Male,Small,2022-12-28,2023-12-19
109960,LID_1069865_PID_10536,LID_1074150_PID_10579,3.37211955281771,0.9057723020761999,Female,Large,2023-07-27,
110430,LID_1068613_PID_10526,LID_1070283_PID_10558,1.82443531827515,1.1966689482089898,Male,Standard,2023-04-12,2023-09-25
110540,LID_1067094_PID_10505,LID_1070530_PID_10559,3.21590995512967,0.9822990341470796,Female,Small,2022-12-16,2023-10-10
110575,LID_1067129_PID_10506,LID_1071242_PID_10560,1.35346794433037,0.9828884325804199,Female,Large,2022-12-28,2023-11-22
110915,LID_1066653_PID_10504,LID_1070215_PID_10558,1.96437942048825,1.0272739371815298,Female,Giant,2022-11-30,2023-09-25
111040,LID_1069712_PID_10535,LID_1072223_PID_10566,2.34466499353563,0.9965111415316801,Female,Small,2023-07-20,2024-03-15
111720,LID_112260_PID_10504,LID_1069828_PID_10536,1.15140885238421,1.01822381930185,Male,Standard,2022-10-12,2023-07-27
112120,LID_1066652_PID_10504,LID_1069846_PID_10536,7.1305042208533,0.9747889573351589,Female,Standard,2022-11-30,2023-07-27
113705,LID_1067380_PID_10526,LID_1071584_PID_10562,2.81282797170888,0.96643280857859,Male,Small,2023-01-05,2023-12-22
113930,LID_1068588_PID_10526,LID_1072275_PID_10566,2.24642558369458,1.08998783177428,Female,Giant,2023-04-12,2024-03-15
116310,LID_1066617_PID_10504,LID_1069803_PID_10536,2.66775039926991,0.9803216974674802,Female,Medium,2022-11-30,2023-07-27
116630,LID_1066671_PID_10505,LID_1071369_PID_10560,6.40209331508099,1.0623146246862891,Female,Large,2022-11-30,2023-12-19
118800,LID_1067148_PID_10506,LID_1071407_PID_10559,1.27948893451974,1.09243098334474,Female,Small,2022-12-28,2023-12-19
120740,LID_1069340_PID_10535,LID_1072989_PID_10573,5.66577306259031,0.9719750551372695,Female,Small,2023-06-07,2024-05-13
121535,LID_1069764_PID_10535,LID_1072483_PID_10573,3.47826830937714,1.0704140999315506,Female,Giant,2023-07-20,2024-03-25
132730,LID_1070241_PID_10558,LID_1074456_PID_10581,3.68657312343144,1.06764772986539,Male,Medium,2023-09-25,2024-11-12
