coverage,min_age,arm,evaluation_dogs,observed_dogs,matched_gene_pairs,observed_gene_pairs,paired_records,paired_record_fraction,median_pairs_per_observed_dog,median_dogs_per_observed_pair,same_batch_dogs,missing_batch_dogs,mean_essential_noise,mean_control_noise,mean_essential_log_coverage,mean_control_log_coverage
20,2,promoter,100,84,3,3,133,0.44333333333333336,2,47,0,3,0.0034069658874627644,0.003387155439953421,4.118509114184016,4.387024650517995
20,2,body,100,96,75,65,942,0.1256,7,8,0,3,0.004148690582454035,0.0044619358280054535,3.9939461311004814,3.952917132403026
10,2,promoter,100,93,2,2,115,0.575,1,92,0,3,0.004304191655760052,0.004177829662472453,4.084469426156743,4.213793765824416
10,2,body,100,100,72,69,2319,0.32208333333333333,21,31,0,3,0.0075671547491535825,0.007697346822922382,3.485937526403381,3.475643496981787
30,2,promoter,100,63,3,3,95,0.31666666666666665,1,31,0,3,0.003127973354384726,0.0031085765214764476,4.272052658753754,4.4885935177809175
30,2,body,100,87,67,39,447,0.06671641791044776,3,4,0,3,0.003370747104363912,0.0029732510032670742,4.221917316535363,4.254359612784233
20,1,promoter,110,93,3,3,150,0.45454545454545453,2,54,0,3,0.003287532420970513,0.003274796715741357,4.137908225181986,4.410494876821051
20,1,body,110,106,75,66,1120,0.13575757575757577,8,11,0,3,0.004288440615349226,0.004466823873164336,3.98245482806049,3.9341995342071727
20,4,promoter,67,57,3,3,92,0.4577114427860697,2,32,0,1,0.00357509461063004,0.0036168560358583045,4.094656510930472,4.333983599330084
20,4,body,67,64,68,61,559,0.12269534679543459,5,5,0,1,0.004282467738211713,0.004655676666993821,3.9963702595061528,3.9413324045831017
