comparison,biological_units,mean,bootstrap_lower,bootstrap_upper,units_with_positive_value,status
GSE179847 forecast donor penalty=0.001 ESL MSE gain,9,0.46537687153674134,0.28998770652375944,0.6839692845377587,9,fixed_fold_bootstrap_does_not_refit_training
GSE179847 forecast donor penalty=0.001 MSE gain,9,0.024425957834635668,0.0194161097117707,0.02918045104556826,9,fixed_fold_bootstrap_does_not_refit_training
GSE179847 forecast donor penalty=0.01 ESL MSE gain,9,0.7643084474361087,0.5903476031047623,0.982808507022153,9,fixed_fold_bootstrap_does_not_refit_training
GSE179847 forecast donor penalty=0.01 MSE gain,9,0.04044933464052694,0.035721894231064824,0.04502218082510017,9,fixed_fold_bootstrap_does_not_refit_training
GSE179847 forecast donor penalty=0.1 ESL MSE gain,9,0.769485812756427,0.7003161294308199,0.8525644749163761,9,fixed_fold_bootstrap_does_not_refit_training
GSE179847 forecast donor penalty=0.1 MSE gain,9,0.04222898676391746,0.03967314707566068,0.044720655799241414,9,fixed_fold_bootstrap_does_not_refit_training
GSE179847 forecast donor_and_chromosome penalty=0.001 ESL MSE gain,9,0.47407933922703926,0.2840518198522231,0.6965106976456953,8,fixed_fold_bootstrap_does_not_refit_training
GSE179847 forecast donor_and_chromosome penalty=0.001 MSE gain,9,0.024400777846664067,0.019050763745422958,0.029481370007989602,9,fixed_fold_bootstrap_does_not_refit_training
GSE179847 forecast donor_and_chromosome penalty=0.01 ESL MSE gain,9,0.7961753400789383,0.618528693079177,1.010470855650235,9,fixed_fold_bootstrap_does_not_refit_training
GSE179847 forecast donor_and_chromosome penalty=0.01 MSE gain,9,0.04094281571081199,0.036283426759116874,0.0455927341820212,9,fixed_fold_bootstrap_does_not_refit_training
GSE179847 forecast donor_and_chromosome penalty=0.1 ESL MSE gain,9,0.7808731790607233,0.7112378926020149,0.8599519090075635,9,fixed_fold_bootstrap_does_not_refit_training
GSE179847 forecast donor_and_chromosome penalty=0.1 MSE gain,9,0.04229382408894436,0.039702794382528765,0.04475342138399704,9,fixed_fold_bootstrap_does_not_refit_training
GSE179847 full matching coarse ESL-minus-control,9,-0.010168595457907258,-0.011105644071898301,-0.009261403349224758,0,fixed_fold_bootstrap_does_not_refit_training
GSE179847 full matching fine ESL-minus-control,9,-0.0031694151108608818,-0.003373159889173382,-0.00294512684924829,0,fixed_fold_bootstrap_does_not_refit_training
GSE179847 full matching no_density ESL-minus-control,9,-0.005922366515694321,-0.006310908590751937,-0.005518093999400001,0,fixed_fold_bootstrap_does_not_refit_training
GSE179847 full matching standard ESL-minus-control,9,-0.005733753378600923,-0.0061337263097026576,-0.005305501991519902,0,fixed_fold_bootstrap_does_not_refit_training
GSE179847 m1 MSE gain vs constant,9,0.00013854017861895246,0.00001155079114394449,0.0002776187698792091,6,fixed_fold_bootstrap_does_not_refit_training
GSE179847 m1 log density gain vs M1,9,0,0,0,0,fixed_fold_bootstrap_does_not_refit_training
GSE179847 m2_protection MSE gain vs constant,9,0.00016611303261195997,0.000017313215922899913,0.0003341672486619977,6,fixed_fold_bootstrap_does_not_refit_training
GSE179847 m2_protection log density gain vs M1,9,0.003209057642759978,0.0011608679388439946,0.005458154542665135,8,fixed_fold_bootstrap_does_not_refit_training
GSE179847 m2_signed MSE gain vs constant,9,0.00016611260292244564,0.000014745602407456404,0.0003412732942435671,6,fixed_fold_bootstrap_does_not_refit_training
GSE179847 m2_signed log density gain vs M1,9,0.003208984401154793,0.0012598768144783115,0.005379884885480488,8,fixed_fold_bootstrap_does_not_refit_training
GSE73115 forecast donor penalty=0.001 ESL MSE gain,86,0.0355093306213643,0.02797006471008077,0.04339703030301669,74,person_bootstrap_does_not_account_for_twins
GSE73115 forecast donor penalty=0.001 MSE gain,86,0.001205920685688973,0.0007828165094301024,0.0016340529511927942,61,person_bootstrap_does_not_account_for_twins
GSE73115 forecast donor penalty=0.01 ESL MSE gain,86,0.09751262042615685,0.08693260875929824,0.10818098800134113,85,person_bootstrap_does_not_account_for_twins
GSE73115 forecast donor penalty=0.01 MSE gain,86,0.004445744743262389,0.003829082232905364,0.005099484387057688,83,person_bootstrap_does_not_account_for_twins
GSE73115 forecast donor penalty=0.1 ESL MSE gain,86,0.09192473631598344,0.08688608865120565,0.09734372098186145,86,person_bootstrap_does_not_account_for_twins
GSE73115 forecast donor penalty=0.1 MSE gain,86,0.0051556567331586586,0.004805457512518349,0.005529290257299183,86,person_bootstrap_does_not_account_for_twins
GSE73115 forecast donor_and_chromosome penalty=0.001 ESL MSE gain,86,0.037192353725040324,0.029643306685425322,0.044888340642065254,74,person_bootstrap_does_not_account_for_twins
GSE73115 forecast donor_and_chromosome penalty=0.001 MSE gain,86,0.0012978267977241454,0.0008439173601324364,0.0017773085927450165,60,person_bootstrap_does_not_account_for_twins
GSE73115 forecast donor_and_chromosome penalty=0.01 ESL MSE gain,86,0.10189876695435937,0.09092116486552194,0.11284892331962942,85,person_bootstrap_does_not_account_for_twins
GSE73115 forecast donor_and_chromosome penalty=0.01 MSE gain,86,0.004728139596278539,0.00400695768315411,0.005450015974626694,82,person_bootstrap_does_not_account_for_twins
GSE73115 forecast donor_and_chromosome penalty=0.1 ESL MSE gain,86,0.09359842515753045,0.08827407568641736,0.09911938684036432,86,person_bootstrap_does_not_account_for_twins
GSE73115 forecast donor_and_chromosome penalty=0.1 MSE gain,86,0.005279232735840486,0.004913119227389809,0.005657696018034397,86,person_bootstrap_does_not_account_for_twins
GSE73115 full matching coarse ESL-minus-control,86,-0.003108350480899486,-0.0032528124835418787,-0.0029682883815748224,0,person_bootstrap_does_not_account_for_twins
GSE73115 full matching fine ESL-minus-control,86,-0.001296102339513778,-0.0013519688367404459,-0.0012420469370664833,0,person_bootstrap_does_not_account_for_twins
GSE73115 full matching no_density ESL-minus-control,86,-0.0014949184289757204,-0.0015476822245700413,-0.0014415253289038101,0,person_bootstrap_does_not_account_for_twins
GSE73115 full matching standard ESL-minus-control,86,-0.0016105160254904758,-0.0016679135974195932,-0.0015538084651322394,0,person_bootstrap_does_not_account_for_twins
GSE73115 m1 MSE gain vs constant,86,0.000004063135402390071,0.000003160283601353716,0.000004958715607491041,69,person_bootstrap_does_not_account_for_twins
GSE73115 m1 log density gain vs M1,86,0,0,0,0,person_bootstrap_does_not_account_for_twins
GSE73115 m2_protection MSE gain vs constant,86,0.000007687197140657227,0.000006383405333716956,0.000009022888914610662,77,person_bootstrap_does_not_account_for_twins
GSE73115 m2_protection log density gain vs M1,86,0.004952132238093148,0.004113697653259716,0.005790195128181424,78,person_bootstrap_does_not_account_for_twins
GSE73115 m2_signed MSE gain vs constant,86,0.000008680564542785802,0.00000734068475401755,0.000009983454484161848,77,person_bootstrap_does_not_account_for_twins
GSE73115 m2_signed log density gain vs M1,86,0.006313552666619726,0.005266615064433951,0.007287229542646046,79,person_bootstrap_does_not_account_for_twins
growth ESL penalty=0.001 MSE gain,8,0.02583782982032184,0.0036227462903721704,0.04802195569192633,6,fixed_fold_bootstrap_does_not_refit_training
growth ESL penalty=0.01 MSE gain,8,0.0037634114893135375,0.0012690658926083277,0.00616618431471749,7,fixed_fold_bootstrap_does_not_refit_training
growth ESL penalty=0.1 MSE gain,8,0.0006712295557847124,0.00009177217005201105,0.0012947008647857527,5,fixed_fold_bootstrap_does_not_refit_training
growth combined penalty=0.001 MSE gain,8,-0.04841052109173914,-0.1564870991849216,0.031677328837216884,3,fixed_fold_bootstrap_does_not_refit_training
growth combined penalty=0.01 MSE gain,8,-0.016709120394336037,-0.11472136010867269,0.06278482878188155,4,fixed_fold_bootstrap_does_not_refit_training
growth combined penalty=0.1 MSE gain,8,0.025966266180969557,-0.05559405154165442,0.10101870490173519,5,fixed_fold_bootstrap_does_not_refit_training
growth unweighted penalty=0.001 MSE gain,8,-0.06625111846353812,-0.1618340688164971,0.00283650280747157,2,fixed_fold_bootstrap_does_not_refit_training
growth unweighted penalty=0.01 MSE gain,8,-0.019693555453959535,-0.1115782078489777,0.06067303799088625,4,fixed_fold_bootstrap_does_not_refit_training
growth unweighted penalty=0.1 MSE gain,8,0.025369093666657114,-0.05571426937505136,0.10212835116736385,5,fixed_fold_bootstrap_does_not_refit_training
