analysis,day,penalty,regions,mode,target_oracle_gain,achieved_oracle_signal_fraction,beta_per_score_unit,effect_per_score_sd,noise_sd,coefficient_threshold_gain,any_gain_probability,calibrated_detection_probability,mc_standard_error,mean_realized_gain,bound_violation_fraction,replicates
primary,28,0.001,39,unbounded,0,0,0,0,0.03562391100700548,0,0.078,0.0425,0.0045107510461119445,-0.01951209017463416,0.025115384615384616,2000
primary,28,0.001,39,unbounded,0.03,0.030000000000000027,0.01339230003124365,0.006412434390342496,0.03562391100700548,0,0.588,0.588,0.011005816643938786,0.012906138419275502,0.012564102564102564,2000
primary,28,0.001,39,unbounded,0.05,0.05000000000000017,0.017470430613751347,0.008365104561602945,0.03562391100700548,0,0.7515,0.7515,0.00966301583357908,0.03439675348049235,0.013115384615384616,2000
primary,28,0.001,39,unbounded,0.1,0.10000000000000002,0.025383947181827127,0.012154215145392779,0.03562391100700548,0,0.9625,0.9625,0.004248161366991606,0.08758201472868125,0.012538461538461538,2000
primary,28,0.001,39,unbounded,0.2,0.1999999999999999,0.0380759207727407,0.018231322718089173,0.03562391100700548,0,1,1,0,0.19644387813108805,0.012769230769230769,2000
primary,28,0.001,39,physical_bounds,0,0,0,0,0.03562391100700548,0,0.0775,0.036,0.004165573189850348,-0.01958699650122758,0.025474358974358974,2000
primary,28,0.001,39,physical_bounds,0.03,0.030185536189518126,0.01339230003124365,0.006412434390342496,0.03562391100700548,0,0.5865,0.5865,0.011011760758389187,0.01324041586632301,0.013217948717948718,2000
primary,28,0.001,39,physical_bounds,0.05,0.05032134502345884,0.017470430613751347,0.008365104561602945,0.03562391100700548,0,0.75,0.75,0.009682458365518542,0.034428142185573024,0.01258974358974359,2000
primary,28,0.001,39,physical_bounds,0.1,0.10057417850077234,0.025383947181827127,0.012154215145392779,0.03562391100700548,0,0.9685,0.9685,0.0039056209493497944,0.09036740841355173,0.01241025641025641,2000
primary,28,0.001,39,physical_bounds,0.2,0.20073944393604098,0.0380759207727407,0.018231322718089173,0.03562391100700548,0,1,1,0,0.19778563022251872,0.013192307692307692,2000
primary,28,0.01,39,unbounded,0,0,0,0,0.03551139921747405,0,0.076,0.039,0.004328914413568372,-0.01915248950507296,0.025423076923076923,2000
primary,28,0.01,39,unbounded,0.03,0.030000000000000186,0.013350002832540207,0.006392181856352939,0.03551139921747405,0,0.5495,0.5495,0.011125415722569651,0.0113150690620017,0.012397435897435898,2000
primary,28,0.01,39,unbounded,0.05,0.05000000000000002,0.017415253364632035,0.008338684866032226,0.03551139921747405,0,0.774,0.774,0.009352112060919715,0.03556658486763693,0.012692307692307692,2000
primary,28,0.01,39,unbounded,0.1,0.1,0.025303776497529244,0.012115828217688824,0.03551139921747405,0,0.9685,0.9685,0.0039056209493497944,0.08883040018532089,0.01285897435897436,2000
primary,28,0.01,39,unbounded,0.2,0.19999999999999982,0.03795566474629387,0.018173742326533238,0.03551139921747405,0,1,1,0,0.19493846654607122,0.012871794871794871,2000
primary,28,0.01,39,physical_bounds,0,0,0,0,0.03551139921747405,0,0.0745,0.043,0.004536022486716748,-0.01935504875967202,0.025794871794871794,2000
primary,28,0.01,39,physical_bounds,0.03,0.030136187723286644,0.013350002832540207,0.006392181856352939,0.03551139921747405,0,0.589,0.589,0.011001795308039502,0.014281317834904406,0.012974358974358974,2000
primary,28,0.01,39,physical_bounds,0.05,0.05025867545224148,0.017415253364632035,0.008338684866032226,0.03551139921747405,0,0.779,0.779,0.009277903858092086,0.036439612978028876,0.012756410256410257,2000
primary,28,0.01,39,physical_bounds,0.1,0.10049228180003507,0.025303776497529244,0.012115828217688824,0.03551139921747405,0,0.976,0.976,0.0034222799417931915,0.0890324922410601,0.012974358974358974,2000
primary,28,0.01,39,physical_bounds,0.2,0.20064434755858845,0.03795566474629387,0.018173742326533238,0.03551139921747405,0,1,1,0,0.1952945202254561,0.012705128205128206,2000
primary,28,0.1,39,unbounded,0,0,0,0,0.03465407440266591,0,0.094,0.049,0.0048269555622566076,-0.015386196531698633,0.02585897435897436,2000
primary,28,0.1,39,unbounded,0.03,0.02999999999999998,0.013027703825508576,0.006237860251263351,0.03465407440266591,0,0.6105,0.6105,0.010903892653543504,0.016424704375645152,0.026294871794871794,2000
primary,28,0.1,39,unbounded,0.05,0.04999999999999997,0.016994810093043815,0.008137370313070404,0.03465407440266591,0,0.778,0.778,0.009292900515985306,0.03848256889280717,0.013025641025641025,2000
primary,28,0.1,39,unbounded,0.1,0.09999999999999988,0.024692886586747686,0.011823324953613941,0.03465407440266591,0,0.975,0.975,0.003491060010942237,0.09310140390645799,0.012538461538461538,2000
primary,28,0.1,39,unbounded,0.2,0.19999999999999993,0.037039329880121534,0.017734987430420915,0.03465407440266591,0,1,1,0,0.19975053121552583,0.01285897435897436,2000
primary,28,0.1,39,physical_bounds,0,0,0,0,0.03465407440266591,0,0.0955,0.0495,0.004850244839180801,-0.015315054484948217,0.02571794871794872,2000
primary,28,0.1,39,physical_bounds,0.03,0.029847688380938882,0.013027703825508576,0.006237860251263351,0.03465407440266591,0,0.629,0.629,0.01080182854890782,0.018814578291238167,0.025705128205128207,2000
primary,28,0.1,39,physical_bounds,0.05,0.04983015048921901,0.016994810093043815,0.008137370313070404,0.03465407440266591,0,0.7945,0.7945,0.00903520198999447,0.040051597945527755,0.012512820512820513,2000
primary,28,0.1,39,physical_bounds,0.1,0.099914024807201,0.024692886586747686,0.011823324953613941,0.03465407440266591,0,0.98,0.98,0.003130495168499707,0.09484716356467757,0.012512820512820513,2000
primary,28,0.1,39,physical_bounds,0.2,0.19996767520034966,0.037039329880121534,0.017734987430420915,0.03465407440266591,0,1,1,0,0.20317134994052924,0.012961538461538462,2000
primary,40,0.001,39,unbounded,0,0,0,0,0.0354961483140934,0.0104630033982398,0.1685,0.049,0.0048269555622566076,-0.02427718133029128,0.012538461538461538,2000
primary,40,0.001,39,unbounded,0.03,0.03000000000000006,0.01334426947345504,0.00638943663791517,0.0354961483140934,0.0104630033982398,0.4505,0.3865,0.010888474411045838,0.008629058445762467,0.012730769230769231,2000
primary,40,0.001,39,unbounded,0.05,0.050000000000000246,0.01740777412269096,0.0083351036926621,0.0354961483140934,0.0104630033982398,0.5945,0.533,0.011155962531310331,0.030457912203261474,0.012833333333333334,2000
primary,40,0.001,39,unbounded,0.1,0.10000000000000003,0.025292909410930767,0.012110624893415597,0.0354961483140934,0.0104630033982398,0.831,0.7755,0.00933005225065755,0.08145284801879966,0,2000
primary,40,0.001,39,unbounded,0.2,0.19999999999999982,0.037939364116396146,0.018165937340123395,0.0354961483140934,0.0104630033982398,0.993,0.988,0.0024347484469653133,0.18581834285586457,0,2000
primary,40,0.001,39,physical_bounds,0,0,0,0,0.0354961483140934,0.013762533240997188,0.171,0.051,0.004919298730510275,-0.023688891073575715,0.012756410256410257,2000
primary,40,0.001,39,physical_bounds,0.03,0.03003139750144142,0.01334426947345504,0.00638943663791517,0.0354961483140934,0.013762533240997188,0.4315,0.354,0.010693081875680181,0.006606626346936127,0.013153846153846153,2000
primary,40,0.001,39,physical_bounds,0.05,0.05002081925632833,0.01740777412269096,0.0083351036926621,0.0354961483140934,0.013762533240997188,0.581,0.483,0.011173875782377394,0.02698656038534066,0.012730769230769231,2000
primary,40,0.001,39,physical_bounds,0.1,0.09993114292801947,0.025292909410930767,0.012110624893415597,0.0354961483140934,0.013762533240997188,0.8295,0.757,0.009590385810800314,0.07598832469080448,0,2000
primary,40,0.001,39,physical_bounds,0.2,0.1999128276597745,0.037939364116396146,0.018165937340123395,0.0354961483140934,0.013762533240997188,0.989,0.9775,0.003316153645415119,0.1828976157284234,0,2000
primary,40,0.01,39,unbounded,0,0,0,0,0.035359684623668494,0.01295071417616922,0.162,0.0435,0.004561126505590478,-0.02304578298115573,0.01305128205128205,2000
primary,40,0.01,39,unbounded,0.03,0.030000000000000065,0.01329296790004886,0.00636487267408364,0.035359684623668494,0.01295071417616922,0.428,0.347,0.01064403588870312,0.007015735201480948,0.012846153846153846,2000
primary,40,0.01,39,unbounded,0.05,0.0500000000000001,0.017340850548959934,0.008303059680452377,0.035359684623668494,0.01295071417616922,0.579,0.5015,0.011180289575856253,0.02917406297982907,0.013025641025641025,2000
primary,40,0.01,39,unbounded,0.1,0.10000000000000013,0.025195671712652724,0.012064066023093008,0.035359684623668494,0.01295071417616922,0.8055,0.745,0.009746153087244218,0.0800669166659189,0.012461538461538461,2000
primary,40,0.01,39,unbounded,0.2,0.19999999999999973,0.03779350756897908,0.01809609903463951,0.035359684623668494,0.01295071417616922,0.9885,0.982,0.002972877394041,0.18710057248889436,0,2000
primary,40,0.01,39,physical_bounds,0,0,0,0,0.035359684623668494,0.014239839383526465,0.178,0.0555,0.005119558086397693,-0.022688811934425325,0.012525641025641026,2000
primary,40,0.01,39,physical_bounds,0.03,0.03003740289059259,0.01329296790004886,0.00636487267408364,0.035359684623668494,0.014239839383526465,0.454,0.3735,0.010816601823123564,0.010239965200615039,0.012564102564102564,2000
primary,40,0.01,39,physical_bounds,0.05,0.050030556157935745,0.017340850548959934,0.008303059680452377,0.035359684623668494,0.014239839383526465,0.581,0.492,0.011178908712392278,0.029008496086001215,0.012461538461538461,2000
primary,40,0.01,39,physical_bounds,0.1,0.09994563153030274,0.025195671712652724,0.012064066023093008,0.035359684623668494,0.014239839383526465,0.8305,0.7595,0.009556666521334729,0.0797949416827695,0.012474358974358975,2000
primary,40,0.01,39,physical_bounds,0.2,0.1999089777145437,0.03779350756897908,0.01809609903463951,0.035359684623668494,0.014239839383526465,0.99,0.9835,0.002848486440199423,0.18868344253962485,0,2000
primary,40,0.1,39,unbounded,0,0,0,0,0.034321999994188994,0.01554587572342403,0.1875,0.0435,0.004561126505590478,-0.018594128836149235,0.012807692307692308,2000
primary,40,0.1,39,unbounded,0.03,0.029999999999999877,0.012902865199279523,0.0061780856421068415,0.034321999994188994,0.01554587572342403,0.475,0.3885,0.01089880153961893,0.013445101815293702,0.013153846153846153,2000
primary,40,0.1,39,unbounded,0.05,0.05000000000000001,0.016831956471756764,0.008059393553343052,0.034321999994188994,0.01554587572342403,0.6425,0.524,0.011167452708652945,0.03459790444814875,0.012576923076923078,2000
primary,40,0.1,39,unbounded,0.1,0.09999999999999985,0.024456265760821053,0.011710027348415182,0.034321999994188994,0.01554587572342403,0.8685,0.794,0.009043340090917736,0.08515154039443498,0.01267948717948718,2000
primary,40,0.1,39,unbounded,0.2,0.20000000000000007,0.03668439864123158,0.01756504102262277,0.034321999994188994,0.01554587572342403,0.996,0.9905,0.0021690723823791537,0.19081813804430714,0,2000
primary,40,0.1,39,physical_bounds,0,0,0,0,0.034321999994188994,0.012003420315706337,0.1815,0.064,0.005472842040475863,-0.01918299422173057,0.012743589743589743,2000
primary,40,0.1,39,physical_bounds,0.03,0.03006840915749555,0.012902865199279523,0.0061780856421068415,0.034321999994188994,0.012003420315706337,0.4765,0.402,0.010963484847437881,0.013476521166529304,0.012897435897435897,2000
primary,40,0.1,39,physical_bounds,0.05,0.05008073897170144,0.016831956471756764,0.008059393553343052,0.034321999994188994,0.012003420315706337,0.637,0.5565,0.011108729675349921,0.03671378446141807,0.012705128205128206,2000
primary,40,0.1,39,physical_bounds,0.1,0.10003915729243497,0.024456265760821053,0.011710027348415182,0.034321999994188994,0.012003420315706337,0.8515,0.7885,0.00913147715323211,0.08466029257915293,0.013115384615384616,2000
primary,40,0.1,39,physical_bounds,0.2,0.19989042275737479,0.03668439864123158,0.01756504102262277,0.034321999994188994,0.012003420315706337,0.996,0.9905,0.0021690723823791537,0.18662772581144885,0,2000
speed,6,0.001,40,unbounded,0,0,0,0,0.13208411512536283,0.010743168680332205,0.14,0.052,0.004964675215963275,-0.028451064150582704,0,2000
speed,6,0.001,40,unbounded,0.03,0.030000000000000023,0.04913815687412926,0.023744706159046846,0.13208411512536283,0.010743168680332205,0.425,0.364,0.010758810343155975,0.007200167075082922,0,2000
speed,6,0.001,40,unbounded,0.05,0.05000000000000002,0.06410136855912303,0.0309752798569149,0.13208411512536283,0.010743168680332205,0.543,0.4805,0.011171834003421283,0.022983310578415492,0,2000
speed,6,0.001,40,unbounded,0.1,0.1,0.09313712923062424,0.045006038214727685,0.13208411512536283,0.010743168680332205,0.777,0.7375,0.009838540288071193,0.07723245954296348,0,2000
speed,6,0.001,40,unbounded,0.2,0.2,0.13970569384593634,0.06750905732209152,0.13208411512536283,0.010743168680332205,0.9705,0.9605,0.004355441998236229,0.18282670586636807,0,2000
speed,6,0.001,40,physical_bounds,0,0,0,0,0.13208411512536283,0.014004429834858612,0.152,0.05,0.004873397172404482,-0.027283590090000098,0,2000
speed,6,0.001,40,physical_bounds,0.03,0.030000000000000023,0.04913815687412926,0.023744706159046846,0.13208411512536283,0.014004429834858612,0.39,0.316,0.010395768369870502,0.002860037045668009,0,2000
speed,6,0.001,40,physical_bounds,0.05,0.05000000000000002,0.06410136855912303,0.0309752798569149,0.13208411512536283,0.014004429834858612,0.552,0.47,0.011160197130875422,0.02333596840344724,0,2000
speed,6,0.001,40,physical_bounds,0.1,0.1,0.09313712923062424,0.045006038214727685,0.13208411512536283,0.014004429834858612,0.778,0.7165,0.010077890404246318,0.07488794147096746,0,2000
speed,6,0.001,40,physical_bounds,0.2,0.2,0.13970569384593634,0.06750905732209152,0.13208411512536283,0.014004429834858612,0.9725,0.962,0.004275277768753747,0.18343760460011974,0,2000
speed,6,0.01,40,unbounded,0,0,0,0,0.13200872058372923,0.023244812803131065,0.1545,0.0395,0.00435544199823623,-0.0268605160808724,0,2000
speed,6,0.01,40,unbounded,0.03,0.030000000000000002,0.04911010846868149,0.023731152513815645,0.13200872058372923,0.023244812803131065,0.399,0.286,0.010104553429023966,0.003890567018435738,0,2000
speed,6,0.01,40,unbounded,0.05,0.05000000000000001,0.06406477904723498,0.03095759894937679,0.13200872058372923,0.023244812803131065,0.5605,0.416,0.011021433663548495,0.0250930267931667,0,2000
speed,6,0.01,40,unbounded,0.1,0.10000000000000003,0.0930839659023864,0.04498034845166478,0.13200872058372923,0.023244812803131065,0.7815,0.671,0.010506164856882837,0.07673513083199995,0,2000
speed,6,0.01,40,unbounded,0.2,0.20000000000000007,0.13962594885357962,0.06747052267749717,0.13200872058372923,0.023244812803131065,0.9655,0.9455,0.005075911248239078,0.18535348670733964,0,2000
speed,6,0.01,40,physical_bounds,0,0,0,0,0.13200872058372923,0.01800385646878,0.155,0.051,0.004919298730510275,-0.026650033068647515,0,2000
speed,6,0.01,40,physical_bounds,0.03,0.030000000000000002,0.04911010846868149,0.023731152513815645,0.13200872058372923,0.01800385646878,0.4,0.303,0.010275967107771414,0.0029351182493487587,0,2000
speed,6,0.01,40,physical_bounds,0.05,0.05000000000000001,0.06406477904723498,0.03095759894937679,0.13200872058372923,0.01800385646878,0.549,0.449,0.01112202769282652,0.025681470347904075,0,2000
speed,6,0.01,40,physical_bounds,0.1,0.10000000000000003,0.0930839659023864,0.04498034845166478,0.13200872058372923,0.01800385646878,0.774,0.7015,0.010232246820713425,0.07372200868215419,0,2000
speed,6,0.01,40,physical_bounds,0.2,0.20000000000000007,0.13962594885357962,0.06747052267749717,0.13200872058372923,0.01800385646878,0.965,0.9445,0.005119558086397692,0.18270978795878884,0,2000
speed,6,0.1,40,unbounded,0,0,0,0,0.13173926530877766,0.02603017883534753,0.184,0.043,0.004536022486716748,-0.022769743349463037,0,2000
speed,6,0.1,40,unbounded,0.03,0.03,0.049009865259582765,0.0236827126516819,0.13173926530877766,0.02603017883534753,0.4305,0.301,0.010256680749638257,0.008458180303675903,0,2000
speed,6,0.1,40,unbounded,0.05,0.05,0.06393401046939746,0.03089440851544289,0.13173926530877766,0.02603017883534753,0.551,0.4205,0.011038110119037587,0.026052953047769306,0,2000
speed,6,0.1,40,unbounded,0.1,0.10000000000000002,0.09289396356379166,0.044888534879759336,0.13173926530877766,0.02603017883534753,0.796,0.6905,0.010337063170939801,0.0803016008174381,0,2000
speed,6,0.1,40,unbounded,0.2,0.19999999999999996,0.13934094534568747,0.06733280231963899,0.13173926530877766,0.02603017883534753,0.9675,0.939,0.005351588549206677,0.18131974094865752,0,2000
speed,6,0.1,40,physical_bounds,0,0,0,0,0.13173926530877766,0.018540728606240564,0.17,0.058,0.0052266624149642565,-0.022436857937171397,0,2000
speed,6,0.1,40,physical_bounds,0.03,0.03,0.049009865259582765,0.0236827126516819,0.13173926530877766,0.018540728606240564,0.4275,0.33,0.01051427600931229,0.008354980075257996,0,2000
speed,6,0.1,40,physical_bounds,0.05,0.05,0.06393401046939746,0.03089440851544289,0.13173926530877766,0.018540728606240564,0.5605,0.4585,0.011141762652291602,0.02762926711440641,0,2000
speed,6,0.1,40,physical_bounds,0.1,0.10000000000000002,0.09289396356379166,0.044888534879759336,0.13173926530877766,0.018540728606240564,0.8005,0.714,0.010104553429023966,0.07953567551575871,0,2000
speed,6,0.1,40,physical_bounds,0.2,0.19999999999999996,0.13934094534568747,0.06733280231963899,0.13173926530877766,0.018540728606240564,0.971,0.9485,0.004942051699446293,0.18308785783942264,0,2000
speed,13,0.001,42,unbounded,0,0,0,0,0.1428207206198123,0.010588535805745258,0.1475,0.0545,0.005075911248239078,-0.022478945217831205,0,2000
speed,13,0.001,42,unbounded,0.03,0.02999999999999999,0.054187361174552924,0.025732775247683214,0.1428207206198123,0.010588535805745258,0.451,0.3715,0.010804807957571482,0.007967975560861916,0,2000
speed,13,0.001,42,unbounded,0.05,0.05000000000000001,0.07068812163211366,0.03356874199466094,0.1428207206198123,0.010588535805745258,0.583,0.5275,0.011163416815652813,0.02841707186331415,0,2000
speed,13,0.001,42,unbounded,0.1,0.1,0.1027074595676983,0.04877425133883902,0.1428207206198123,0.010588535805745258,0.832,0.785,0.009186266924055712,0.07856495360210722,0,2000
speed,13,0.001,42,unbounded,0.2,0.19999999999999998,0.15406118935154745,0.07316137700825852,0.1428207206198123,0.010588535805745258,0.982,0.9725,0.003656757443418962,0.18165454485184254,0,2000
speed,13,0.001,42,physical_bounds,0,0,0,0,0.1428207206198123,0.009660673350175064,0.144,0.041,0.004433903472111228,-0.023131658128223546,0,2000
speed,13,0.001,42,physical_bounds,0.03,0.02999999999999999,0.054187361174552924,0.025732775247683214,0.1428207206198123,0.009660673350175064,0.4425,0.3755,0.010828198141888613,0.007070859292361489,0,2000
speed,13,0.001,42,physical_bounds,0.05,0.05000000000000001,0.07068812163211366,0.03356874199466094,0.1428207206198123,0.009660673350175064,0.5915,0.5265,0.011164626057329463,0.027843694797248946,0,2000
speed,13,0.001,42,physical_bounds,0.1,0.1,0.1027074595676983,0.04877425133883902,0.1428207206198123,0.009660673350175064,0.833,0.79,0.00910768905925098,0.0802026815322295,0,2000
speed,13,0.001,42,physical_bounds,0.2,0.19999999999999998,0.15406118935154745,0.07316137700825852,0.1428207206198123,0.009660673350175064,0.977,0.97,0.003814446224552132,0.18585574468346328,0,2000
speed,13,0.01,42,unbounded,0,0,0,0,0.14268234202323124,0.012290410513532413,0.154,0.0465,0.004708383480558906,-0.022264841136454626,0,2000
speed,13,0.01,42,unbounded,0.03,0.030000000000000006,0.054134859191932866,0.02570784283374876,0.14268234202323124,0.012290410513532413,0.4495,0.3805,0.010856328799368596,0.008771734503163193,0,2000
speed,13,0.01,42,unbounded,0.05,0.05000000000000003,0.07061963210885715,0.03353621733447121,0.14268234202323124,0.012290410513532413,0.6185,0.5445,0.01113597211742199,0.03190150761843978,0,2000
speed,13,0.01,42,unbounded,0.1,0.10000000000000006,0.10260794659750948,0.048726994103192325,0.14268234202323124,0.012290410513532413,0.8275,0.772,0.009381257911389069,0.0783315508785627,0,2000
speed,13,0.01,42,unbounded,0.2,0.20000000000000012,0.1539119198962642,0.07309049115478848,0.14268234202323124,0.012290410513532413,0.9755,0.9645,0.0041376170678302255,0.18173759446694196,0,2000
speed,13,0.01,42,physical_bounds,0,0,0,0,0.14268234202323124,0.015915905046667844,0.1545,0.044,0.0045860658521220555,-0.022229998231007894,0,2000
speed,13,0.01,42,physical_bounds,0.03,0.030000000000000006,0.054134859191932866,0.02570784283374876,0.14268234202323124,0.015915905046667844,0.4575,0.3645,0.010761964272380763,0.0091074232542339,0,2000
speed,13,0.01,42,physical_bounds,0.05,0.05000000000000003,0.07061963210885715,0.03353621733447121,0.14268234202323124,0.015915905046667844,0.589,0.493,0.01117924416049672,0.028554974973945615,0,2000
speed,13,0.01,42,physical_bounds,0.1,0.10000000000000006,0.10260794659750948,0.048726994103192325,0.14268234202323124,0.015915905046667844,0.8095,0.7345,0.009874455681200862,0.07908375789986104,0,2000
speed,13,0.01,42,physical_bounds,0.2,0.20000000000000012,0.1539119198962642,0.07309049115478848,0.14268234202323124,0.015915905046667844,0.98,0.967,0.003994433626936366,0.1855749245649066,0,2000
speed,13,0.1,42,unbounded,0,0,0,0,0.14192541386844562,0.01620367237303133,0.159,0.0385,0.004302194207610809,-0.019925942392013708,0,2000
speed,13,0.1,42,unbounded,0.03,0.02999999999999998,0.05384767439739776,0.02557146302834509,0.14192541386844562,0.01620367237303133,0.47,0.3795,0.010850800661702343,0.01164980373100624,0,2000
speed,13,0.1,42,unbounded,0.05,0.05000000000000001,0.07024499578690012,0.03335830809394768,0.14192541386844562,0.01620367237303133,0.5975,0.5115,0.01117738229640554,0.030362918553753768,0,2000
speed,13,0.1,42,unbounded,0.1,0.10000000000000002,0.10206361264151266,0.04846849796967095,0.14192541386844562,0.01620367237303133,0.8335,0.7585,0.009570207677997381,0.08095613283210346,0,2000
speed,13,0.1,42,unbounded,0.2,0.2,0.153095418962269,0.07270274695450642,0.14192541386844562,0.01620367237303133,0.987,0.973,0.0036242930345103184,0.1846538777006861,0,2000
speed,13,0.1,42,physical_bounds,0,0,0,0,0.14192541386844562,0.010746803128506621,0.164,0.0585,0.0052477495176503994,-0.019244605052730884,0,2000
speed,13,0.1,42,physical_bounds,0.03,0.02999999999999998,0.05384767439739776,0.02557146302834509,0.14192541386844562,0.010746803128506621,0.4655,0.396,0.010935812726999306,0.011719179889106673,0,2000
speed,13,0.1,42,physical_bounds,0.05,0.05000000000000001,0.07024499578690012,0.03335830809394768,0.14192541386844562,0.010746803128506621,0.6115,0.5395,0.011145397031958978,0.03138184338497001,0,2000
speed,13,0.1,42,physical_bounds,0.1,0.10000000000000002,0.10206361264151266,0.04846849796967095,0.14192541386844562,0.010746803128506621,0.83,0.784,0.00920173896608679,0.07993039244142117,0,2000
speed,13,0.1,42,physical_bounds,0.2,0.2,0.153095418962269,0.07270274695450642,0.14192541386844562,0.010746803128506621,0.981,0.973,0.0036242930345103184,0.18284381640691819,0,2000
