donor,lineage,duration,early_doubling_hours,late_doubling_hours,log_doubling_ratio,unweighted_distance,esl_distance,n_sites,n_esl
HC1,HC1_sp3_Normal_Control_ox21,48.875,43.12616691,71.1833471,0.5011289682486277,0.03667127355406392,0.0030772904941176473,1528,85
HC1,HC1_sp3_Normal_Control_ox3,56.125,36.96437551,100.6170926,1.0013675250164364,0.03327634559106213,0.003445708082352941,1527,85
HC2,HC2_sp3_Normal_Control_ox21,48.875,32.45469379,33.50754644,0.03192560079687398,0.045793974748621784,0.0024680312705882344,1529,85
HC2,HC2_sp3_Normal_Control_ox3,56.125,34.28657023,35.90265624,0.046057543712531714,0.042014215806857436,0.0020663793647058815,1528,85
HC4,HC4_sp3_Normal_Control_ox21,41.95833333,38.48489568,52.99764138,0.3199815659816022,0.06737333958672094,0.004787176341176472,1528,85
HC4,HC4_sp3_Normal_Control_ox3,56.125,31.27528253,51.54691922,0.4996643556833147,0.05720341544062453,0.0032795579058823537,1529,85
HC5,HC5_sp1_Normal_Control_ox21,113.041666667,33.09934214,1021.092614,3.429115115898523,0.08317817336161487,0.005426727329411765,1530,85
HC6,HC6_sp1_Normal_Control_ox21,70.3125,31.19780666,208.2418816,1.8983525033881476,0.05537203525267387,0.005170276776470589,1529,85
SURF1_1,SURF1_1_sp2_SURF1_Mutation_Control_ox21,88.7916667,54.32049652,399.58047,1.995513547849481,0.05117045709219283,0.0029154731294117656,1526,85
SURF1_2,SURF1_2_sp2_SURF1_Mutation_Control_ox21,143.708333333,55.50526083,1685.26185,3.4131984253166565,0.06438898501398804,0.004131165188235296,1530,85
SURF1_3,SURF1_3_sp2_SURF1_Mutation_Control_ox21,80.166666663,42.74982185,323.0688378,2.0225003925170038,0.045241269574306034,0.005515568917647059,1530,85
