held_out_donor,n,penalty,unweighted_mse_gain_vs_time,esl_mse_gain_vs_time,combined_mse_gain_vs_time
HC1,2,0.001,-0.06992203196949023,-0.003175960090809213,-0.06928704497565169
HC1,2,0.01,-0.033389398248639054,0.000019200472698582133,-0.03353171407027154
HC1,2,0.1,0.09953932669463483,0.00058867698741355,0.09995541662847313
HC2,2,0.001,-0.009946309270711051,0.053106013770600535,0.04226158301071292
HC2,2,0.01,0.09993569556403448,0.00882281277604191,0.10759538312718875
HC2,2,0.1,0.13003732738706208,0.002117745959874906,0.13190754234699886
HC4,2,0.001,-0.35331141397491983,0.013226065079009364,-0.3777869012238111
HC4,2,0.01,-0.2980581080890212,0.0008277918338797652,-0.2988317899444094
HC4,2,0.1,-0.19987293376035187,-0.00017023719787845337,-0.200007337982956
HC5,1,0.001,-0.02983022440295935,0.01967397334581522,-0.033904414112520764
HC5,1,0.01,0.11501850020608106,0.005909575986472904,0.11811058027225141
HC5,1,0.1,0.19028058881520593,0.0019529875566615118,0.19200097717204834
HC6,1,0.001,-0.06461812368436892,0.02778179635597991,-0.03177437402136518
HC6,1,0.01,-0.043274731718434434,0.004507723712516232,-0.038790949097590066
HC6,1,0.1,0.003157144403098333,0.0007822692148679034,0.0038769892003941153
SURF1_1,1,0.001,0.033212433273569375,-0.028420677121355403,0.00201622655962852
SURF1_1,1,0.01,0.013581338498937452,-0.0023404469503912548,0.01163431171432646
SURF1_1,1,0.1,-0.0031419479224629107,-0.00010572740977553199,-0.0032813967716046853
SURF1_2,1,0.001,0.06268317585942174,0.08417532539610462,0.13246606238373282
SURF1_2,1,0.01,0.08924489289846083,0.007094756684493109,0.09477239982769015
SURF1_2,1,0.1,0.032109068560146836,-0.00048717799774566917,0.03164028201200075
SURF1_3,1,0.001,-0.0982764535388467,0.040336101827229714,-0.051275306354638645
SURF1_3,1,0.01,-0.10060663274309536,0.005265877398797053,-0.09463118498387404
SURF1_3,1,0.1,-0.04915582484407632,0.0006912993328594824,-0.04836234315759805
