donor,lineage,contrast_absolute_change,matched_q_weight
HC1,HC1_sp2_Normal_Control_ox21,-0.01726421906068237,23224
HC1,HC1_sp3_Normal_Control_ox21,-0.005862152315733112,23224
HC1,HC1_sp3_Normal_Control_ox3,-0.006442162369638628,23222
HC1,HC1_sp4_Normal_Control_ox21,-0.011689542805892046,23225
HC2,HC2_sp2_Normal_Control_ox21,-0.01661419720590344,23224
HC2,HC2_sp3_Normal_Control_ox21,-0.008838158656451,23225
HC2,HC2_sp3_Normal_Control_ox3,-0.005546069297295246,23225
HC2,HC2_sp4_Normal_Control_ox21,-0.008216467323491993,23225
HC3,HC3_sp2_Normal_Control_ox21,-0.012999342888735787,23225
HC4,HC4_sp3_Normal_Control_ox21,-0.010348867654365058,23223
HC4,HC4_sp3_Normal_Control_ox3,-0.009361644346281292,23223
HC5,HC5_sp1_Normal_Control_ox21,-0.011536672887634138,23225
HC6,HC6_sp1_Normal_Control_ox21,-0.008639098191793558,23225
SURF1_1,SURF1_1_sp2_SURF1_Mutation_Control_ox21,-0.00974701170986659,23223
SURF1_2,SURF1_2_sp2_SURF1_Mutation_Control_ox21,-0.010659099826607342,23225
SURF1_3,SURF1_3_sp2_SURF1_Mutation_Control_ox21,-0.007962635357432761,23225
