donor,lineage,treatment,time_start,time_end,cpg_pairs,mean_change,rms_change,mean_absolute_change
HC1,HC1_sp2_Normal_5-azacytidine+mitoNUITs_ox21,5-azacytidine+mitoNUITs,63.04166667,229.75,863552,-0.029181510120836824,0.12802346715989157,0.07594894742957595
HC1,HC1_sp2_Normal_5-azacytidine_ox21,5-azacytidine,63.04166667,210.8333333,864688,0.013795393434987011,0.11819509466173554,0.06891480607563018
HC1,HC1_sp2_Normal_Control_ox21,Control,0,265,864367,-0.009969431517029715,0.1845733802175923,0.10399160285386921
HC1,HC1_sp2_Normal_DEX_ox21,DEX,27.04166667,265,864258,-0.010581777830412689,0.12011049509376365,0.06925798255693401
HC1,HC1_sp2_Normal_Oligomycin+DEX_ox21,Oligomycin+DEX,27.04166667,58.04166667,864570,-0.008398152686387895,0.051230444462171836,0.03109838260469634
HC1,HC1_sp2_Normal_Oligomycin_ox21,Oligomycin,27.04166667,102.9583333,863921,-0.04156911024985806,0.10607461255365778,0.0624606995346631
HC1,HC1_sp2_Normal_mitoNUITs+DEX_ox21,mitoNUITs+DEX,27.04166667,188.2916667,864800,-0.010771194869411754,0.09827542359782182,0.056347509748079394
HC1,HC1_sp2_Normal_mitoNUITs_ox21,mitoNUITs,27.04166667,210.8333333,864605,-0.014548395331787107,0.11048114438045256,0.06327748872743158
HC1,HC1_sp3_Normal_Contact_Inhibition_ox21,Contact_Inhibition,21.49166667,141.575,864186,0.032749521196371464,0.07756596771859875,0.04163158516444281
HC1,HC1_sp3_Normal_Contact_Inhibition_ox3,Contact_Inhibition,21.49166667,141.575,865235,-0.006311112622634248,0.056376593502845615,0.031165561009069122
HC1,HC1_sp3_Normal_Control_ox21,Control,20.375,69.25,864994,-0.019535631205897068,0.07518462831367001,0.04205829534044807
HC1,HC1_sp3_Normal_Control_ox3,Control,13.25,69.375,864429,-0.007549127480669389,0.06825942843148455,0.03878249774719958
HC1,HC1_sp3_Normal_DEX_ox21,DEX,20.40833333,69.28333333,864351,-0.015730801025566725,0.08456725938555547,0.04811248712638514
HC1,HC1_sp3_Normal_DEX_ox3,DEX,20.45833333,69.375,863995,-0.012453080383090146,0.1322275820505395,0.07465549067008594
HC1,HC1_sp4_Normal_2-Deoxyglucose_ox21,2-Deoxyglucose,15.88055556,57.95347222,864942,-0.007524878533606271,0.046100325135155794,0.027866273368237413
HC1,HC1_sp4_Normal_Control_ox21,Control,7.2,57.92916667,863741,-0.014717533035274717,0.09463597415256483,0.05434831313931417
HC1,HC1_sp4_Normal_Galactose_ox21,Galactose,15.88055556,57.94305556,864185,-0.0067602931192492915,0.07794933550426482,0.0462240625643122
HC1,HC1_sp4_Normal_betahydroxybutyrate_ox21,betahydroxybutyrate,15.88055556,57.96736111,864910,-0.010441488705768468,0.0722874877574524,0.041316931165805634
HC2,HC2_sp2_Normal_5-azacytidine+mitoNUITs_ox21,5-azacytidine+mitoNUITs,63.125,151.1666667,864315,0.002993136765869395,0.07490672518457638,0.04529469535777598
HC2,HC2_sp2_Normal_5-azacytidine_ox21,5-azacytidine,63.125,189.375,863980,0.022595990359512163,0.12309245967740785,0.07665907950538024
HC2,HC2_sp2_Normal_Control_ox21,Control,0,189.375,864090,-0.027383643046431354,0.1762327238132763,0.10135138560292432
HC2,HC2_sp2_Normal_DEX_ox21,DEX,27.91666667,265.3333333,863620,-0.015999082192721566,0.1470997062361206,0.08622715525811148
HC2,HC2_sp2_Normal_Oligomycin_ox21,Oligomycin,27.91666667,211.1666667,864578,-0.028537850200495988,0.13427875397139918,0.08017004056548438
HC2,HC2_sp2_Normal_mitoNUITs+DEX_ox21,mitoNUITs+DEX,27.91666667,265.3333333,864349,-0.048240163362582654,0.18385902603731824,0.11236958763635786
HC2,HC2_sp2_Normal_mitoNUITs_ox21,mitoNUITs,27.91666667,103.25,864679,-0.04324343813557836,0.18562644331181966,0.10909134957724623
HC2,HC2_sp3_Normal_Contact_Inhibition_ox21,Contact_Inhibition,22.29166667,142.375,864338,-0.012924552153401006,0.05176029517598384,0.031155626714750074
HC2,HC2_sp3_Normal_Contact_Inhibition_ox3,Contact_Inhibition,22.29166667,142.375,864411,-0.0046746806900995795,0.06678147128819452,0.03754798252206613
HC2,HC2_sp3_Normal_Control_ox21,Control,21.25,70.125,864782,-0.01477425290822236,0.091298030472964,0.052638702531294296
HC2,HC2_sp3_Normal_Control_ox3,Control,14.125,70.25,864900,-0.018405772443670733,0.08371128319421728,0.047509667649552376
HC2,HC2_sp3_Normal_DEX_ox21,DEX,21.20833333,70.08333333,864759,-0.011734523205477307,0.07931738972663059,0.04558521278318904
HC2,HC2_sp3_Normal_DEX_ox3,DEX,21.33333333,70.25,864645,-0.019015190055621276,0.09404138285823203,0.055365573453260104
HC2,HC2_sp4_Normal_2-Deoxyglucose_ox21,2-Deoxyglucose,16.68055556,58.75347222,864534,-0.009412155364317346,0.05951621464350962,0.033996775805050936
HC2,HC2_sp4_Normal_Control_ox21,Control,8,58.72916667,864230,-0.0280195157031835,0.11123359493485789,0.06208108538056017
HC2,HC2_sp4_Normal_Galactose_ox21,Galactose,16.68055556,58.74305556,863593,-0.016519119005409994,0.07637933753370398,0.0444020205683313
HC2,HC2_sp4_Normal_betahydroxybutyrate_ox21,betahydroxybutyrate,16.68055556,58.76736111,864099,-0.0035301809598640567,0.07958220123715411,0.04867627299477239
HC3,HC3_sp2_Normal_Control_ox21,Control,3.083333333,258.9583333,864730,-0.016197020012556986,0.1696480558721717,0.09605468224053539
HC3,HC3_sp2_Normal_DEX_ox21,DEX,28.08333333,90.16666667,864100,-0.005194473872829695,0.14522893930466432,0.08045225515053334
HC3,HC3_sp2_Normal_Oligomycin_ox21,Oligomycin,28.08333333,105.0416667,864787,-0.011722001833417832,0.15161027079445175,0.08253674340357507
HC3,HC3_sp2_Normal_mitoNUITs+DEX_ox21,mitoNUITs+DEX,28.08333333,74.95833333,865194,-0.0027190530199471693,0.12768401132062784,0.0683795052432619
HC3,HC3_sp2_Normal_mitoNUITs_ox21,mitoNUITs,28.08333333,105.0416667,864371,-0.013329170115470412,0.14429673273341584,0.07807222502461178
HC4,HC4_sp3_Normal_Contact_Inhibition_ox21,Contact_Inhibition,14.29166667,134.375,864640,-0.010256962304926183,0.0830184626410388,0.04733944096503704
HC4,HC4_sp3_Normal_Contact_Inhibition_ox3,Contact_Inhibition,14.29166667,134.375,864821,0.0033925641860354057,0.05426817656224441,0.032639624124828064
HC4,HC4_sp3_Normal_Control_ox21,Control,20.375,62.33333333,865025,-0.022660598953204852,0.12015367751569281,0.07382711704440346
HC4,HC4_sp3_Normal_Control_ox3,Control,13.25,69.375,864970,-0.021294199381074953,0.10996866512443365,0.06563733339723671
HC4,HC4_sp3_Normal_DEX_ox21,DEX,20.375,69.25,864547,0.0004909148164211249,0.09513705411887487,0.05510655530559592
HC4,HC4_sp3_Normal_DEX_ox3,DEX,20.45833333,69.375,863403,0.00019127850658060005,0.12163177866355057,0.06776911435252324
HC5,HC5_sp1_Normal_Control_ox21,Control,3.895833333,116.9375,864921,-0.023914167232478065,0.15770374868392684,0.09127109703404879
HC5,HC5_sp1_Normal_DEX_ox21,DEX,24.85416667,131.1041667,865061,0.022712260711920902,0.13005987207160263,0.07366534515060977
HC5,HC5_sp1_Normal_MitoQ+DEX_ox21,MitoQ+DEX,24.85416667,116.9375,865149,0.012301111241570808,0.10849170336716384,0.062009290776356245
HC5,HC5_sp1_Normal_MitoQ_ox21,MitoQ,24.85416667,116.9375,864245,-0.009931699384091984,0.1361348395255548,0.07663205074495083
HC5,HC5_sp1_Normal_NAC+DEX_ox21,NAC+DEX,24.85416667,84.10416667,864777,0.0050822237484064855,0.06279304017422178,0.03792309490248746
HC5,HC5_sp1_Normal_NAC_ox21,NAC,24.85416667,84.10416667,865115,-0.006039274886971808,0.13877419981656242,0.07779327630550505
HC5,HC5_sp1_Normal_Pulsated_DEX_ox21,Pulsated_DEX,24.85416667,84.10416667,864072,-0.023078387647279423,0.14884015469793474,0.08349938228934863
HC5,HC5_sp1_Normal_a-ketogluturate_ox21,a-ketogluturate,24.85416667,124.3125,863784,-0.0034255803296331403,0.13063223937908827,0.07412384222039319
HC5,HC5_sp2_Normal_Contact_Inhibition_Regrowth_ox21,Contact_Inhibition_Regrowth,96.875,208.8333333,864961,-0.015350445217707903,0.11284247038244088,0.06540021266403433
HC5,HC5_sp2_Normal_Contact_Inhibition_ox21,Contact_Inhibition,11,134.0416667,865211,0.023845195252812874,0.09499655491805166,0.057429536519647516
HC6,HC6_sp1_Normal_Control_ox21,Control,4,74.3125,863669,-0.024922175646209233,0.10632856610775064,0.06161556798075309
HC6,HC6_sp1_Normal_MitoQ_ox21,MitoQ,27.22916667,74.3125,864651,0.008359650835152384,0.055043340617920884,0.03154299499443136
HC6,HC6_sp1_Normal_NAC_ox21,NAC,27.22916667,47.08333333,864498,0.000007498116540470945,0.040604905150441115,0.024420716898303045
HC6,HC6_sp1_Normal_Pulsated_DEX_ox21,Pulsated_DEX,27.22916667,47.08333333,864400,-0.004644098363152954,0.048381675330135626,0.029465911214496408
HC6,HC6_sp1_Normal_a-ketogluturate_ox21,a-ketogluturate,27.22916667,74.3125,864275,-0.014332539121264438,0.06127430771870324,0.034571255391375816
SURF1_1,SURF1_1_sp2_SURF1_Mutation_Control_ox21,Control,16.25,105.0416667,864721,-0.007125383272730614,0.0942915099347979,0.055750071289093935
SURF1_1,SURF1_1_sp2_SURF1_Mutation_DEX_ox21,DEX,28.08333333,105.0416667,864523,-0.0056577689143285205,0.09892336011134983,0.05823212778339831
SURF1_2,SURF1_2_sp2_SURF1_Mutation_Control_ox21,Control,8.041666667,151.75,865099,-0.026946528273000796,0.1140647601578997,0.0688673941269933
SURF1_2,SURF1_2_sp2_SURF1_Mutation_DEX_ox21,DEX,26.08333333,115.9166667,864408,-0.014745235626296874,0.10675133583057207,0.06066051995056527
SURF1_3,SURF1_3_sp2_SURF1_Mutation_Control_ox21,Control,8.041666667,88.20833333,864599,-0.002828350524243775,0.08535303565700414,0.05105117993267957
SURF1_3,SURF1_3_sp2_SURF1_Mutation_DEX_ox21,DEX,27.91666667,122.0416667,864616,0.008123207885337838,0.07584308754291028,0.04329084674922854
