accession,key,donor,lineage,time,treatment,sex,batch
,Individual_1_1997,1,1,0,unadjusted_whole_blood,,
,Individual_2_1997,2,2,0,unadjusted_whole_blood,,
,Individual_3_1997,3,3,0,unadjusted_whole_blood,,
,Individual_4_1997,4,4,0,unadjusted_whole_blood,,
,Individual_5_1997,5,5,0,unadjusted_whole_blood,,
,Individual_6_1997,6,6,0,unadjusted_whole_blood,,
,Individual_1_2007,1,1,10,unadjusted_whole_blood,,
,Individual_2_2007,2,2,10,unadjusted_whole_blood,,
,Individual_3_2007,3,3,10,unadjusted_whole_blood,,
,Individual_4_2007,4,4,10,unadjusted_whole_blood,,
,Individual_5_2007,5,5,10,unadjusted_whole_blood,,
,Individual_6_2007,6,6,10,unadjusted_whole_blood,,
,Individual_7_1997,7,7,0,unadjusted_whole_blood,,
,Individual_8_1997,8,8,0,unadjusted_whole_blood,,
,Individual_9_1997,9,9,0,unadjusted_whole_blood,,
,Individual_10_1997,10,10,0,unadjusted_whole_blood,,
,Individual_11_1997,11,11,0,unadjusted_whole_blood,,
,Individual_12_1997,12,12,0,unadjusted_whole_blood,,
,Individual_7_2007,7,7,10,unadjusted_whole_blood,,
,Individual_8_2007,8,8,10,unadjusted_whole_blood,,
,Individual_9_2007,9,9,10,unadjusted_whole_blood,,
,Individual_10_2007,10,10,10,unadjusted_whole_blood,,
,Individual_11_2007,11,11,10,unadjusted_whole_blood,,
,Individual_12_2007,12,12,10,unadjusted_whole_blood,,
,Individual_13_1997,13,13,0,unadjusted_whole_blood,,
,Individual_14_1997,14,14,0,unadjusted_whole_blood,,
,Individual_15_1997,15,15,0,unadjusted_whole_blood,,
,Individual_16_1997,16,16,0,unadjusted_whole_blood,,
,Individual_17_1997,17,17,0,unadjusted_whole_blood,,
,Individual_18_1997,18,18,0,unadjusted_whole_blood,,
,Individual_13_2007,13,13,10,unadjusted_whole_blood,,
,Individual_14_2007,14,14,10,unadjusted_whole_blood,,
,Individual_15_2007,15,15,10,unadjusted_whole_blood,,
,Individual_16_2007,16,16,10,unadjusted_whole_blood,,
,Individual_17_2007,17,17,10,unadjusted_whole_blood,,
,Individual_18_2007,18,18,10,unadjusted_whole_blood,,
,Individual_19_1997,19,19,0,unadjusted_whole_blood,,
,Individual_20_1997,20,20,0,unadjusted_whole_blood,,
,Individual_21_1997,21,21,0,unadjusted_whole_blood,,
,Individual_22_1997,22,22,0,unadjusted_whole_blood,,
,Individual_23_1997,23,23,0,unadjusted_whole_blood,,
,Individual_24_1997,24,24,0,unadjusted_whole_blood,,
,Individual_19_2007,19,19,10,unadjusted_whole_blood,,
,Individual_20_2007,20,20,10,unadjusted_whole_blood,,
,Individual_21_2007,21,21,10,unadjusted_whole_blood,,
,Individual_22_2007,22,22,10,unadjusted_whole_blood,,
,Individual_23_2007,23,23,10,unadjusted_whole_blood,,
,Individual_24_2007,24,24,10,unadjusted_whole_blood,,
,Individual_25_1997,25,25,0,unadjusted_whole_blood,,
,Individual_26_1997,26,26,0,unadjusted_whole_blood,,
,Individual_27_1997,27,27,0,unadjusted_whole_blood,,
,Individual_28_1997,28,28,0,unadjusted_whole_blood,,
,Individual_29_1997,29,29,0,unadjusted_whole_blood,,
,Individual_30_1997,30,30,0,unadjusted_whole_blood,,
,Individual_25_2007,25,25,10,unadjusted_whole_blood,,
,Individual_26_2007,26,26,10,unadjusted_whole_blood,,
,Individual_27_2007,27,27,10,unadjusted_whole_blood,,
,Individual_28_2007,28,28,10,unadjusted_whole_blood,,
,Individual_29_2007,29,29,10,unadjusted_whole_blood,,
,Individual_30_2007,30,30,10,unadjusted_whole_blood,,
,Individual_31_1997,31,31,0,unadjusted_whole_blood,,
,Individual_32_1997,32,32,0,unadjusted_whole_blood,,
,Individual_33_1997,33,33,0,unadjusted_whole_blood,,
,Individual_34_1997,34,34,0,unadjusted_whole_blood,,
,Individual_35_1997,35,35,0,unadjusted_whole_blood,,
,Individual_36_1997,36,36,0,unadjusted_whole_blood,,
,Individual_31_2007,31,31,10,unadjusted_whole_blood,,
,Individual_32_2007,32,32,10,unadjusted_whole_blood,,
,Individual_33_2007,33,33,10,unadjusted_whole_blood,,
,Individual_34_2007,34,34,10,unadjusted_whole_blood,,
,Individual_35_2007,35,35,10,unadjusted_whole_blood,,
,Individual_36_2007,36,36,10,unadjusted_whole_blood,,
,Individual_37_1997,37,37,0,unadjusted_whole_blood,,
,Individual_38_1997,38,38,0,unadjusted_whole_blood,,
,Individual_39_1997,39,39,0,unadjusted_whole_blood,,
,Individual_40_1997,40,40,0,unadjusted_whole_blood,,
,Individual_41_1997,41,41,0,unadjusted_whole_blood,,
,Individual_42_1997,42,42,0,unadjusted_whole_blood,,
,Individual_37_2007,37,37,10,unadjusted_whole_blood,,
,Individual_38_2007,38,38,10,unadjusted_whole_blood,,
,Individual_39_2007,39,39,10,unadjusted_whole_blood,,
,Individual_40_2007,40,40,10,unadjusted_whole_blood,,
,Individual_41_2007,41,41,10,unadjusted_whole_blood,,
,Individual_42_2007,42,42,10,unadjusted_whole_blood,,
,Individual_43_1997,43,43,0,unadjusted_whole_blood,,
,Individual_44_1997,44,44,0,unadjusted_whole_blood,,
,Individual_45_1997,45,45,0,unadjusted_whole_blood,,
,Individual_46_1997,46,46,0,unadjusted_whole_blood,,
,Individual_47_1997,47,47,0,unadjusted_whole_blood,,
,Individual_48_1997,48,48,0,unadjusted_whole_blood,,
,Individual_43_2007,43,43,10,unadjusted_whole_blood,,
,Individual_44_2007,44,44,10,unadjusted_whole_blood,,
,Individual_45_2007,45,45,10,unadjusted_whole_blood,,
,Individual_46_2007,46,46,10,unadjusted_whole_blood,,
,Individual_47_2007,47,47,10,unadjusted_whole_blood,,
,Individual_48_2007,48,48,10,unadjusted_whole_blood,,
,Individual_49_1997,49,49,0,unadjusted_whole_blood,,
,Individual_50_1997,50,50,0,unadjusted_whole_blood,,
,Individual_51_1997,51,51,0,unadjusted_whole_blood,,
,Individual_52_1997,52,52,0,unadjusted_whole_blood,,
,Individual_53_1997,53,53,0,unadjusted_whole_blood,,
,Individual_54_1997,54,54,0,unadjusted_whole_blood,,
,Individual_49_2007,49,49,10,unadjusted_whole_blood,,
,Individual_50_2007,50,50,10,unadjusted_whole_blood,,
,Individual_51_2007,51,51,10,unadjusted_whole_blood,,
,Individual_52_2007,52,52,10,unadjusted_whole_blood,,
,Individual_53_2007,53,53,10,unadjusted_whole_blood,,
,Individual_54_2007,54,54,10,unadjusted_whole_blood,,
,Individual_55_1997,55,55,0,unadjusted_whole_blood,,
,Individual_56_1997,56,56,0,unadjusted_whole_blood,,
,Individual_57_1997,57,57,0,unadjusted_whole_blood,,
,Individual_58_1997,58,58,0,unadjusted_whole_blood,,
,Individual_59_1997,59,59,0,unadjusted_whole_blood,,
,Individual_60_1997,60,60,0,unadjusted_whole_blood,,
,Individual_55_2007,55,55,10,unadjusted_whole_blood,,
,Individual_56_2007,56,56,10,unadjusted_whole_blood,,
,Individual_57_2007,57,57,10,unadjusted_whole_blood,,
,Individual_58_2007,58,58,10,unadjusted_whole_blood,,
,Individual_59_2007,59,59,10,unadjusted_whole_blood,,
,Individual_60_2007,60,60,10,unadjusted_whole_blood,,
,Individual_61_1997,61,61,0,unadjusted_whole_blood,,
,Individual_62_1997,62,62,0,unadjusted_whole_blood,,
,Individual_63_1997,63,63,0,unadjusted_whole_blood,,
,Individual_64_1997,64,64,0,unadjusted_whole_blood,,
,Individual_65_1997,65,65,0,unadjusted_whole_blood,,
,Individual_66_1997,66,66,0,unadjusted_whole_blood,,
,Individual_61_2007,61,61,10,unadjusted_whole_blood,,
,Individual_62_2007,62,62,10,unadjusted_whole_blood,,
,Individual_63_2007,63,63,10,unadjusted_whole_blood,,
,Individual_64_2007,64,64,10,unadjusted_whole_blood,,
,Individual_65_2007,65,65,10,unadjusted_whole_blood,,
,Individual_66_2007,66,66,10,unadjusted_whole_blood,,
,Individual_67_1997,67,67,0,unadjusted_whole_blood,,
,Individual_68_1997,68,68,0,unadjusted_whole_blood,,
,Individual_69_1997,69,69,0,unadjusted_whole_blood,,
,Individual_70_1997,70,70,0,unadjusted_whole_blood,,
,Individual_71_1997,71,71,0,unadjusted_whole_blood,,
,Individual_72_1997,72,72,0,unadjusted_whole_blood,,
,Individual_67_2007,67,67,10,unadjusted_whole_blood,,
,Individual_68_2007,68,68,10,unadjusted_whole_blood,,
,Individual_69_2007,69,69,10,unadjusted_whole_blood,,
,Individual_70_2007,70,70,10,unadjusted_whole_blood,,
,Individual_71_2007,71,71,10,unadjusted_whole_blood,,
,Individual_72_2007,72,72,10,unadjusted_whole_blood,,
,Individual_73_1997,73,73,0,unadjusted_whole_blood,,
,Individual_74_1997,74,74,0,unadjusted_whole_blood,,
,Individual_75_1997,75,75,0,unadjusted_whole_blood,,
,Individual_76_1997,76,76,0,unadjusted_whole_blood,,
,Individual_77_1997,77,77,0,unadjusted_whole_blood,,
,Individual_78_1997,78,78,0,unadjusted_whole_blood,,
,Individual_73_2007,73,73,10,unadjusted_whole_blood,,
,Individual_74_2007,74,74,10,unadjusted_whole_blood,,
,Individual_75_2007,75,75,10,unadjusted_whole_blood,,
,Individual_76_2007,76,76,10,unadjusted_whole_blood,,
,Individual_77_2007,77,77,10,unadjusted_whole_blood,,
,Individual_78_2007,78,78,10,unadjusted_whole_blood,,
,Individual_79_1997-1,79,79,0,unadjusted_whole_blood,,
,Individual_80_1997-1,80,80,0,unadjusted_whole_blood,,
,Individual_81_1997-1,81,81,0,unadjusted_whole_blood,,
,Individual_82_1997-1,82,82,0,unadjusted_whole_blood,,
,Individual_83_1997,83,83,0,unadjusted_whole_blood,,
,Individual_84_1997,84,84,0,unadjusted_whole_blood,,
,Individual_79_2007-1,79,79,10,unadjusted_whole_blood,,
,Individual_80_2007-1,80,80,10,unadjusted_whole_blood,,
,Individual_81_2007-1,81,81,10,unadjusted_whole_blood,,
,Individual_82_2007-1,82,82,10,unadjusted_whole_blood,,
,Individual_83_2007,83,83,10,unadjusted_whole_blood,,
,Individual_84_2007,84,84,10,unadjusted_whole_blood,,
,Individual_79_2007-2,79,79,10,unadjusted_whole_blood,,
,Individual_79_1997-2,79,79,0,unadjusted_whole_blood,,
,Individual_82_2007-2,82,82,10,unadjusted_whole_blood,,
,Individual_82_1997-2,82,82,0,unadjusted_whole_blood,,
,Individual_85_1997,85,85,0,unadjusted_whole_blood,,
,Individual_86_1997,86,86,0,unadjusted_whole_blood,,
,Individual_80_2007-2,80,80,10,unadjusted_whole_blood,,
,Individual_80_1997-2,80,80,0,unadjusted_whole_blood,,
,Individual_81_2007-2,81,81,10,unadjusted_whole_blood,,
,Individual_81_1997-2,81,81,0,unadjusted_whole_blood,,
,Individual_85_2007,85,85,10,unadjusted_whole_blood,,
,Individual_86_2007,86,86,10,unadjusted_whole_blood,,
