truth,architecture,synthetic_replicate,best_heldout_candidate,heldout_log_score,includes_true_mechanism,competitive_candidates_at_0_001,competitive_candidate_count
both,endpoint_bulk,0,both,-0.4559057052885874,true,protection;selection;both,3
both,endpoint_bulk,1,both,-0.5088581020505187,true,protection;selection;both,3
both,endpoint_bulk,2,protection,-0.47666716709526574,false,protection;selection;both,3
both,endpoint_bulk,3,protection,-0.4657446174709892,false,protection;selection;both,3
both,endpoint_bulk,4,both,-0.4795636467686155,true,protection;selection;both,3
both,endpoint_bulk,5,selection,-0.4712973362715352,false,protection;selection;both,3
both,endpoint_bulk,6,protection,-0.53560609741303,false,protection;both,2
both,endpoint_bulk,7,both,-0.49835830970348244,true,protection;both,2
both,longitudinal_cells,0,protection,-0.7383240026451888,false,protection;both,2
both,longitudinal_cells,1,protection,-0.7683277622715536,false,protection;both,2
both,longitudinal_cells,2,both,-0.754081715099312,true,protection;both,2
both,longitudinal_cells,3,protection,-0.7918901795944052,false,protection,1
both,longitudinal_cells,4,both,-0.7764179352354406,true,protection;both,2
both,longitudinal_cells,5,protection,-0.7299447062477146,false,protection;both,2
both,longitudinal_cells,6,protection,-0.7767257751349926,false,protection,1
both,longitudinal_cells,7,protection,-0.7175580772006311,false,protection;both,2
both,longitudinal_cells_and_survival,0,both,-0.5303823739823613,true,both,1
both,longitudinal_cells_and_survival,1,both,-0.5505420552911892,true,protection;both,2
both,longitudinal_cells_and_survival,2,both,-0.5683550334182729,true,protection;both,2
both,longitudinal_cells_and_survival,3,both,-0.5345296824590066,true,both,1
both,longitudinal_cells_and_survival,4,both,-0.5236456063583887,true,both,1
both,longitudinal_cells_and_survival,5,both,-0.5482191679440092,true,protection;both,2
both,longitudinal_cells_and_survival,6,both,-0.49968058991424114,true,protection;both,2
both,longitudinal_cells_and_survival,7,both,-0.5376601141381309,true,both,1
protection,endpoint_bulk,0,both,-0.3912428321129318,true,protection;both,2
protection,endpoint_bulk,1,protection,-0.44057873649270096,true,protection;both,2
protection,endpoint_bulk,2,selection,-0.49380043751057856,false,selection;both,2
protection,endpoint_bulk,3,selection,-0.4694923134685975,false,selection,1
protection,endpoint_bulk,4,both,-0.42893061227229856,true,protection;both,2
protection,endpoint_bulk,5,selection,-0.4658171090104932,false,selection,1
protection,endpoint_bulk,6,selection,-0.43178619966419957,false,selection;both,2
protection,endpoint_bulk,7,protection,-0.4182659480891196,true,protection;both,2
protection,longitudinal_cells,0,protection,-0.7311082851099029,true,protection;both,2
protection,longitudinal_cells,1,selection,-0.6940492680693928,false,selection;both,2
protection,longitudinal_cells,2,both,-0.7152000837799097,true,protection;both,2
protection,longitudinal_cells,3,both,-0.747380898339341,true,both,1
protection,longitudinal_cells,4,both,-0.6975303470671546,true,protection;both,2
protection,longitudinal_cells,5,both,-0.6892572508968533,true,protection;both,2
protection,longitudinal_cells,6,protection,-0.698475881747112,true,protection;both,2
protection,longitudinal_cells,7,both,-0.7001452600366521,true,protection;both,2
protection,longitudinal_cells_and_survival,0,protection,-0.46703345122798406,true,protection;both,2
protection,longitudinal_cells_and_survival,1,both,-0.48095007266499534,true,protection;both,2
protection,longitudinal_cells_and_survival,2,both,-0.49868046091145396,true,protection;both,2
protection,longitudinal_cells_and_survival,3,both,-0.5241617065589163,true,protection;both,2
protection,longitudinal_cells_and_survival,4,both,-0.4933009203963597,true,protection;both,2
protection,longitudinal_cells_and_survival,5,protection,-0.48551637072410864,true,protection;both,2
protection,longitudinal_cells_and_survival,6,both,-0.49235157483947517,true,protection;both,2
protection,longitudinal_cells_and_survival,7,protection,-0.51699771413509,true,protection;both,2
selection,endpoint_bulk,0,both,-0.5574558832320428,true,protection;selection;both,3
selection,endpoint_bulk,1,selection,-0.5558913855319176,true,protection;selection;both,3
selection,endpoint_bulk,2,both,-0.5394823005539295,true,protection;selection;both,3
selection,endpoint_bulk,3,both,-0.556214442732779,true,protection;selection;both,3
selection,endpoint_bulk,4,both,-0.5314267209594093,true,protection;selection;both,3
selection,endpoint_bulk,5,protection,-0.5832555542476929,false,protection;selection;both,3
selection,endpoint_bulk,6,protection,-0.5206693587101351,false,protection;selection;both,3
selection,endpoint_bulk,7,both,-0.5569136614798059,true,protection;selection;both,3
selection,longitudinal_cells,0,both,-0.9050009614943823,true,protection;selection;both,3
selection,longitudinal_cells,1,protection,-0.8930991383382041,false,independent;protection;selection;both,4
selection,longitudinal_cells,2,selection,-0.8692802175743531,true,selection;both,2
selection,longitudinal_cells,3,independent,-0.9203660796072487,false,independent;protection;selection;both,4
selection,longitudinal_cells,4,selection,-0.91697261783153,true,protection;selection;both,3
selection,longitudinal_cells,5,both,-0.9057041319111104,true,protection;selection;both,3
selection,longitudinal_cells,6,selection,-0.8856190033687735,true,selection;both,2
selection,longitudinal_cells,7,selection,-0.9436550186163297,true,selection;both,2
selection,longitudinal_cells_and_survival,0,selection,-0.6423363922226377,true,selection;both,2
selection,longitudinal_cells_and_survival,1,selection,-0.6786393015736603,true,selection;both,2
selection,longitudinal_cells_and_survival,2,selection,-0.6658952969344853,true,selection;both,2
selection,longitudinal_cells_and_survival,3,both,-0.6532234721143678,true,selection;both,2
selection,longitudinal_cells_and_survival,4,selection,-0.6504180955056414,true,selection;both,2
selection,longitudinal_cells_and_survival,5,selection,-0.6381369178818288,true,selection;both,2
selection,longitudinal_cells_and_survival,6,selection,-0.6376937024982354,true,selection;both,2
selection,longitudinal_cells_and_survival,7,selection,-0.6553808285357301,true,selection;both,2
