dataset,matching,held_out_donor,matched_esl_sites,absolute_change_contrast
GSE179847,coarse,HC1,3,-0.005693317833333333
GSE179847,standard,HC1,0,NaN
GSE179847,fine,HC1,0,NaN
GSE179847,no_sequence,HC1,11,-0.0043867034318181815
GSE179847,no_density,HC1,8,-0.005133090359375
GSE179847,no_context,HC1,0,NaN
GSE179847,coarse,HC2,3,-0.010938047333333334
GSE179847,standard,HC2,0,NaN
GSE179847,fine,HC2,0,NaN
GSE179847,no_sequence,HC2,11,-0.010815248568181819
GSE179847,no_density,HC2,8,-0.005493192906250001
GSE179847,no_context,HC2,0,NaN
GSE179847,coarse,HC3,3,-0.030471883333333335
GSE179847,standard,HC3,0,NaN
GSE179847,fine,HC3,0,NaN
GSE179847,no_sequence,HC3,11,-0.004635842363636364
GSE179847,no_density,HC3,8,-0.006253455312499998
GSE179847,no_context,HC3,0,NaN
GSE179847,coarse,HC4,3,-0.0029813241666666666
GSE179847,standard,HC4,0,NaN
GSE179847,fine,HC4,0,NaN
GSE179847,no_sequence,HC4,11,-0.005647518901515152
GSE179847,no_density,HC4,8,-0.00369691234375
GSE179847,no_context,HC4,0,NaN
GSE179847,coarse,HC5,3,-0.007963321333333334
GSE179847,standard,HC5,0,NaN
GSE179847,fine,HC5,0,NaN
GSE179847,no_sequence,HC5,11,-0.013458390212121212
GSE179847,no_density,HC5,8,-0.002693114562500001
GSE179847,no_context,HC5,0,NaN
GSE179847,coarse,HC6,3,-0.0059788099999999985
GSE179847,standard,HC6,0,NaN
GSE179847,fine,HC6,0,NaN
GSE179847,no_sequence,HC6,12,-0.011306122111111113
GSE179847,no_density,HC6,8,-0.009204655312499999
GSE179847,no_context,HC6,0,NaN
GSE179847,coarse,SURF1_1,3,-0.006514841333333331
GSE179847,standard,SURF1_1,0,NaN
GSE179847,fine,SURF1_1,0,NaN
GSE179847,no_sequence,SURF1_1,11,-0.007370667242424242
GSE179847,no_density,SURF1_1,8,-0.0031632523750000003
GSE179847,no_context,SURF1_1,0,NaN
GSE179847,coarse,SURF1_2,3,-0.006283501
GSE179847,standard,SURF1_2,0,NaN
GSE179847,fine,SURF1_2,0,NaN
GSE179847,no_sequence,SURF1_2,11,-0.005383670318181819
GSE179847,no_density,SURF1_2,8,-0.002858514749999999
GSE179847,no_context,SURF1_2,0,NaN
GSE179847,coarse,SURF1_3,3,-0.031719515
GSE179847,standard,SURF1_3,0,NaN
GSE179847,fine,SURF1_3,0,NaN
GSE179847,no_sequence,SURF1_3,11,-0.005404712424242424
GSE179847,no_density,SURF1_3,8,-0.0019465993750000005
GSE179847,no_context,SURF1_3,0,NaN
GSE73115,coarse,1,0,NaN
GSE73115,standard,1,0,NaN
GSE73115,fine,1,0,NaN
GSE73115,no_sequence,1,0,NaN
GSE73115,no_density,1,2,-0.006515914595950727
GSE73115,no_context,1,1,0.00943404337085545
GSE73115,coarse,10,0,NaN
GSE73115,standard,10,0,NaN
GSE73115,fine,10,0,NaN
GSE73115,no_sequence,10,0,NaN
GSE73115,no_density,10,2,0.006471921275968774
GSE73115,no_context,10,1,0.0001934216264807935
GSE73115,coarse,11,0,NaN
GSE73115,standard,11,0,NaN
GSE73115,fine,11,0,NaN
GSE73115,no_sequence,11,0,NaN
GSE73115,no_density,11,2,-0.0003113237952408806
GSE73115,no_context,11,1,-0.02413699916017355
GSE73115,coarse,12,0,NaN
GSE73115,standard,12,0,NaN
GSE73115,fine,12,0,NaN
GSE73115,no_sequence,12,0,NaN
GSE73115,no_density,12,2,-0.004255940953261195
GSE73115,no_context,12,1,-0.014150695145473992
GSE73115,coarse,13,0,NaN
GSE73115,standard,13,0,NaN
GSE73115,fine,13,0,NaN
GSE73115,no_sequence,13,0,NaN
GSE73115,no_density,13,2,0.004939210483222753
GSE73115,no_context,13,1,0.006482987347594945
GSE73115,coarse,14,0,NaN
GSE73115,standard,14,0,NaN
GSE73115,fine,14,0,NaN
GSE73115,no_sequence,14,0,NaN
GSE73115,no_density,14,3,-0.008195000826726431
GSE73115,no_context,14,1,-0.0139333573656783
GSE73115,coarse,15,0,NaN
GSE73115,standard,15,0,NaN
GSE73115,fine,15,0,NaN
GSE73115,no_sequence,15,0,NaN
GSE73115,no_density,15,2,-0.010229167889042422
GSE73115,no_context,15,1,-0.021323941819273804
GSE73115,coarse,16,0,NaN
GSE73115,standard,16,0,NaN
GSE73115,fine,16,0,NaN
GSE73115,no_sequence,16,0,NaN
GSE73115,no_density,16,2,-0.0033382313093404045
GSE73115,no_context,16,1,-0.0100528739185336
GSE73115,coarse,17,0,NaN
GSE73115,standard,17,0,NaN
GSE73115,fine,17,0,NaN
GSE73115,no_sequence,17,0,NaN
GSE73115,no_density,17,2,0.009526846479166573
GSE73115,no_context,17,1,-0.007346914292139253
GSE73115,coarse,18,0,NaN
GSE73115,standard,18,0,NaN
GSE73115,fine,18,0,NaN
GSE73115,no_sequence,18,0,NaN
GSE73115,no_density,18,2,0.014003499684309846
GSE73115,no_context,18,1,-0.009306468414983185
GSE73115,coarse,19,0,NaN
GSE73115,standard,19,0,NaN
GSE73115,fine,19,0,NaN
GSE73115,no_sequence,19,0,NaN
GSE73115,no_density,19,2,-0.00242172181601155
GSE73115,no_context,19,1,-0.012759130121898943
GSE73115,coarse,2,0,NaN
GSE73115,standard,2,0,NaN
GSE73115,fine,2,0,NaN
GSE73115,no_sequence,2,0,NaN
GSE73115,no_density,2,2,0.0047274298785172555
GSE73115,no_context,2,1,-0.004916338309866899
GSE73115,coarse,20,0,NaN
GSE73115,standard,20,0,NaN
GSE73115,fine,20,0,NaN
GSE73115,no_sequence,20,0,NaN
GSE73115,no_density,20,2,-0.00507381078159198
GSE73115,no_context,20,1,0.00005578250131760276
GSE73115,coarse,21,0,NaN
GSE73115,standard,21,0,NaN
GSE73115,fine,21,0,NaN
GSE73115,no_sequence,21,0,NaN
GSE73115,no_density,21,2,-0.01500959616335146
GSE73115,no_context,21,1,-0.008434449043829152
GSE73115,coarse,22,0,NaN
GSE73115,standard,22,0,NaN
GSE73115,fine,22,0,NaN
GSE73115,no_sequence,22,0,NaN
GSE73115,no_density,22,2,0.011123259784940671
GSE73115,no_context,22,1,0.004091958507128294
GSE73115,coarse,23,0,NaN
GSE73115,standard,23,0,NaN
GSE73115,fine,23,0,NaN
GSE73115,no_sequence,23,0,NaN
GSE73115,no_density,23,3,-0.0004458665105702628
GSE73115,no_context,23,1,-0.008107529852132946
GSE73115,coarse,24,0,NaN
GSE73115,standard,24,0,NaN
GSE73115,fine,24,0,NaN
GSE73115,no_sequence,24,0,NaN
GSE73115,no_density,24,2,0.005546211117209304
GSE73115,no_context,24,1,-0.005097000573990998
GSE73115,coarse,25,0,NaN
GSE73115,standard,25,0,NaN
GSE73115,fine,25,0,NaN
GSE73115,no_sequence,25,0,NaN
GSE73115,no_density,25,2,0.010612288215519652
GSE73115,no_context,25,1,-0.003953052415087904
GSE73115,coarse,26,0,NaN
GSE73115,standard,26,0,NaN
GSE73115,fine,26,0,NaN
GSE73115,no_sequence,26,0,NaN
GSE73115,no_density,26,2,-0.004354862062025001
GSE73115,no_context,26,1,0.013318476227226442
GSE73115,coarse,27,0,NaN
GSE73115,standard,27,0,NaN
GSE73115,fine,27,0,NaN
GSE73115,no_sequence,27,0,NaN
GSE73115,no_density,27,2,-0.0026354938260993704
GSE73115,no_context,27,1,-0.0022335692681874075
GSE73115,coarse,28,0,NaN
GSE73115,standard,28,0,NaN
GSE73115,fine,28,0,NaN
GSE73115,no_sequence,28,0,NaN
GSE73115,no_density,28,2,-0.002845164160991691
GSE73115,no_context,28,1,-0.013258234958276195
GSE73115,coarse,29,0,NaN
GSE73115,standard,29,0,NaN
GSE73115,fine,29,0,NaN
GSE73115,no_sequence,29,0,NaN
GSE73115,no_density,29,2,-0.0023600520450481575
GSE73115,no_context,29,1,-0.009753266063132156
GSE73115,coarse,3,0,NaN
GSE73115,standard,3,0,NaN
GSE73115,fine,3,0,NaN
GSE73115,no_sequence,3,0,NaN
GSE73115,no_density,3,2,-0.015633521974554046
GSE73115,no_context,3,1,-0.008288074156688294
GSE73115,coarse,30,0,NaN
GSE73115,standard,30,0,NaN
GSE73115,fine,30,0,NaN
GSE73115,no_sequence,30,0,NaN
GSE73115,no_density,30,2,-0.0004113570030188033
GSE73115,no_context,30,1,-0.0021051847019861493
GSE73115,coarse,31,0,NaN
GSE73115,standard,31,0,NaN
GSE73115,fine,31,0,NaN
GSE73115,no_sequence,31,0,NaN
GSE73115,no_density,31,2,0.0037129217226614785
GSE73115,no_context,31,1,-0.0165323181381889
GSE73115,coarse,32,0,NaN
GSE73115,standard,32,0,NaN
GSE73115,fine,32,0,NaN
GSE73115,no_sequence,32,0,NaN
GSE73115,no_density,32,2,0.014026376851952405
GSE73115,no_context,32,1,-0.006188641309193502
GSE73115,coarse,33,0,NaN
GSE73115,standard,33,0,NaN
GSE73115,fine,33,0,NaN
GSE73115,no_sequence,33,0,NaN
GSE73115,no_density,33,2,-0.00416106097498113
GSE73115,no_context,33,1,-0.00958538554510395
GSE73115,coarse,34,0,NaN
GSE73115,standard,34,0,NaN
GSE73115,fine,34,0,NaN
GSE73115,no_sequence,34,0,NaN
GSE73115,no_density,34,2,0.008842610520338906
GSE73115,no_context,34,1,-0.008940877742541105
GSE73115,coarse,35,0,NaN
GSE73115,standard,35,0,NaN
GSE73115,fine,35,0,NaN
GSE73115,no_sequence,35,0,NaN
GSE73115,no_density,35,2,0.011220626624286495
GSE73115,no_context,35,1,-0.009869552484520702
GSE73115,coarse,36,0,NaN
GSE73115,standard,36,0,NaN
GSE73115,fine,36,0,NaN
GSE73115,no_sequence,36,0,NaN
GSE73115,no_density,36,3,0.0017362127882232664
GSE73115,no_context,36,1,0.0011813284313458988
GSE73115,coarse,37,0,NaN
GSE73115,standard,37,0,NaN
GSE73115,fine,37,0,NaN
GSE73115,no_sequence,37,0,NaN
GSE73115,no_density,37,2,0.0033767765237528048
GSE73115,no_context,37,1,0.0016030092790564957
GSE73115,coarse,38,0,NaN
GSE73115,standard,38,0,NaN
GSE73115,fine,38,0,NaN
GSE73115,no_sequence,38,0,NaN
GSE73115,no_density,38,2,0.010870588465521726
GSE73115,no_context,38,1,-0.01757948374708599
GSE73115,coarse,39,0,NaN
GSE73115,standard,39,0,NaN
GSE73115,fine,39,0,NaN
GSE73115,no_sequence,39,0,NaN
GSE73115,no_density,39,2,-0.009745228763636427
GSE73115,no_context,39,1,0.010977844286725203
GSE73115,coarse,4,0,NaN
GSE73115,standard,4,0,NaN
GSE73115,fine,4,0,NaN
GSE73115,no_sequence,4,0,NaN
GSE73115,no_density,4,2,0.005950429062721075
GSE73115,no_context,4,1,-0.0105430791500517
GSE73115,coarse,40,0,NaN
GSE73115,standard,40,0,NaN
GSE73115,fine,40,0,NaN
GSE73115,no_sequence,40,0,NaN
GSE73115,no_density,40,2,0.010148472719673925
GSE73115,no_context,40,1,-0.0454912544204458
GSE73115,coarse,41,0,NaN
GSE73115,standard,41,0,NaN
GSE73115,fine,41,0,NaN
GSE73115,no_sequence,41,0,NaN
GSE73115,no_density,41,2,0.013031614424227695
GSE73115,no_context,41,1,-0.015959874543428145
GSE73115,coarse,42,0,NaN
GSE73115,standard,42,0,NaN
GSE73115,fine,42,0,NaN
GSE73115,no_sequence,42,0,NaN
GSE73115,no_density,42,2,0.0020145424172068466
GSE73115,no_context,42,1,0.004975805928749161
GSE73115,coarse,43,0,NaN
GSE73115,standard,43,0,NaN
GSE73115,fine,43,0,NaN
GSE73115,no_sequence,43,0,NaN
GSE73115,no_density,43,2,0.0008863876208438683
GSE73115,no_context,43,1,-0.0034311772077145093
GSE73115,coarse,44,0,NaN
GSE73115,standard,44,0,NaN
GSE73115,fine,44,0,NaN
GSE73115,no_sequence,44,0,NaN
GSE73115,no_density,44,2,-0.0030659535712840545
GSE73115,no_context,44,1,0.00508269929672725
GSE73115,coarse,45,0,NaN
GSE73115,standard,45,0,NaN
GSE73115,fine,45,0,NaN
GSE73115,no_sequence,45,0,NaN
GSE73115,no_density,45,2,0.00041374627465712993
GSE73115,no_context,45,1,-0.011167268462217897
GSE73115,coarse,46,0,NaN
GSE73115,standard,46,0,NaN
GSE73115,fine,46,0,NaN
GSE73115,no_sequence,46,0,NaN
GSE73115,no_density,46,2,-0.002999835482438323
GSE73115,no_context,46,1,-0.005131873514982201
GSE73115,coarse,47,0,NaN
GSE73115,standard,47,0,NaN
GSE73115,fine,47,0,NaN
GSE73115,no_sequence,47,0,NaN
GSE73115,no_density,47,2,0.000390629495295022
GSE73115,no_context,47,1,0.005070368188892595
GSE73115,coarse,48,0,NaN
GSE73115,standard,48,0,NaN
GSE73115,fine,48,0,NaN
GSE73115,no_sequence,48,0,NaN
GSE73115,no_density,48,2,0.0015782434351338543
GSE73115,no_context,48,1,-0.008528854927696797
GSE73115,coarse,49,0,NaN
GSE73115,standard,49,0,NaN
GSE73115,fine,49,0,NaN
GSE73115,no_sequence,49,0,NaN
GSE73115,no_density,49,2,-0.006019865355584205
GSE73115,no_context,49,1,-0.0014400885590593986
GSE73115,coarse,5,0,NaN
GSE73115,standard,5,0,NaN
GSE73115,fine,5,0,NaN
GSE73115,no_sequence,5,0,NaN
GSE73115,no_density,5,2,0.01950708070196592
GSE73115,no_context,5,1,-0.008257115971929352
GSE73115,coarse,50,0,NaN
GSE73115,standard,50,0,NaN
GSE73115,fine,50,0,NaN
GSE73115,no_sequence,50,0,NaN
GSE73115,no_density,50,2,0.008596274135703174
GSE73115,no_context,50,1,-0.010088153082797001
GSE73115,coarse,51,0,NaN
GSE73115,standard,51,0,NaN
GSE73115,fine,51,0,NaN
GSE73115,no_sequence,51,0,NaN
GSE73115,no_density,51,2,-0.00034826793181292476
GSE73115,no_context,51,1,-0.004254811090801093
GSE73115,coarse,52,0,NaN
GSE73115,standard,52,0,NaN
GSE73115,fine,52,0,NaN
GSE73115,no_sequence,52,0,NaN
GSE73115,no_density,52,2,-0.002317455636322973
GSE73115,no_context,52,1,-0.006010662389497948
GSE73115,coarse,53,0,NaN
GSE73115,standard,53,0,NaN
GSE73115,fine,53,0,NaN
GSE73115,no_sequence,53,0,NaN
GSE73115,no_density,53,2,0.002230514702043305
GSE73115,no_context,53,1,-0.003354280951087394
GSE73115,coarse,54,0,NaN
GSE73115,standard,54,0,NaN
GSE73115,fine,54,0,NaN
GSE73115,no_sequence,54,0,NaN
GSE73115,no_density,54,2,0.002898356114842699
GSE73115,no_context,54,1,0.003253115875525306
GSE73115,coarse,55,0,NaN
GSE73115,standard,55,0,NaN
GSE73115,fine,55,0,NaN
GSE73115,no_sequence,55,0,NaN
GSE73115,no_density,55,2,0.009799823075718375
GSE73115,no_context,55,1,0.0004826043866466047
GSE73115,coarse,56,0,NaN
GSE73115,standard,56,0,NaN
GSE73115,fine,56,0,NaN
GSE73115,no_sequence,56,0,NaN
GSE73115,no_density,56,2,-0.0022087069921381316
GSE73115,no_context,56,1,0.007721809992023251
GSE73115,coarse,57,0,NaN
GSE73115,standard,57,0,NaN
GSE73115,fine,57,0,NaN
GSE73115,no_sequence,57,0,NaN
GSE73115,no_density,57,2,-0.0083678431293184
GSE73115,no_context,57,1,0.000001891185539046325
GSE73115,coarse,58,0,NaN
GSE73115,standard,58,0,NaN
GSE73115,fine,58,0,NaN
GSE73115,no_sequence,58,0,NaN
GSE73115,no_density,58,2,-0.011210516054689455
GSE73115,no_context,58,1,-0.007810366487308245
GSE73115,coarse,59,0,NaN
GSE73115,standard,59,0,NaN
GSE73115,fine,59,0,NaN
GSE73115,no_sequence,59,0,NaN
GSE73115,no_density,59,2,0.004860844850569498
GSE73115,no_context,59,1,-0.01023674979465285
GSE73115,coarse,6,0,NaN
GSE73115,standard,6,0,NaN
GSE73115,fine,6,0,NaN
GSE73115,no_sequence,6,0,NaN
GSE73115,no_density,6,2,0.004497307829102152
GSE73115,no_context,6,1,-0.019523537780820097
GSE73115,coarse,60,0,NaN
GSE73115,standard,60,0,NaN
GSE73115,fine,60,0,NaN
GSE73115,no_sequence,60,0,NaN
GSE73115,no_density,60,2,-0.0029789943329808725
GSE73115,no_context,60,1,-0.009607182764311304
GSE73115,coarse,61,0,NaN
GSE73115,standard,61,0,NaN
GSE73115,fine,61,0,NaN
GSE73115,no_sequence,61,0,NaN
GSE73115,no_density,61,2,-0.006058053247036501
GSE73115,no_context,61,1,0.0023721971756370946
GSE73115,coarse,62,0,NaN
GSE73115,standard,62,0,NaN
GSE73115,fine,62,0,NaN
GSE73115,no_sequence,62,0,NaN
GSE73115,no_density,62,2,-0.004612489231473397
GSE73115,no_context,62,1,0.017389041231494807
GSE73115,coarse,63,0,NaN
GSE73115,standard,63,0,NaN
GSE73115,fine,63,0,NaN
GSE73115,no_sequence,63,0,NaN
GSE73115,no_density,63,2,0.0029265911046034744
GSE73115,no_context,63,1,-0.009516747487323052
GSE73115,coarse,64,0,NaN
GSE73115,standard,64,0,NaN
GSE73115,fine,64,0,NaN
GSE73115,no_sequence,64,0,NaN
GSE73115,no_density,64,2,-0.006361535041184677
GSE73115,no_context,64,1,-0.012635469916545107
GSE73115,coarse,65,0,NaN
GSE73115,standard,65,0,NaN
GSE73115,fine,65,0,NaN
GSE73115,no_sequence,65,0,NaN
GSE73115,no_density,65,2,0.006434046157641999
GSE73115,no_context,65,1,0.004905273515712894
GSE73115,coarse,66,0,NaN
GSE73115,standard,66,0,NaN
GSE73115,fine,66,0,NaN
GSE73115,no_sequence,66,0,NaN
GSE73115,no_density,66,2,-0.008272591699242696
GSE73115,no_context,66,1,-0.011031698695287945
GSE73115,coarse,67,0,NaN
GSE73115,standard,67,0,NaN
GSE73115,fine,67,0,NaN
GSE73115,no_sequence,67,0,NaN
GSE73115,no_density,67,3,0.0035253556050687702
GSE73115,no_context,67,1,-0.015375954898561247
GSE73115,coarse,68,0,NaN
GSE73115,standard,68,0,NaN
GSE73115,fine,68,0,NaN
GSE73115,no_sequence,68,0,NaN
GSE73115,no_density,68,2,0.00039743352746584443
GSE73115,no_context,68,1,-0.0008816481598235976
GSE73115,coarse,69,0,NaN
GSE73115,standard,69,0,NaN
GSE73115,fine,69,0,NaN
GSE73115,no_sequence,69,0,NaN
GSE73115,no_density,69,2,-0.005165308083540626
GSE73115,no_context,69,1,-0.008866136504320804
GSE73115,coarse,7,0,NaN
GSE73115,standard,7,0,NaN
GSE73115,fine,7,0,NaN
GSE73115,no_sequence,7,0,NaN
GSE73115,no_density,7,2,0.0005039654321207787
GSE73115,no_context,7,1,-0.021989357684297793
GSE73115,coarse,70,0,NaN
GSE73115,standard,70,0,NaN
GSE73115,fine,70,0,NaN
GSE73115,no_sequence,70,0,NaN
GSE73115,no_density,70,2,-0.026352343303652354
GSE73115,no_context,70,1,-0.001496026969816048
GSE73115,coarse,71,0,NaN
GSE73115,standard,71,0,NaN
GSE73115,fine,71,0,NaN
GSE73115,no_sequence,71,0,NaN
GSE73115,no_density,71,2,-0.01265486845959663
GSE73115,no_context,71,1,-0.0009107342158314533
GSE73115,coarse,72,0,NaN
GSE73115,standard,72,0,NaN
GSE73115,fine,72,0,NaN
GSE73115,no_sequence,72,0,NaN
GSE73115,no_density,72,2,-0.006150009171024928
GSE73115,no_context,72,1,-0.014131389500301045
GSE73115,coarse,73,0,NaN
GSE73115,standard,73,0,NaN
GSE73115,fine,73,0,NaN
GSE73115,no_sequence,73,0,NaN
GSE73115,no_density,73,2,-0.00097250502711148
GSE73115,no_context,73,1,0.0043062271171391
GSE73115,coarse,74,0,NaN
GSE73115,standard,74,0,NaN
GSE73115,fine,74,0,NaN
GSE73115,no_sequence,74,0,NaN
GSE73115,no_density,74,2,0.012465121905516453
GSE73115,no_context,74,1,0.00399058534137435
GSE73115,coarse,75,0,NaN
GSE73115,standard,75,0,NaN
GSE73115,fine,75,0,NaN
GSE73115,no_sequence,75,0,NaN
GSE73115,no_density,75,2,0.019346179022182775
GSE73115,no_context,75,1,-0.008448287513638755
GSE73115,coarse,76,0,NaN
GSE73115,standard,76,0,NaN
GSE73115,fine,76,0,NaN
GSE73115,no_sequence,76,0,NaN
GSE73115,no_density,76,2,-0.005332521256666882
GSE73115,no_context,76,1,-0.000736525557607854
GSE73115,coarse,77,0,NaN
GSE73115,standard,77,0,NaN
GSE73115,fine,77,0,NaN
GSE73115,no_sequence,77,0,NaN
GSE73115,no_density,77,2,-0.008972354260683622
GSE73115,no_context,77,1,-0.0021085117954262045
GSE73115,coarse,78,0,NaN
GSE73115,standard,78,0,NaN
GSE73115,fine,78,0,NaN
GSE73115,no_sequence,78,0,NaN
GSE73115,no_density,78,2,0.008186493462914904
GSE73115,no_context,78,1,0.012324488422650343
GSE73115,coarse,79,0,NaN
GSE73115,standard,79,0,NaN
GSE73115,fine,79,0,NaN
GSE73115,no_sequence,79,0,NaN
GSE73115,no_density,79,2,-0.007543897606070885
GSE73115,no_context,79,1,-0.008378785374496628
GSE73115,coarse,8,0,NaN
GSE73115,standard,8,0,NaN
GSE73115,fine,8,0,NaN
GSE73115,no_sequence,8,0,NaN
GSE73115,no_density,8,3,0.0017707227997986706
GSE73115,no_context,8,1,-0.00975402065840775
GSE73115,coarse,80,0,NaN
GSE73115,standard,80,0,NaN
GSE73115,fine,80,0,NaN
GSE73115,no_sequence,80,0,NaN
GSE73115,no_density,80,2,0.00946747141649013
GSE73115,no_context,80,1,-0.013470397068632314
GSE73115,coarse,81,0,NaN
GSE73115,standard,81,0,NaN
GSE73115,fine,81,0,NaN
GSE73115,no_sequence,81,0,NaN
GSE73115,no_density,81,2,-0.0049003026032696535
GSE73115,no_context,81,1,0.00561486701161228
GSE73115,coarse,82,0,NaN
GSE73115,standard,82,0,NaN
GSE73115,fine,82,0,NaN
GSE73115,no_sequence,82,0,NaN
GSE73115,no_density,82,2,-0.0073789604529613684
GSE73115,no_context,82,1,-0.013930055848110794
GSE73115,coarse,83,0,NaN
GSE73115,standard,83,0,NaN
GSE73115,fine,83,0,NaN
GSE73115,no_sequence,83,0,NaN
GSE73115,no_density,83,2,0.00025757682265747407
GSE73115,no_context,83,1,-0.009211496215679446
GSE73115,coarse,84,0,NaN
GSE73115,standard,84,0,NaN
GSE73115,fine,84,0,NaN
GSE73115,no_sequence,84,0,NaN
GSE73115,no_density,84,2,0.0026741195624902982
GSE73115,no_context,84,1,-0.013472177397161111
GSE73115,coarse,85,0,NaN
GSE73115,standard,85,0,NaN
GSE73115,fine,85,0,NaN
GSE73115,no_sequence,85,0,NaN
GSE73115,no_density,85,2,0.01256159053885468
GSE73115,no_context,85,1,-0.013505053253400953
GSE73115,coarse,86,0,NaN
GSE73115,standard,86,0,NaN
GSE73115,fine,86,0,NaN
GSE73115,no_sequence,86,0,NaN
GSE73115,no_density,86,2,-0.00047491690724425425
GSE73115,no_context,86,1,-0.00007624948821670363
GSE73115,coarse,9,0,NaN
GSE73115,standard,9,0,NaN
GSE73115,fine,9,0,NaN
GSE73115,no_sequence,9,0,NaN
GSE73115,no_density,9,2,-0.006640462874065825
GSE73115,no_context,9,1,-0.014948754590759311
