mutation,replicate,sites,mean_WT_beta,mean_mutant_beta,mean_change,fraction_decreased,correlation_WT_mutant
W796A,0,133216,0.6070485157121537,0.4812022847682922,-0.1258462309438615,0.7935833533509489,0.8107739806506902
W796A,1,141789,0.609298642472247,0.69071863737889,0.08141999490664309,0.33403860666201185,0.9086992910693916
W796A,2,133820,0.6116855321958611,0.6458797710938395,0.03419423889797846,0.44988790913166943,0.8930550763492364
W465A,0,132930,0.6114818544193659,0.31756094973240573,-0.29392090468696014,0.9363273903558264,0.6655566181192565
W465A,1,117242,0.5909344304420167,0.21433519568486076,-0.3765992347571559,0.9610293239624026,0.5517279868460143
W465A,2,140855,0.6129764446411873,0.2276776989044364,-0.3852987457367509,0.9723900465017217,0.5933543538203837
W465A_W796A,0,137766,0.6113491229558273,0.4691686592511134,-0.14218046370471393,0.8130307913418405,0.7975144775639063
W465A_W796A,1,114919,0.6028841370834704,0.40762798774311004,-0.1952561493403604,0.871587814025531,0.7564017231368911
W465A_W796A,2,119917,0.6044507499693677,0.40301901624312114,-0.2014317337262465,0.8760976341969863,0.7476789117211557
W464A_W465A,0,131109,0.6107498837949252,0.17235636715176314,-0.43839351664316206,0.9819158105088133,0.5160928215871352
W464A_W465A,1,141078,0.6140060037397673,0.21765593334508448,-0.39635007039468284,0.9701158224528275,0.5421484701444512
W464A_W465A,2,120447,0.6080943124407205,0.17008863181687392,-0.4380056806238466,0.9810954195621311,0.5025432459564484
W464A_W465A_W796A,0,146732,0.6165262442850618,0.17906885111314644,-0.43745739317191534,0.9828394624212851,0.542344846808647
W464A_W465A_W796A,1,131543,0.6093931080599148,0.20477018233565086,-0.4046229257242639,0.9737576305846757,0.5323171048702008
W464A_W465A_W796A,2,135866,0.6165524475298227,0.1649961274877544,-0.45155632004206836,0.9839400585871373,0.49746568253835305
