group,age_weeks,cells,mice,mean_beta,sd_beta,skewness,tail_above_0_089
all,10,190,2,0.05522649473684209,0.007679680269487749,1.6489520111028733,0.010526315789473684
all,36,283,3,0.057378674558303894,0.009090288423440491,0.7590743875150632,0.0035335689045936395
all,77,376,3,0.06769582101063834,0.017756758867897345,3.9552266397512974,0.061170212765957445
all,100,282,3,0.07019234964539008,0.01970659726918295,1.9027492836491553,0.12056737588652482
slow,10,144,2,0.05503052847222223,0.005329728422917137,0.3518887221293106,0
slow,36,226,3,0.05657497743362832,0.00796854552050886,0.1422433442749547,0
slow,77,261,3,0.06469018927203067,0.012603931254986394,2.5481698838488156,0.03065134099616858
slow,100,205,3,0.06421887463414637,0.011143440148846407,1.9246894614621555,0.02926829268292683
fast,10,29,2,0.055938517241379306,0.012671791270040625,1.084964883211826,0.034482758620689655
fast,36,37,3,0.06287462972972974,0.013146297356667579,0.7638650458098818,0.02702702702702703
fast,77,95,3,0.07374896526315793,0.017016679631522286,1.7643159892194151,0.12631578947368421
fast,100,56,3,0.09285368214285714,0.028674584342515567,0.26788922203030335,0.48214285714285715
