group,mouse,model,n,tau,fit_quadrature_lpd,dense_evaluation_lpd
slow,mouse1,one_state,78,0.0038822574248888594,238.92478705846776,238.35890784247232
slow,mouse1,two_state,78,0.0038822574248888594,262.8286399744793,263.06012007119097
slow,mouse11,one_state,80,0.0038599795725521094,294.1888768653281,293.33954317281814
slow,mouse11,two_state,80,0.0038599795725521094,295.8368557915581,296.3357779708462
slow,mouse12,one_state,69,0.003894027023854652,261.36090282854127,261.77898698629275
slow,mouse12,two_state,69,0.003894027023854652,261.36090282854127,261.77898698629275
slow,mouse14,one_state,75,0.002331452552772963,265.8567248089266,265.2380714491336
slow,mouse14,two_state,75,0.002331452552772963,272.2249003885647,271.6883121657464
slow,mouse15,one_state,71,0.002988585872560899,246.50162237828638,246.00298979565096
slow,mouse15,two_state,71,0.002988585872560899,246.55592346722096,245.93744687762336
slow,mouse2,one_state,53,0.0037422963823373068,163.43194910426783,164.0116936939924
slow,mouse2,two_state,53,0.0037422963823373068,168.23350182771608,167.7391464201973
slow,mouse21,one_state,71,0.0033915965363097425,245.65435043809546,246.20137636870803
slow,mouse21,two_state,71,0.0033915965363097425,254.39650002211988,254.03542816765818
slow,mouse22,one_state,66,0.0037837775182777314,213.72056357000577,213.30068591823303
slow,mouse22,two_state,66,0.0037837775182777314,209.7224183271661,210.09121959315843
slow,mouse23,one_state,124,0.003819439285515443,279.6513183495295,278.70590326465066
slow,mouse23,two_state,124,0.003819439285515443,347.03963907379904,346.58661706186825
slow,mouse24,one_state,75,0.0038935213844815985,284.44044549950524,284.76924742453076
slow,mouse24,two_state,75,0.0038935213844815985,284.7401407859671,285.23985406324414
slow,mouse3,one_state,74,0.0038728671015288672,227.79212695424448,227.29706118211644
slow,mouse3,two_state,74,0.0038728671015288672,228.98144132299075,229.08881956601863
fast,mouse1,one_state,11,0.013681048677207538,29.63950154529092,29.407857492647885
fast,mouse1,two_state,11,0.013681048677207538,29.27478715772327,29.858490085026585
fast,mouse11,one_state,9,0.013727842683994827,25.923625006574138,25.50216813702981
fast,mouse11,two_state,9,0.013727842683994827,25.4075766391895,25.662031087714027
fast,mouse12,one_state,16,0.01363771839144061,43.44918184478416,44.38587078324381
fast,mouse12,two_state,16,0.01363771839144061,43.510350095879105,44.42890710830092
fast,mouse14,one_state,10,0.01309036264263987,29.945596280787537,30.692722971248468
fast,mouse14,two_state,10,0.01309036264263987,29.96967667649353,30.730201891267978
fast,mouse15,one_state,18,0.01336064772571869,47.49849302926162,50.12900022464652
fast,mouse15,two_state,18,0.01336064772571869,47.43502458103527,50.05744516976303
fast,mouse2,one_state,31,0.007053789719442243,32.53708290531413,45.67176795453324
fast,mouse2,two_state,31,0.007053789719442243,31.856406249174295,43.880823505904004
fast,mouse21,one_state,17,0.01325228931426675,46.5334260622718,47.38086752332854
fast,mouse21,two_state,17,0.01325228931426675,46.50267538421504,47.42374140932716
fast,mouse22,one_state,22,0.013599452835012793,60.30676711959308,59.702517215150806
fast,mouse22,two_state,22,0.013599452835012793,59.75143199304186,60.3215967644028
fast,mouse23,one_state,56,0.013606991242621415,135.36774265197457,139.5318039198773
fast,mouse23,two_state,56,0.013606991242621415,142.26381380704098,147.29554230653304
fast,mouse24,one_state,13,0.013630422528788148,38.16257826113369,38.47975881014242
fast,mouse24,two_state,13,0.013630422528788148,38.16257826113369,38.47975881014242
fast,mouse3,one_state,14,0.008946070462005316,37.138118833341714,37.01561274813567
fast,mouse3,two_state,14,0.008946070462005316,37.28234835685254,37.15720303708392
