setting,essential_gene,essential_cpg,control_gene,control_cpg,match_distance
primary,ALG14,cg22227621,CATSPER4,cg18769860,0.5227857592288729
primary,ANAPC2,cg13580382,GPR144,cg06960941,0.24514198162829048
primary,AQR,cg07338450,TRPM1,cg18758572,0.4094040733912484
primary,ARIH1,cg16900910,PLA2G4E,cg11706780,1.1989145805516221
primary,ATR,cg24593231,GHSR,cg19925112,0.10620261738841309
primary,C1orf109,cg16688500,CLCA1,cg07232063,2.1643481179873056
primary,CCT5,cg01614738,SLC6A18,cg12913587,3.5711046973818306
primary,CDC27,cg20637570,KRT25,cg26181583,0.16125024969674184
primary,CDC5L,cg15295775,GRM4,cg23321702,1.1814523998511348
primary,CDC73,cg05752207,SPATA21,cg20976831,0.43616793802264253
primary,CHAF1A,cg06727521,DMRTC2,cg23232612,1.1312061107425704
primary,CHERP,cg22297202,IRGC,cg00974598,0.7428698436704567
primary,CHMP6,cg13390332,KRT28,cg17985300,0.6435283614254396
primary,CLP1,cg14746813,GRM5,cg10801143,2.214452282719132
primary,CLTC,cg19533977,KRT40,cg17703934,1.0168683715397697
primary,CNOT3,cg18762986,NLRP8,cg24459953,2.0053802464223267
primary,CPSF2,cg18229270,C14orf183,cg04706229,1.556372331015133
primary,CPSF4,cg01611679,DTX2,cg08801436,1.8251871880708914
primary,CRNKL1,cg05348946,TGM6,cg26872089,0.7789588500487985
primary,CTDP1,cg03655402,GALR1,cg05896682,1.0270038497668987
primary,CTR9,cg02261543,SLC22A12,cg12867610,0.8179385725156955
primary,DBR1,cg00933443,RTP1,cg00393487,0.4573895744398792
primary,DDX20,cg03966708,GJA9,cg22672625,0.6851152099935134
primary,DDX49,cg22923050,TEX101,cg24339194,1.11375964270523
primary,DHX33,cg04290835,RND2,cg08732879,1.643023057740923
primary,DHX37,cg09643279,TMEM132D,cg05160910,0.926199243008897
primary,DHX8,cg11925253,FOXN1,cg10769011,0.602828938768114
primary,DNM2,cg09530594,NLRP9,cg08475088,1.4852151229676838
primary,DTL,cg02900760,PLA2G2F,cg11177550,0.48261942657679324
primary,DTYMK,cg05880944,ALPI,cg22199969,0.4998014060331659
primary,EIF2B3,cg12081325,RPE65,cg27516652,1.1482448492436232
primary,ELL,cg23009962,KLK12,cg24173428,1.4398766085871721
primary,ERCC2,cg17212420,NLRP4,cg04785007,1.3205581319883812
primary,FARS2,cg08557624,GPX5,cg08944443,0.6852486142765999
primary,FARSA,cg04356631,CABP5,cg08479675,1.652969301060998
primary,FNTA,cg00324592,RP1L1,cg18461678,2.4045511517341
primary,FNTB,cg16528585,ADAM20,cg13732858,1.030526749597139
primary,GEMIN5,cg05169312,GRM6,cg21496785,1.0956907045373785
primary,GGPS1,cg17968880,TSHB,cg01815536,0.870963935528061
primary,GINS4,cg17164093,GML,cg22689323,0.6346318881763209
primary,GTF3C1,cg04125962,AQP8,cg05186188,1.137928892189062
primary,HAUS5,cg19559668,CCDC155,cg01007589,2.0017018198262
primary,HINFP,cg05031801,ACCSL,cg03105379,0.44591594847285393
primary,HNRNPU,cg01563741,NPHS2,cg11379972,1.6337752235887866
primary,HUWE1,cg04058675,GUCY2F,cg00614938,1.0324374618916652
primary,INTS8,cg20570179,C8orf86,cg26185500,1.8793338106627342
primary,IPO13,cg10327168,FNDC7,cg11413570,0.7058581633265719
primary,KIF11,cg05302035,CHAT,cg12799846,1.6044977972604304
primary,KRI1,cg12013757,FUT5,cg03071553,0.7834188330974192
primary,LSM12,cg23353000,KRT9,cg15378866,0.921010407717133
primary,MASTL,cg02651776,ANTXRL,cg01832346,0.8971879246343907
primary,MDN1,cg18350249,TRIM40,cg06317173,0.1338095960662928
primary,MED12,cg00147819,HTR2C,cg02918903,1.162355178662
primary,MED18,cg00017546,BSND,cg22162435,0.26213887968787525
primary,MED27,cg14409024,TXNDC8,cg13429733,0.9898898143414494
primary,MRPL28,cg00101154,UMOD,cg00376654,1.024147437021294
primary,MVK,cg20424400,KRT71,cg08186915,1.5934981269448163
primary,MYBBP1A,cg05033939,AIPL1,cg04902669,1.0662284122378072
primary,NAMPT,cg05424678,ZNF804B,cg06820822,0.6527418675426242
primary,NAPA,cg23314866,CYP2A13,cg11834681,1.5597803593442112
primary,NKAP,cg05239824,NYX,cg18502642,0.6649226354854836
primary,NOC4L,cg16586559,LHX5,cg11213520,0.8787084325259573
primary,NOL10,cg10551856,GKN2,cg18543306,0.5468371513063626
primary,NOL9,cg00547365,GUCA2A,cg06003187,0.4601810892267887
primary,NSF,cg14950344,FAM106A,cg19553721,1.3530568811091905
primary,NUDCD3,cg11121865,NPSR1,cg02850468,0.935147867293973
primary,NUF2,cg27042667,DMRTB1,cg06645987,1.934054867564975
primary,NUS1,cg05381870,RFX6,cg06022698,1.6218419654410015
primary,NVL,cg13360526,TRIM67,cg25018655,0.592160004429408
primary,OGDH,cg01573140,C7orf66,cg21462681,0.46690971284655347
primary,PCNA,cg22960971,RBPJL,cg06302806,1.2622228819671373
primary,PGGT1B,cg18784533,TRPC7,cg18074450,1.5415999693779785
primary,POLA2,cg04907173,UBQLN3,cg01369413,0.9512698564871622
primary,POLR1A,cg23618156,ABCG8,cg21532061,0.4724780459215677
primary,POLR1B,cg11655669,CRYGB,cg13384498,1.6003096014791622
primary,POLR2E,cg04988568,PGLYRP2,cg26751792,1.9863255776848665
primary,POLR2L,cg01858337,CABP2,cg07612416,0.8664798579444984
primary,POLR3H,cg01259871,PNPLA5,cg01708387,1.101317493813127
primary,POP1,cg04559159,CHRNA6,cg06292444,0.7037841213953125
primary,POP5,cg02334126,KRT86,cg19184449,0.594887815479897
primary,PREB,cg03834023,TBR1,cg07419021,2.264381713989269
primary,PRPF38B,cg12527909,TAS1R2,cg26528477,0.3891190582285705
primary,PSMA2,cg03179500,ASZ1,cg09645743,1.7157266222164946
primary,PSMD11,cg04134394,KRT33A,cg24164612,3.6484650329998596
primary,PSMD13,cg01496715,MS4A10,cg07357314,0.8068112469117056
primary,PSMG3,cg00375608,FEZF1,cg02554495,1.3159212440519836
primary,PTPN23,cg25147100,UROC1,cg01158094,0.24096323224531968
primary,RACGAP1,cg16614527,LALBA,cg14338548,2.037585829259697
primary,RBBP6,cg03487200,CACNG3,cg06489159,1.1526516575817687
primary,RCL1,cg07850533,LHX3,cg21192468,1.4875646315179138
primary,RFC2,cg04577162,MMD2,cg19518388,1.1413203726412253
primary,RFK,cg13453015,INSL6,cg14145653,0.28174478330123387
primary,SACM1L,cg00377332,CD200R1L,cg03399655,1.408691885473604
primary,SART3,cg14864542,APOBEC1,cg26692016,0.366226920329266
primary,SBNO1,cg08121792,TPH2,cg18078658,0.5888251734468051
primary,SF1,cg18479798,FGF4,cg23854488,0.912831815288975
primary,SF3B1,cg11988203,SULT6B1,cg02081305,1.0960090728103158
primary,SMC2,cg14313932,SOHLH1,cg13769916,1.2387892535527607
primary,SNRNP200,cg21559716,AQP12A,cg21930842,1.4747393582960562
primary,SNRNP35,cg21338961,KRT73,cg22872002,1.0230933533380997
primary,SRBD1,cg08948149,CNTNAP5,cg07416325,1.3963017813964367
primary,SUPT6H,cg22512847,KRT38,cg04534008,2.2707573331843784
primary,TAF1B,cg25588844,IL1F10,cg24553058,1.5935567241218493
primary,TAF6,cg14649827,ZNF679,cg09079168,0.810670553554921
primary,TBCD,cg05525798,KRT37,cg18068256,0.7242840334968996
primary,TBL3,cg09910000,KCNG4,cg01992487,1.5521816725878241
primary,TOP1,cg17156534,GFRA4,cg02990033,0.84732190769591
primary,TTC1,cg11882304,GLRA1,cg15103180,1.0608054586482394
primary,TUBGCP3,cg08791788,GRK1,cg08027792,0.1795091313966216
primary,TUBGCP6,cg19723402,CACNG2,cg13270055,0.531151832371554
primary,TUT1,cg19438894,MTNR1B,cg06106126,1.238224704385482
primary,UBTF,cg03572760,HOXB1,cg23099913,1.6012268445808617
primary,UPF1,cg14696662,RAX2,cg11928453,1.3067004833437177
primary,UPF2,cg07064129,CYP2C19,cg04189838,1.318260378129016
primary,VARS,cg00649734,GPX6,cg19401643,0.5858979987181461
primary,VARS2,cg25586244,RFPL4B,cg24250363,1.332326323356047
primary,WDR25,cg13589463,RNASE9,cg16701266,0.5649586735960707
primary,WDR33,cg21859992,BMP10,cg18151425,0.9170687220778517
primary,WDR43,cg12221864,TRIM43,cg26133082,2.8008031477329327
primary,WDR92,cg02943411,FIGLA,cg20337959,1.6200445460769266
primary,ZNF131,cg02505117,IL12B,cg21116673,0.6029611791030355
primary,ZNF574,cg05658956,TPRX1,cg21050013,1.300868721278725
reverse_gene_order,ZNF574,cg11622538,IRGC,cg15939357,0.18954946690622632
reverse_gene_order,ZNF131,cg02505117,IL12B,cg21116673,0.6029611791030355
reverse_gene_order,WDR92,cg02943411,FIGLA,cg20337959,1.6200445460769266
reverse_gene_order,WDR43,cg12221864,SULT6B1,cg02081305,1.2230612831732313
reverse_gene_order,WDR33,cg15136850,TBR1,cg22743761,0.342403354603713
reverse_gene_order,WDR25,cg13589463,RNASE9,cg16701266,0.5649586735960707
reverse_gene_order,VARS2,cg19912283,GRM4,cg26555126,1.030219643593453
reverse_gene_order,VARS,cg09647033,TRIM40,cg13280080,0.5833732499341476
reverse_gene_order,UPF2,cg07064129,CYP2C19,cg04189838,1.318260378129016
reverse_gene_order,UPF1,cg14696662,RAX2,cg11928453,1.3067004833437177
reverse_gene_order,UBTF,cg10308265,KRT28,cg21291771,1.3142322119849863
reverse_gene_order,TUT1,cg19438894,CABP2,cg00979223,1.1158365350382367
reverse_gene_order,TUBGCP6,cg19723402,CACNG2,cg13270055,0.531151832371554
reverse_gene_order,TUBGCP3,cg08791788,GRK1,cg08027792,0.1795091313966216
reverse_gene_order,TTC1,cg11882304,GLRA1,cg15103180,1.0608054586482394
reverse_gene_order,TOP1,cg17156534,GFRA4,cg02990033,0.84732190769591
reverse_gene_order,THOC3,cg24005360,TRPC7,cg18074450,1.7715193262856856
reverse_gene_order,TBL3,cg06712335,UMOD,cg21996068,0.5329420899830462
reverse_gene_order,TBCD,cg16538568,FAM106A,cg19553721,0.6666001032911562
reverse_gene_order,TAF6,cg14649827,DTX2,cg14445341,0.7135453742028778
reverse_gene_order,TAF1B,cg25588844,IL1F10,cg24553058,1.5935567241218493
reverse_gene_order,SUPT6H,cg22512847,AIPL1,cg05890279,1.7726821551373646
reverse_gene_order,SRBD1,cg08948149,CNTNAP5,cg07416325,1.3963017813964367
reverse_gene_order,SPC24,cg07886195,TEX101,cg15586563,1.1273626261887215
reverse_gene_order,SNRNP35,cg21338961,KRT71,cg08186915,0.8381155594797306
reverse_gene_order,SNRNP200,cg06523478,ABCG8,cg21532061,1.3026176788630808
reverse_gene_order,SMC2,cg14313932,SOHLH1,cg13769916,1.2387892535527607
reverse_gene_order,SLU7,cg08418508,SLC6A18,cg15989525,1.6938222161377925
reverse_gene_order,SF3B1,cg11988203,TRIM43,cg26133082,1.607411717571566
reverse_gene_order,SF1,cg18479798,FGF4,cg23854488,0.912831815288975
reverse_gene_order,SBNO1,cg08121792,TPH2,cg18078658,0.5888251734468051
reverse_gene_order,SART3,cg14864542,APOBEC1,cg26692016,0.366226920329266
reverse_gene_order,SACM1L,cg00377332,CD200R1L,cg03399655,1.408691885473604
reverse_gene_order,RPP38,cg10793539,CHAT,cg02657375,1.0825226061207762
reverse_gene_order,RFK,cg13453015,INSL6,cg14145653,0.28174478330123387
reverse_gene_order,RFC2,cg20764033,NPSR1,cg15754660,0.586287862174504
reverse_gene_order,RCL1,cg07850533,LHX3,cg21192468,1.4875646315179138
reverse_gene_order,RBBP6,cg09618830,AQP8,cg05186188,0.6229306103550853
reverse_gene_order,RACGAP1,cg16614527,TMEM132D,cg02365079,2.011764738847716
reverse_gene_order,PTPN23,cg25147100,UROC1,cg01158094,0.24096323224531968
reverse_gene_order,PSMG3,cg00375608,FEZF1,cg02554495,1.3159212440519836
reverse_gene_order,PSMD13,cg01496715,MS4A10,cg07357314,0.8068112469117056
reverse_gene_order,PSMD11,cg04134394,KRT33A,cg24164612,3.6484650329998596
reverse_gene_order,PSMA7,cg25985455,TGM6,cg26872089,0.6345797785219629
reverse_gene_order,PSMA2,cg15202134,ZNF804B,cg06820822,1.185778382193557
reverse_gene_order,PRPF38B,cg12527909,TAS1R2,cg26528477,0.3891190582285705
reverse_gene_order,PREB,cg03834023,ALPI,cg18110661,2.0110221359356646
reverse_gene_order,POP5,cg02334126,KRT86,cg19184449,0.594887815479897
reverse_gene_order,POP1,cg04559159,CHRNA6,cg06292444,0.7037841213953125
reverse_gene_order,POLR3H,cg01259871,PNPLA5,cg01708387,1.101317493813127
reverse_gene_order,POLR2E,cg04988568,NLRP4,cg04785007,0.298725518950144
reverse_gene_order,POLR1B,cg11655669,CRYGB,cg13384498,1.6003096014791622
reverse_gene_order,POLR1A,cg14192573,GKN2,cg18543306,0.6528902521181669
reverse_gene_order,POLA2,cg04907173,UBQLN3,cg01369413,0.9512698564871622
reverse_gene_order,PCNA,cg22960971,RBPJL,cg06302806,1.2622228819671373
reverse_gene_order,OGDH,cg01573140,C7orf66,cg21462681,0.46690971284655347
reverse_gene_order,NVL,cg12406363,TSHB,cg01815536,0.37171549822574024
reverse_gene_order,NUS1,cg05381870,RFX6,cg06022698,1.6218419654410015
reverse_gene_order,NUF2,cg27042667,DMRTB1,cg06645987,1.934054867564975
reverse_gene_order,NUDCD3,cg23886101,GALNTL5,cg25213550,1.1054085423068114
reverse_gene_order,NSF,cg13613388,KRT40,cg04690347,0.7150856035821298
reverse_gene_order,NOL9,cg00547365,CLCA1,cg07232063,0.20990439821330836
reverse_gene_order,NOL10,cg04571418,BMP10,cg18151425,0.6948539962457534
reverse_gene_order,NOC4L,cg16586559,LHX5,cg11213520,0.8787084325259573
reverse_gene_order,NKAP,cg05239824,NYX,cg18502642,0.6649226354854836
reverse_gene_order,NCBP2,cg07436424,GHSR,cg19925112,1.3448170389752327
reverse_gene_order,NAPA,cg23314866,CYP2A13,cg11834681,1.5597803593442112
reverse_gene_order,NAMPT,cg05004518,ASZ1,cg09645743,1.1679201770758747
reverse_gene_order,MYBBP1A,cg13189020,FOXN1,cg10769011,0.7451015685262942
reverse_gene_order,MVK,cg20424400,C12orf40,cg00702369,1.731684078041806
reverse_gene_order,MRPL28,cg26913058,KCNG4,cg05185311,1.2337122303943635
reverse_gene_order,MED27,cg14409024,TXNDC8,cg13429733,0.9898898143414494
reverse_gene_order,MED18,cg00017546,BSND,cg22162435,0.26213887968787525
reverse_gene_order,MED12,cg00147819,HTR2C,cg02918903,1.162355178662
reverse_gene_order,MDN1,cg12419035,GPX6,cg09378284,0.15499428978108704
reverse_gene_order,MASTL,cg02651776,ANTXRL,cg01832346,0.8971879246343907
reverse_gene_order,LSM12,cg23353000,KRT9,cg15378866,0.921010407717133
reverse_gene_order,KRI1,cg12013757,FUT5,cg03071553,0.7834188330974192
reverse_gene_order,IPO13,cg10327168,FNDC7,cg11413570,0.7058581633265719
reverse_gene_order,INTS8,cg20570179,C8orf86,cg26185500,1.8793338106627342
reverse_gene_order,ILF3,cg09256278,NLRP8,cg24459953,0.5652181412971584
reverse_gene_order,HUWE1,cg04058675,GUCY2F,cg00614938,1.0324374618916652
reverse_gene_order,HNRNPU,cg01563741,NPHS2,cg11379972,1.6337752235887866
reverse_gene_order,HINFP,cg05031801,ACCSL,cg03105379,0.44591594847285393
reverse_gene_order,HAUS5,cg19559668,CCDC155,cg01007589,2.0017018198262
reverse_gene_order,GINS4,cg02320694,RP1L1,cg18461678,0.49087117714969924
reverse_gene_order,GGPS1,cg17968880,RPE65,cg06721956,0.8226940319204936
reverse_gene_order,GEMIN5,cg05169312,GRM6,cg21496785,1.0956907045373785
reverse_gene_order,FNTB,cg16528585,ADAM20,cg13732858,1.030526749597139
reverse_gene_order,FARSA,cg04356631,CABP5,cg08479675,1.652969301060998
reverse_gene_order,FARS2,cg08557624,GPX5,cg08944443,0.6852486142765999
reverse_gene_order,ERCC2,cg20674128,PGLYRP2,cg07931411,1.4995516097019577
reverse_gene_order,ELL,cg23009962,KLK12,cg24173428,1.4398766085871721
reverse_gene_order,EIF2B3,cg12081325,GBP7,cg11075451,1.2353556027190518
reverse_gene_order,DTYMK,cg05880944,HOXD12,cg03371669,0.9131928469683597
reverse_gene_order,DTL,cg02900760,PLA2G2F,cg11177550,0.48261942657679324
reverse_gene_order,DNM2,cg09530594,NLRP9,cg08475088,1.4852151229676838
reverse_gene_order,DHX8,cg25492458,SPEM1,cg06606753,0.8554415999738596
reverse_gene_order,DHX37,cg19523618,KRT77,cg03691818,0.9609987850904336
reverse_gene_order,DHX33,cg04290835,RND2,cg08732879,1.643023057740923
reverse_gene_order,DDX20,cg03966708,GJA9,cg22672625,0.6851152099935134
reverse_gene_order,DBR1,cg00933443,RTP1,cg00393487,0.4573895744398792
reverse_gene_order,CTR9,cg02261543,SLC22A12,cg12867610,0.8179385725156955
reverse_gene_order,CTDP1,cg03655402,GALR1,cg05896682,1.0270038497668987
reverse_gene_order,CPSF2,cg18229270,C14orf183,cg04706229,1.556372331015133
reverse_gene_order,COQ4,cg14193314,GPR144,cg21186235,0.5532587974173575
reverse_gene_order,CLTC,cg12482375,KRT26,cg03423171,1.621575446145485
reverse_gene_order,CLP1,cg14746813,GRM5,cg10801143,2.214452282719132
reverse_gene_order,CHERP,cg22297202,TPRX1,cg21050013,1.082843731311347
reverse_gene_order,CHAF1A,cg06727521,DMRTC2,cg23232612,1.1312061107425704
reverse_gene_order,CDC73,cg05752207,SPATA21,cg20976831,0.43616793802264253
reverse_gene_order,CDC27,cg20637570,KRT25,cg26181583,0.16125024969674184
reverse_gene_order,C1orf109,cg16688500,GUCA2A,cg06003187,3.095275650886089
reverse_gene_order,ARIH1,cg15188939,TRPM1,cg09439002,1.179766897101217
reverse_gene_order,AQR,cg21215325,PLA2G4E,cg02471325,0.7673583487134241
reverse_gene_order,ANAPC2,cg03231329,DMRT1,cg13413955,0.32294682445895234
reverse_gene_order,ALG14,cg22227621,CATSPER4,cg18769860,0.5227857592288729
expression_half_log2,ANAPC2,cg13580382,GPR144,cg06960941,0.24514198162829048
expression_half_log2,ATR,cg24593231,GHSR,cg19925112,0.10620261738841309
expression_half_log2,CDC27,cg20637570,KRT25,cg26181583,0.16125024969674184
expression_half_log2,CDC73,cg05752207,SPATA21,cg20976831,0.43616793802264253
expression_half_log2,CNOT3,cg18762986,NLRP8,cg24459953,2.0053802464223267
expression_half_log2,CRNKL1,cg05348946,TGM6,cg26872089,0.7789588500487985
expression_half_log2,DTYMK,cg05880944,ALPI,cg22199969,0.4998014060331659
expression_half_log2,GINS4,cg17164093,C8orf86,cg26185500,1.1550560313389187
expression_half_log2,KRI1,cg12013757,FUT5,cg03071553,0.7834188330974192
expression_half_log2,MDN1,cg18350249,TAAR2,cg09217923,0.18082838726803058
expression_half_log2,MED18,cg00017546,BSND,cg22162435,0.26213887968787525
expression_half_log2,NOL10,cg04571418,SULT6B1,cg02081305,0.7019110995746207
expression_half_log2,NOL9,cg00547365,CLCA1,cg07232063,0.20990439821330836
expression_half_log2,NUS1,cg05381870,GRM4,cg15884992,0.45218584645993093
expression_half_log2,PGGT1B,cg18784533,TRPC7,cg18074450,1.5415999693779785
expression_half_log2,POLR1A,cg23618156,ABCG8,cg21532061,0.4724780459215677
expression_half_log2,POLR1B,cg11655669,CRYGB,cg13384498,1.6003096014791622
expression_half_log2,POLR2L,cg01858337,CABP2,cg07612416,0.8664798579444984
expression_half_log2,PTPN23,cg25147100,UROC1,cg01158094,0.24096323224531968
expression_half_log2,RBBP6,cg09618830,AQP8,cg05186188,0.6229306103550853
expression_half_log2,RFC2,cg04577162,DTX2,cg23842812,0.5258983158336032
expression_half_log2,RFK,cg13453015,INSL6,cg14145653,0.28174478330123387
expression_half_log2,SBNO1,cg08121792,TPH2,cg18078658,0.5888251734468051
expression_half_log2,SF1,cg18479798,B3GNT6,cg16798348,2.4346984576543855
expression_half_log2,SNRNP35,cg21338961,KRT73,cg22872002,1.0230933533380997
expression_half_log2,TUBGCP3,cg08791788,GRK1,cg08027792,0.1795091313966216
expression_half_log2,UBTF,cg10308265,KRT28,cg21291771,1.3142322119849863
expression_half_log2,ZNF574,cg11622538,IRGC,cg15939357,0.18954946690622632
all_calipers_halved,ALG14,cg22227621,CATSPER4,cg18769860,0.5227857592288729
all_calipers_halved,ANAPC2,cg13580382,GPR144,cg06960941,0.24514198162829048
all_calipers_halved,AQR,cg07338450,TRPM1,cg18758572,0.4094040733912484
all_calipers_halved,ATR,cg24593231,GHSR,cg19925112,0.10620261738841309
all_calipers_halved,CDC27,cg20637570,KRT25,cg26181583,0.16125024969674184
all_calipers_halved,CDC73,cg22817650,RPE65,cg03056547,0.4549313583669745
all_calipers_halved,DHX8,cg18647570,KRT36,cg05839533,1.0124389023933662
all_calipers_halved,DNM2,cg09530594,NLRP8,cg24459953,0.690865757056148
all_calipers_halved,DTYMK,cg22614624,TBR1,cg10479234,0.5650808588215454
all_calipers_halved,GINS4,cg17164093,CNGB3,cg06690689,0.6928687647178109
all_calipers_halved,HINFP,cg05031801,ACCSL,cg03105379,0.44591594847285393
all_calipers_halved,MDN1,cg18350249,TRIM40,cg06317173,0.1338095960662928
all_calipers_halved,MED18,cg00017546,BSND,cg22162435,0.26213887968787525
all_calipers_halved,MVK,cg27604975,TMEM132D,cg26322591,0.5460024912006533
all_calipers_halved,NAPA,cg14660446,TEX101,cg15586563,0.728810686329086
all_calipers_halved,NOL10,cg04571418,SULT6B1,cg02081305,0.7019110995746207
all_calipers_halved,NOL9,cg00547365,CLCA1,cg07232063,0.20990439821330836
all_calipers_halved,NUS1,cg05381870,GRM4,cg15884992,0.45218584645993093
all_calipers_halved,OGDH,cg24207616,NPSR1,cg06506864,0.43251739901704433
all_calipers_halved,POLR1A,cg04915044,IL1F10,cg24553058,0.5082456971883119
all_calipers_halved,POLR2E,cg04988568,NLRP4,cg04785007,0.298725518950144
all_calipers_halved,PRPF38B,cg12527909,TAS1R2,cg26528477,0.3891190582285705
all_calipers_halved,PTPN23,cg25147100,UROC1,cg01158094,0.24096323224531968
all_calipers_halved,RFC2,cg04577162,DTX2,cg23842812,0.5258983158336032
all_calipers_halved,RFK,cg13453015,INSL6,cg14145653,0.28174478330123387
all_calipers_halved,SART3,cg14864542,APOBEC1,cg26692016,0.366226920329266
all_calipers_halved,SBNO1,cg08121792,TPH2,cg18078658,0.5888251734468051
all_calipers_halved,TUBGCP3,cg08791788,GRK1,cg08027792,0.1795091313966216
all_calipers_halved,TUBGCP6,cg19723402,CACNG2,cg13270055,0.531151832371554
all_calipers_halved,ZNF131,cg02505117,IL12B,cg21116673,0.6029611791030355
all_calipers_halved,ZNF574,cg11622538,IRGC,cg15939357,0.18954946690622632
both_baseline_expression_at_least_8,CNOT3,cg18762986,NLRP8,cg24459953,2.0053802464223267
