pair,essential_gene,control_gene,day,essential_recovery,control_recovery,contrast
0,ALG14,CATSPER4,14,0.32192062068541877,0.4348931526141934,-0.11297253192877466
1,ANAPC2,GPR144,14,0.21274608624687683,0.3717776810876408,-0.15903159484076398
2,AQR,TRPM1,14,0.0360336846834686,0.2562339289242384,-0.2202002442407698
3,ARIH1,PLA2G4E,14,0.5170744755026894,0.18739279786005095,0.32968167764263845
4,ATR,GHSR,14,-0.2635304353955355,0.015309356027111145,-0.27883979142264664
5,C1orf109,CLCA1,14,-0.16081656454364676,0.05027749060173076,-0.21109405514537752
6,CCT5,SLC6A18,14,-0.051407228392289464,0.10544799370941699,-0.15685522210170644
7,CDC27,KRT25,14,0.2259198436527056,0.04262476933831428,0.18329507431439132
8,CDC5L,GRM4,14,0.14062612384381573,0.08300684326934277,0.057619280574472964
9,CDC73,SPATA21,14,0.34321820985670637,-0.01691776638729945,0.36013597624400584
10,CHAF1A,DMRTC2,14,-0.0648562807764986,0.1673957775745868,-0.2322520583510854
11,CHERP,IRGC,14,0.15360522930950454,0.15296041437252628,0.0006448149369782663
12,CHMP6,KRT28,14,0.2783216357743266,-0.27198224669775256,0.5503038824720792
13,CLP1,GRM5,14,0.1353742103690997,-0.18842336009057453,0.3237975704596742
14,CLTC,KRT40,14,-0.011105015782728083,0.218961542224098,-0.23006655800682607
15,CNOT3,NLRP8,14,0.20717628872493316,0.0924182429197179,0.11475804580521526
16,CPSF2,C14orf183,14,0.2464729487614784,-0.23267658986510836,0.47914953862658677
17,CPSF4,DTX2,14,0.36547968595351477,0.5087350939991824,-0.1432554080456676
18,CRNKL1,TGM6,14,0.564716523276499,0.2477719213870373,0.3169446018894617
19,CTDP1,GALR1,14,0.5600315925503683,-0.06669133373247338,0.6267229262828417
20,CTR9,SLC22A12,14,0.3291627079445907,-0.06331188624154527,0.39247459418613595
21,DBR1,RTP1,14,0.25076700458016976,0.07657767936122978,0.17418932521893998
22,DDX20,GJA9,14,0.6997872662369532,0.06003933173969156,0.6397479344972616
23,DDX49,TEX101,14,-0.014599231427506102,-0.0029656993297694154,-0.011633532097736687
24,DHX33,RND2,14,0.03735936989064834,0.0022223386565037103,0.03513703123414463
25,DHX37,TMEM132D,14,0.4036603222181857,-0.07115732576757385,0.47481764798575954
26,DHX8,FOXN1,14,0.12282924142558765,0.2298164805896165,-0.10698723916402886
27,DNM2,NLRP9,14,-0.02741399268612182,0.04862228129248995,-0.07603627397861178
28,DTL,PLA2G2F,14,0.1672287176125066,0.1477934491526145,0.019435268459892102
29,DTYMK,ALPI,14,0.6555466937445596,0.03850144583162694,0.6170452479129327
30,EIF2B3,RPE65,14,-0.03851907271359123,0.48561341379049394,-0.5241324865040852
31,ELL,KLK12,14,0.8721324607041275,0.1724585547119285,0.699673905992199
32,ERCC2,NLRP4,14,0.7424552990334211,-0.162573188764642,0.9050284877980631
33,FARS2,GPX5,14,0.32972073009333325,0.25165923183125627,0.07806149826207698
34,FARSA,CABP5,14,0.35946915846807437,0.10223201570076414,0.25723714276731025
35,FNTA,RP1L1,14,-0.04471509522884873,0.180676710358174,-0.22539180558702274
36,FNTB,ADAM20,14,-0.016444407164758885,0.04779894503182804,-0.06424335219658693
37,GEMIN5,GRM6,14,-0.07316484925405696,0.00341304107580939,-0.07657789032986635
38,GGPS1,TSHB,14,-0.15833553439282036,-0.26731349520233466,0.1089779608095143
39,GINS4,GML,14,-0.031216094329400233,-0.16894895656786932,0.1377328622384691
40,GTF3C1,AQP8,14,0.6599839798550808,0.21050176716370217,0.44948221269137867
41,HAUS5,CCDC155,14,0.2127663794778299,-0.014302323169955201,0.2270687026477851
42,HINFP,ACCSL,14,0.28104291340041637,0.06348959000556248,0.2175533233948539
43,HNRNPU,NPHS2,14,0.6095990495281612,-0.537349616082218,1.1469486656103793
44,HUWE1,GUCY2F,14,0.8816977853187308,0.8568452338418086,0.024852551476922224
45,INTS8,C8orf86,14,0.3959791013655249,0.00001968896600674,0.39595941239951815
46,IPO13,FNDC7,14,0.36541423322518873,0.008384351537284469,0.3570298816879043
47,KIF11,CHAT,14,-0.12016810987751253,-0.2631567560006198,0.14298864612310724
48,KRI1,FUT5,14,0.5229408553570619,0.057075226556194965,0.46586562880086696
49,LSM12,KRT9,14,-0.0010540297393995593,-0.1307295599491837,0.12967553020978415
50,MASTL,ANTXRL,14,0.038137779943781605,0.2946876214855027,-0.2565498415417211
51,MDN1,TRIM40,14,0.42886812243534156,0.21991846696847578,0.20894965546686578
52,MED12,HTR2C,14,0.5839631310510165,0.9342908733640579,-0.3503277423130414
53,MED18,BSND,14,0.05440974919503601,0.1066653293797366,-0.0522555801847006
54,MED27,TXNDC8,14,-0.17210490783271998,-0.1103947519927083,-0.061710155840011674
55,MRPL28,UMOD,14,0.021571151327360996,-0.30445372373158386,0.32602487505894484
56,MVK,KRT71,14,0.2612586151382965,-0.016200229397803263,0.27745884453609976
57,MYBBP1A,AIPL1,14,0.22807552677626955,-0.009646247599057757,0.2377217743753273
58,NAMPT,ZNF804B,14,0.04594515987701232,-0.03406112794038072,0.08000628781739305
59,NAPA,CYP2A13,14,-0.015481524692060832,-0.04468792586880808,0.029206401176747245
60,NKAP,NYX,14,0.8463396345212516,0.8023728332285974,0.04396680129265418
61,NOC4L,LHX5,14,0.598353008635579,-0.2187099084623761,0.8170629170979551
62,NOL10,GKN2,14,0.0866906677689262,0.1663335491601154,-0.07964288139118919
63,NOL9,GUCA2A,14,-0.014093389328159716,0.09639173628938141,-0.11048512561754113
64,NSF,FAM106A,14,-0.003892618127304074,0.40172606795729293,-0.405618686084597
65,NUDCD3,NPSR1,14,0.5280824533255102,0.3510710559235955,0.17701139740191468
66,NUF2,DMRTB1,14,0.7196403547137306,-0.16135739017795753,0.8809977448916881
67,NUS1,RFX6,14,-0.0024053074194377508,-0.06511993525457141,0.06271462783513365
68,NVL,TRIM67,14,0.014210046766215777,0.4182577005756412,-0.4040476538094254
69,OGDH,C7orf66,14,0.4891296302122252,0.35837115727246616,0.13075847293975906
70,PCNA,RBPJL,14,0.2899561243842187,0.2604231562208753,0.029532968163343387
71,PGGT1B,TRPC7,14,-0.06391147389299287,0.17331051665386682,-0.2372219905468597
72,POLA2,UBQLN3,14,0.14367500219798804,0.2849647769282961,-0.14128977473030804
73,POLR1A,ABCG8,14,0.08251352940692039,-0.040036315007706075,0.12254984441462646
74,POLR1B,CRYGB,14,0.8564368909274191,0.13893231019130534,0.7175045807361138
75,POLR2E,PGLYRP2,14,0.4556105764206055,-0.16264995480558367,0.6182605312261892
76,POLR2L,CABP2,14,0.147747946656779,0.25163301393569687,-0.10388506727891786
77,POLR3H,PNPLA5,14,0.07704289975564448,-0.07563739079150075,0.15268029054714521
78,POP1,CHRNA6,14,0.8657804977129111,0.06825945589769186,0.7975210418152192
79,POP5,KRT86,14,0.38869054525196434,0.05461079397624206,0.33407975127572226
80,PREB,TBR1,14,0.05233630924533581,0.021236282007472337,0.031100027237863474
81,PRPF38B,TAS1R2,14,0.5388847958572986,-0.011568521257338005,0.5504533171146366
82,PSMA2,ASZ1,14,0.4316260892465378,-0.282152698812319,0.7137787880588569
83,PSMD11,KRT33A,14,0.4091076294488785,0.07197545836515064,0.3371321710837279
84,PSMD13,MS4A10,14,0.19560401997546498,-0.023524698592652025,0.219128718568117
85,PSMG3,FEZF1,14,-0.22043941868928732,-0.08517388758426014,-0.13526553110502718
86,PTPN23,UROC1,14,0.35582767129128157,0.026226518132946585,0.329601153158335
87,RACGAP1,LALBA,14,0.07414665008152663,0.37003114230342626,-0.2958844922218996
88,RBBP6,CACNG3,14,0.04762479661689002,0.063136111891751,-0.015511315274860979
89,RCL1,LHX3,14,0.1621389821372406,0.11111431737719012,0.05102466476005048
90,RFC2,MMD2,14,0.11852366429083133,0.049468707122497346,0.06905495716833399
91,RFK,INSL6,14,-0.15050501993883997,0.38491016815453005,-0.53541518809337
92,SACM1L,CD200R1L,14,0.19139526524303108,0.8111074473588221,-0.619712182115791
93,SART3,APOBEC1,14,-0.07167855512901163,0.33207391244990586,-0.4037524675789175
94,SBNO1,TPH2,14,0.47620318642575926,-0.1412002957708458,0.617403482196605
95,SF1,FGF4,14,0.5624293649078589,0.14104339030703053,0.4213859746008284
96,SF3B1,SULT6B1,14,0.11903609712860708,-0.37836205651534727,0.49739815364395434
97,SMC2,SOHLH1,14,0.11613600985164532,0.4923792812198338,-0.37624327136818847
98,SNRNP200,AQP12A,14,0.0422630069673685,0.35093231534960884,-0.3086693083822403
99,SNRNP35,KRT73,14,-0.03406749707208051,0.10968753501606836,-0.14375503208814888
100,SRBD1,CNTNAP5,14,0.851073171923619,-0.11517450998124343,0.9662476819048624
101,SUPT6H,KRT38,14,0.8241340841408151,0.15846535345148,0.6656687306893352
102,TAF1B,IL1F10,14,0.26512649379823716,0.19926348816089018,0.06586300563734698
103,TAF6,ZNF679,14,0.4724649331206728,-0.09095446064178085,0.5634193937624536
104,TBCD,KRT37,14,0.4053275970822749,0.4560858237550759,-0.050758226672801
105,TBL3,KCNG4,14,0.41175077041329194,-0.039927678473680554,0.4516784488869725
106,TOP1,GFRA4,14,-0.11093255264529571,-0.11120289291734498,0.0002703402720492659
107,TTC1,GLRA1,14,0.4291936137165847,-0.041280998405922066,0.4704746121225068
108,TUBGCP3,GRK1,14,0.5126114733769505,-0.030868607648817555,0.5434800810257681
109,TUBGCP6,CACNG2,14,0.1484049161362816,0.1641889532348748,-0.015784037098593218
110,TUT1,MTNR1B,14,-0.00986328701173133,-0.1197559432887369,0.10989265627700556
111,UBTF,HOXB1,14,0.06619463102042215,0.39774602729547304,-0.33155139627505087
112,UPF1,RAX2,14,0.6465791445237888,0.12372255812687094,0.5228565863969179
113,UPF2,CYP2C19,14,0.6304574798569287,0.010664095556296863,0.6197933843006318
114,VARS,GPX6,14,0.26447913055906447,0.2377079377455455,0.026771192813518974
115,VARS2,RFPL4B,14,0.44944111458201574,0.05987132419838857,0.38956979038362716
116,WDR25,RNASE9,14,-0.15460183215089035,0.21519546160372907,-0.36979729375461945
117,WDR33,BMP10,14,-0.03296229513248693,0.2676803942961433,-0.30064268942863026
118,WDR43,TRIM43,14,0.5964061198965346,-0.01760649777359705,0.6140126176701316
119,WDR92,FIGLA,14,0.31625067552141956,-0.06869003199084654,0.3849407075122661
120,ZNF131,IL12B,14,-0.06122580572532117,-0.12813398284003005,0.06690817711470888
121,ZNF574,TPRX1,14,-0.08055384018461986,-0.09733930822243583,0.01678546803781597
0,ALG14,CATSPER4,24,0.5858621994412458,0.7106937307371631,-0.12483153129591729
1,ANAPC2,GPR144,24,0.5827132258034688,0.5847296222498687,-0.0020163964463998374
2,AQR,TRPM1,24,0.5333399113250764,0.6299825403962692,-0.09664262907119281
3,ARIH1,PLA2G4E,24,0.9510872683284057,0.26034055387364463,0.6907467144547611
4,ATR,GHSR,24,0.16805375519151827,0.18000910126421063,-0.011955346072692358
5,C1orf109,CLCA1,24,0.20115011172654668,0.31905998462277346,-0.11790987289622679
6,CCT5,SLC6A18,24,0.023305254878536047,0.1618059891735643,-0.13850073429502827
7,CDC27,KRT25,24,0.34375266857607634,0.09074269082378325,0.25300997775229306
8,CDC5L,GRM4,24,0.49651477971936736,0.17570186391386017,0.3208129158055072
9,CDC73,SPATA21,24,0.45896967638346226,0.30184009471122386,0.1571295816722384
10,CHAF1A,DMRTC2,24,0.26997878069498055,0.2676151830611481,0.002363597633832426
11,CHERP,IRGC,24,0.3527435925782138,0.1610782800030332,0.1916653125751806
12,CHMP6,KRT28,24,0.5945184071502317,-0.174917183311838,0.7694355904620698
13,CLP1,GRM5,24,0.38071686434796603,-0.05825263671221736,0.4389695010601834
14,CLTC,KRT40,24,0.32565918003024863,0.294534948270481,0.03112423175976764
15,CNOT3,NLRP8,24,0.4293348794492952,0.11942644843052865,0.3099084310187666
16,CPSF2,C14orf183,24,0.5141339417067516,-0.08957077934976375,0.6037047210565154
17,CPSF4,DTX2,24,0.5336449622128,0.8006217863689948,-0.26697682415619484
18,CRNKL1,TGM6,24,0.8132649380282951,0.39867785609690215,0.414587081931393
19,CTDP1,GALR1,24,0.8027187258301227,0.038662068955511136,0.7640566568746116
20,CTR9,SLC22A12,24,0.5752377924167094,0.02831549990116504,0.5469222925155444
21,DBR1,RTP1,24,0.5832982134289242,0.37282099588298706,0.21047721754593712
22,DDX20,GJA9,24,0.8823149604332503,0.32468537768798844,0.5576295827452619
23,DDX49,TEX101,24,-0.09473306488105156,0.13296691293281965,-0.2276999778138712
24,DHX33,RND2,24,0.44502710327373385,0.1631469928427579,0.28188011043097594
25,DHX37,TMEM132D,24,0.7910731651407564,-0.07060452713476624,0.8616776922755227
26,DHX8,FOXN1,24,0.28059995356494166,0.4216618479671762,-0.14106189440223454
27,DNM2,NLRP9,24,0.1628845566213664,-0.05191472714088454,0.21479928376225094
28,DTL,PLA2G2F,24,0.35102466254353415,0.2102768363842125,0.14074782615932166
29,DTYMK,ALPI,24,0.863099849017641,0.0441857153145469,0.8189141337030941
30,EIF2B3,RPE65,24,0.2381590588780655,0.9078982535358854,-0.66973919465782
31,ELL,KLK12,24,1.0082603199723832,0.2511221698529527,0.7571381501194305
32,ERCC2,NLRP4,24,1.0454045318846015,-0.22224414741771786,1.2676486793023194
33,FARS2,GPX5,24,0.40049939745986907,0.3940758964276789,0.006423501032190193
34,FARSA,CABP5,24,0.6243427489339657,0.12057275736956585,0.5037699915643998
35,FNTA,RP1L1,24,0.09061199211919937,0.3011812626120942,-0.21056927049289484
36,FNTB,ADAM20,24,0.1020781022583741,0.15687214471556515,-0.05479404245719105
37,GEMIN5,GRM6,24,-0.23001675785094958,0.019509591514067774,-0.24952634936501736
38,GGPS1,TSHB,24,-0.04705817496127349,0.08298199924834235,-0.13004017420961583
39,GINS4,GML,24,0.12478304413560284,-0.11117542363745683,0.23595846777305968
40,GTF3C1,AQP8,24,0.9275725840018556,0.30572622408591854,0.6218463599159371
41,HAUS5,CCDC155,24,0.5386794165472337,0.11524085556046774,0.42343856098676597
42,HINFP,ACCSL,24,0.5276396579518441,0.2021852752880295,0.3254543826638146
43,HNRNPU,NPHS2,24,0.8634678092682886,-0.1827955450201449,1.0462633542884334
44,HUWE1,GUCY2F,24,0.9469648842600495,1.2359258675466624,-0.2889609832866129
45,INTS8,C8orf86,24,0.5987523495402839,0.020874114734925495,0.5778782348053584
46,IPO13,FNDC7,24,0.6223425942256573,0.0670998788695759,0.5552427153560814
47,KIF11,CHAT,24,-0.20407519675347638,-0.15559734354797947,-0.04847785320549691
48,KRI1,FUT5,24,0.8545396411367374,0.23002708070106254,0.6245125604356749
49,LSM12,KRT9,24,0.03911720882056907,0.062398548180527265,-0.023281339359958193
50,MASTL,ANTXRL,24,0.2502654440538407,0.5026905047503798,-0.2524250606965391
51,MDN1,TRIM40,24,0.671597739148271,0.3390891014013788,0.3325086377468922
52,MED12,HTR2C,24,0.6533404431270176,0.9659618527880822,-0.31262140966106466
53,MED18,BSND,24,0.18666909045121,0.2424280448534309,-0.055758954402220895
54,MED27,TXNDC8,24,0.026909337731604924,-0.09403871193861738,0.1209480496702223
55,MRPL28,UMOD,24,0.1360973966008864,-0.18795628484284913,0.32405368144373553
56,MVK,KRT71,24,0.5900681179799993,-0.07752932889193241,0.6675974468719317
57,MYBBP1A,AIPL1,24,0.45065412014810136,-0.05713112693440358,0.5077852470825049
58,NAMPT,ZNF804B,24,0.5411601637568143,0.09322767010297515,0.44793249365383914
59,NAPA,CYP2A13,24,0.0570961175898481,-0.15930260984669362,0.2163987274365417
60,NKAP,NYX,24,0.8980335653991122,0.8379915560250203,0.060042009374091876
61,NOC4L,LHX5,24,0.8898106949244957,-0.10669760682136373,0.9965083017458595
62,NOL10,GKN2,24,0.26816666223372576,0.5090431499067264,-0.24087648767300063
63,NOL9,GUCA2A,24,0.15400420466328207,0.12843288213075393,0.02557132253252814
64,NSF,FAM106A,24,0.06319950950845589,0.6303942549889553,-0.5671947454804994
65,NUDCD3,NPSR1,24,0.890164229009347,0.565384823511533,0.32477940549781403
66,NUF2,DMRTB1,24,1.0498016492112552,0.053102826026673905,0.9966988231845813
67,NUS1,RFX6,24,0.04379707989656274,0.23425126214661868,-0.19045418225005595
68,NVL,TRIM67,24,0.20359113759577263,0.29833778991323057,-0.09474665231745794
69,OGDH,C7orf66,24,0.905108274624156,0.8772819485525368,0.027826326071619167
70,PCNA,RBPJL,24,0.5481727641757085,0.39744019534241287,0.1507325688332956
71,PGGT1B,TRPC7,24,-0.012895196425328024,0.16023976291780623,-0.17313495934313425
72,POLA2,UBQLN3,24,0.33608345365342035,0.5652018642282185,-0.22911841057479815
73,POLR1A,ABCG8,24,0.32527281397669255,0.06482678200536202,0.26044603197133054
74,POLR1B,CRYGB,24,1.1265840012619401,0.29252466996347687,0.8340593312984632
75,POLR2E,PGLYRP2,24,0.774398366792025,-0.0561786562316399,0.8305770230236649
76,POLR2L,CABP2,24,0.39366701584561614,0.5659254408209765,-0.17225842497536037
77,POLR3H,PNPLA5,24,0.2522963157345676,-0.006007998739008921,0.25830431447357655
78,POP1,CHRNA6,24,0.9267051941529156,0.10468286358479378,0.8220223305681218
79,POP5,KRT86,24,0.8054820174660712,0.15916881748553904,0.6463131999805322
80,PREB,TBR1,24,0.06616984126018122,0.1694267891619392,-0.10325694790175799
81,PRPF38B,TAS1R2,24,0.8478804718781968,0.43311637686865523,0.4147640950095416
82,PSMA2,ASZ1,24,0.8171945034725077,-0.144634186268991,0.9618286897414987
83,PSMD11,KRT33A,24,0.7988176493270489,0.23649571625154067,0.5623219330755083
84,PSMD13,MS4A10,24,0.5670870518690956,0.08539518840691991,0.4816918634621757
85,PSMG3,FEZF1,24,0.012402007002687652,0.030959602660420325,-0.018557595657732674
86,PTPN23,UROC1,24,0.6612724306152584,0.12977596999385393,0.5314964606214045
87,RACGAP1,LALBA,24,0.3417712212521967,0.6852171998948866,-0.3434459786426899
88,RBBP6,CACNG3,24,0.46313974509974015,0.09025637615019083,0.3728833689495493
89,RCL1,LHX3,24,0.26313661815519207,0.06254659595441141,0.20059002220078065
90,RFC2,MMD2,24,0.26941887341898346,0.19407675280148584,0.07534212061749762
91,RFK,INSL6,24,-0.27670709319955916,0.8198218596677967,-1.0965289528673559
92,SACM1L,CD200R1L,24,0.7058939790404632,0.8245537743552194,-0.11865979531475612
93,SART3,APOBEC1,24,-0.026421628672779304,0.607768878815931,-0.6341905074887103
94,SBNO1,TPH2,24,0.8592283926044472,0.10797455251415038,0.7512538400902968
95,SF1,FGF4,24,0.9067826623466347,0.2609477327963457,0.645834929550289
96,SF3B1,SULT6B1,24,0.36289055411683036,-0.37457139824916924,0.7374619523659995
97,SMC2,SOHLH1,24,0.43082159779981044,0.6764760806684551,-0.24565448286864466
98,SNRNP200,AQP12A,24,0.1561473924636601,0.3094248334281955,-0.15327744096453538
99,SNRNP35,KRT73,24,0.048488022492767235,0.19576243411165567,-0.14727441161888843
100,SRBD1,CNTNAP5,24,1.1055898048756312,-0.16575071023081442,1.2713405151064456
101,SUPT6H,KRT38,24,0.9496727357394998,0.39856575995983123,0.5511069757796686
102,TAF1B,IL1F10,24,0.4715227344378096,0.3239194010791796,0.14760333335863002
103,TAF6,ZNF679,24,0.8113685827593022,0.009073395551395231,0.802295187207907
104,TBCD,KRT37,24,0.7272019692165739,0.7072892748118095,0.019912694404764397
105,TBL3,KCNG4,24,0.7685682318218681,0.094236181079522,0.674332050742346
106,TOP1,GFRA4,24,0.01675298915842834,-0.01856228901481421,0.03531527817324255
107,TTC1,GLRA1,24,0.8676829840975735,-0.12312270797609773,0.9908056920736712
108,TUBGCP3,GRK1,24,0.7803568797336766,-0.08663253528325401,0.8669894150169306
109,TUBGCP6,CACNG2,24,0.3687726310752792,-0.030832139020517464,0.39960477009579665
110,TUT1,MTNR1B,24,0.1686716932813431,0.011986593595080614,0.15668509968626249
111,UBTF,HOXB1,24,0.3766020024820907,0.5672346014927304,-0.19063259901063973
112,UPF1,RAX2,24,0.8981096959868492,0.32344149762115604,0.5746681983656932
113,UPF2,CYP2C19,24,0.8768874568123474,0.20630549999724698,0.6705819568151004
114,VARS,GPX6,24,0.5041257963006591,0.4076276351124246,0.09649816118823451
115,VARS2,RFPL4B,24,0.8127278518333844,0.25194512029519983,0.5607827315381846
116,WDR25,RNASE9,24,0.08999772911348834,0.08801789582936523,0.001979833284123114
117,WDR33,BMP10,24,0.1061535354145728,0.38300666564979036,-0.27685313023521757
118,WDR43,TRIM43,24,0.9256546134948188,0.08562200578822668,0.8400326077065922
119,WDR92,FIGLA,24,0.6490944663889774,-0.061240117709071736,0.7103345840980492
120,ZNF131,IL12B,24,0.02975785184019219,-0.11612712441100549,0.14588497625119767
121,ZNF574,TPRX1,24,-0.015479995620793857,0.13435129487725167,-0.14983129049804553
0,ALG14,CATSPER4,42,0.91418208972168,0.8881974956017328,0.025984594119947246
1,ANAPC2,GPR144,42,0.995372979547273,0.7650169092046697,0.2303560703426033
2,AQR,TRPM1,42,0.7073213285991748,0.912481308199355,-0.20515997960018018
3,ARIH1,PLA2G4E,42,0.9744491276550378,0.5924203392847344,0.3820287883703034
4,ATR,GHSR,42,0.16189386039783613,0.5619513923415058,-0.40005753194366966
5,C1orf109,CLCA1,42,0.4964143776700168,0.7028401506551071,-0.2064257729850903
6,CCT5,SLC6A18,42,0.18679699321032173,0.11724837850000541,0.06954861471031631
7,CDC27,KRT25,42,0.76651317696728,0.3509165216104188,0.41559665535686124
8,CDC5L,GRM4,42,0.9630842062704953,0.40406637640319665,0.5590178298672986
9,CDC73,SPATA21,42,0.8644117531612276,0.5530442445181575,0.31136750864307017
10,CHAF1A,DMRTC2,42,0.6399959687909434,0.5642946004473303,0.07570136834361318
11,CHERP,IRGC,42,0.629544155367656,0.4224802690603578,0.20706388630729816
12,CHMP6,KRT28,42,0.8098175015862736,-0.03090077106537906,0.8407182726516527
13,CLP1,GRM5,42,0.5402817240619538,0.09275419109421738,0.44752753296773645
14,CLTC,KRT40,42,0.6691140713552233,0.6185964939896386,0.05051757736558471
15,CNOT3,NLRP8,42,0.7640417771973154,-0.018973019760295258,0.7830147969576107
16,CPSF2,C14orf183,42,0.686107362430268,0.18803142810862689,0.49807593432164116
17,CPSF4,DTX2,42,0.8442920248900568,0.9496531418397421,-0.10536111694968531
18,CRNKL1,TGM6,42,0.9434624472815961,0.7506740687049728,0.19278837857662334
19,CTDP1,GALR1,42,0.8408207282812198,-0.03431010818811837,0.8751308364693382
20,CTR9,SLC22A12,42,0.8861028034906716,0.09195744886037928,0.7941453546302923
21,DBR1,RTP1,42,0.7910845666557657,0.6116069203823646,0.17947764627340101
22,DDX20,GJA9,42,0.8466074603920813,0.5931650902322705,0.25344237015981086
23,DDX49,TEX101,42,0.27293010457352496,0.2370825589537533,0.03584754561977166
24,DHX33,RND2,42,0.9090339765596489,0.5880243593592325,0.32100961720041643
25,DHX37,TMEM132D,42,1.0824789861667854,-0.0072423821197715775,1.089721368286557
26,DHX8,FOXN1,42,0.5008276662256153,0.7361556665666716,-0.2353280003410564
27,DNM2,NLRP9,42,0.37393306764981954,0.04295953083523962,0.3309735368145799
28,DTL,PLA2G2F,42,0.6151794348969742,0.3751339299012711,0.24004550499570315
29,DTYMK,ALPI,42,1.0052199639471124,0.03962966115170374,0.9655903027954087
30,EIF2B3,RPE65,42,0.3291682636326301,0.9571868855270872,-0.6280186218944571
31,ELL,KLK12,42,1.0300178449147943,0.2995543701007384,0.7304634748140559
32,ERCC2,NLRP4,42,1.0030744780147396,-0.20609386553523704,1.2091683435499767
33,FARS2,GPX5,42,0.5700263379100958,0.3935777582695511,0.17644857964054472
34,FARSA,CABP5,42,0.8839917031527567,-0.04823317563749199,0.9322248787902486
35,FNTA,RP1L1,42,0.22758858454126255,0.5952147099994616,-0.36762612545819906
36,FNTB,ADAM20,42,0.3296799189878097,0.6232210802293556,-0.29354116124154594
37,GEMIN5,GRM6,42,-0.14119937596992926,-0.11103684018428676,-0.0301625357856425
38,GGPS1,TSHB,42,0.47423093609957767,-0.09583136060859002,0.5700622967081677
39,GINS4,GML,42,0.2732891895419222,0.0521190348144927,0.2211701547274295
40,GTF3C1,AQP8,42,1.0462342722933504,0.40221460008144716,0.6440196722119033
41,HAUS5,CCDC155,42,0.8655741094780367,0.1250346957080453,0.7405394137699914
42,HINFP,ACCSL,42,0.8603248276324025,0.2655075957966028,0.5948172318357996
43,HNRNPU,NPHS2,42,0.9766124675587466,0.038309713148297043,0.9383027544104496
44,HUWE1,GUCY2F,42,0.9800894840044662,0.9906486794245558,-0.010559195420089651
45,INTS8,C8orf86,42,0.8781660211050152,0.1689127759179006,0.7092532451871145
46,IPO13,FNDC7,42,1.0146216100861547,0.38189598392882573,0.632725626157329
47,KIF11,CHAT,42,0.08716666071878605,-0.09534495252734035,0.18251161324612641
48,KRI1,FUT5,42,0.9891235265317436,0.38468588634219464,0.604437640189549
49,LSM12,KRT9,42,0.09413115131673483,0.22366208956982433,-0.1295309382530895
50,MASTL,ANTXRL,42,0.5858276214963956,0.7468274300883121,-0.16099980859191654
51,MDN1,TRIM40,42,0.8413291177864725,0.462453909859668,0.37887520792680446
52,MED12,HTR2C,42,0.5467446149954213,0.9854110277820279,-0.4386664127866067
53,MED18,BSND,42,0.4726808644929629,0.4828162533250321,-0.010135388832069159
54,MED27,TXNDC8,42,0.2777575983997055,0.13310293340922016,0.14465466499048532
55,MRPL28,UMOD,42,0.09257856111127787,-0.16048132163952913,0.253059882750807
56,MVK,KRT71,42,0.916015792295839,0.21030916204959157,0.7057066302462474
57,MYBBP1A,AIPL1,42,0.8529777101908839,0.10682391300293871,0.7461537971879452
58,NAMPT,ZNF804B,42,0.7961433078302523,0.42098017330527754,0.3751631345249748
59,NAPA,CYP2A13,42,0.23252672283641027,0.020929760177102,0.21159696265930827
60,NKAP,NYX,42,1.012573416874181,0.8749463252659908,0.1376270916081901
61,NOC4L,LHX5,42,0.9351393788593447,0.05709170954458537,0.8780476693147594
62,NOL10,GKN2,42,0.47924750540385236,0.5503118559316977,-0.07106435052784538
63,NOL9,GUCA2A,42,0.5395307063070196,0.3037064827254168,0.23582422358160282
64,NSF,FAM106A,42,0.3825919812752867,0.9323357468406275,-0.5497437655653408
65,NUDCD3,NPSR1,42,1.170028391740597,0.8154086200681198,0.35461977167247716
66,NUF2,DMRTB1,42,1.0758328628520988,0.29849795978938337,0.7773349030627155
67,NUS1,RFX6,42,0.009324065195438064,0.567690516809171,-0.558366451613733
68,NVL,TRIM67,42,0.21515228279696502,0.5944232535996552,-0.3792709708026902
69,OGDH,C7orf66,42,0.9650039269447516,1.1268685180936213,-0.16186459114886975
70,PCNA,RBPJL,42,0.5605309445434249,0.7327676754678687,-0.1722367309244438
71,PGGT1B,TRPC7,42,0.24170136037044299,0.05071039193383297,0.19099096843661
72,POLA2,UBQLN3,42,0.4312596495156094,0.8293297667331537,-0.3980701172175443
73,POLR1A,ABCG8,42,0.18039473672761952,-0.007422213451179748,0.18781695017879926
74,POLR1B,CRYGB,42,1.2519281294487987,0.752976336940595,0.49895179250820376
75,POLR2E,PGLYRP2,42,0.9137426503859543,-0.015981283733812895,0.9297239341197672
76,POLR2L,CABP2,42,0.7205673122497857,0.8523753281510723,-0.13180801590128666
77,POLR3H,PNPLA5,42,0.7466347595829763,0.13910738939594486,0.6075273701870314
78,POP1,CHRNA6,42,0.9721443486244458,0.5179035118489251,0.45424083677552063
79,POP5,KRT86,42,1.0847928755079799,0.4214170128340237,0.6633758626739561
80,PREB,TBR1,42,0.12970301565370396,0.25276560052600094,-0.12306258487229699
81,PRPF38B,TAS1R2,42,1.058163461258192,0.5164888874005512,0.5416745738576408
82,PSMA2,ASZ1,42,0.8649989228558901,-0.2724292699268317,1.1374281927827217
83,PSMD11,KRT33A,42,0.9062649332664332,0.5584666894442106,0.3477982438222226
84,PSMD13,MS4A10,42,0.7981413430886826,0.1780978599069677,0.6200434831817149
85,PSMG3,FEZF1,42,0.2117265779021486,-0.1594998163562404,0.371226394258389
86,PTPN23,UROC1,42,0.7336402019476994,0.293082391633182,0.4405578103145174
87,RACGAP1,LALBA,42,0.6895611421858414,1.000490147307471,-0.3109290051216296
88,RBBP6,CACNG3,42,1.0229485809894574,0.14785175087702404,0.8750968301124333
89,RCL1,LHX3,42,0.5594712942031691,0.19894570130601666,0.36052559289715247
90,RFC2,MMD2,42,0.621378431541355,0.03998866059915202,0.5813897709422029
91,RFK,INSL6,42,0.1697670529009088,0.9210081028318174,-0.7512410499309087
92,SACM1L,CD200R1L,42,0.7609011220972397,0.8401733189964063,-0.07927219689916665
93,SART3,APOBEC1,42,0.18430653777005027,0.6300250615030092,-0.44571852373295895
94,SBNO1,TPH2,42,1.0606496139704924,0.19949895416908722,0.8611506598014051
95,SF1,FGF4,42,0.9980934931188008,0.20800362572487274,0.7900898673939281
96,SF3B1,SULT6B1,42,0.5807021345631833,-0.13951253684637996,0.7202146714095633
97,SMC2,SOHLH1,42,0.6596204169434946,0.6267673358206688,0.03285308112282581
98,SNRNP200,AQP12A,42,0.3271708524335446,0.6101456721141659,-0.2829748196806213
99,SNRNP35,KRT73,42,0.45203298084245924,0.4459717153280742,0.006061265514385017
100,SRBD1,CNTNAP5,42,1.0600668394741022,-0.275248552677225,1.3353153921513272
101,SUPT6H,KRT38,42,1.039172207049834,0.5702176233986757,0.4689545836511583
102,TAF1B,IL1F10,42,0.7800912645445249,0.6437244305889709,0.13636683395555405
103,TAF6,ZNF679,42,0.9818365315961485,0.11099968051066485,0.8708368510854836
104,TBCD,KRT37,42,1.0906855503013162,0.9334398498557721,0.1572457004455441
105,TBL3,KCNG4,42,1.0909825155555142,0.28140668826720705,0.8095758272883071
106,TOP1,GFRA4,42,0.3082918443797042,-0.016165601588332718,0.32445744596803694
107,TTC1,GLRA1,42,0.9378483726400697,-0.2993451107767465,1.2371934834168163
108,TUBGCP3,GRK1,42,0.9686825131840532,0.17410665145335436,0.7945758617306988
109,TUBGCP6,CACNG2,42,0.6204141477477676,0.18263168275817052,0.43778246498959705
110,TUT1,MTNR1B,42,0.37515041592027326,0.012204221140743092,0.36294619477953016
111,UBTF,HOXB1,42,0.7723502592976009,0.7934422342478169,-0.021091974950215975
112,UPF1,RAX2,42,1.0101817727452878,0.6737347556700873,0.3364470170752004
113,UPF2,CYP2C19,42,1.104524794523171,0.3079516091257112,0.7965731853974599
114,VARS,GPX6,42,0.8157586169612916,0.7174935550603093,0.09826506190098228
115,VARS2,RFPL4B,42,1.078712143577879,0.38349058636999084,0.6952215572078881
116,WDR25,RNASE9,42,0.2755203752202784,0.4845741108593198,-0.2090537356390414
117,WDR33,BMP10,42,0.20217942920693316,0.8283701637340927,-0.6261907345271596
118,WDR43,TRIM43,42,1.1938221043567374,0.05976413791611582,1.1340579664406216
119,WDR92,FIGLA,42,0.9648338143259582,-0.20275508106616383,1.167588895392122
120,ZNF131,IL12B,42,0.0347270967305388,-0.00921134671987288,0.04393844345041168
121,ZNF574,TPRX1,42,0.2255843765776774,0.33625495986393017,-0.11067058328625276
0,ALG14,CATSPER4,54,1.131187315148336,1.0839584966979736,0.04722881845036242
1,ANAPC2,GPR144,54,1.1098220754803192,0.9839562096585833,0.12586586582173587
2,AQR,TRPM1,54,0.8484387733470424,0.7737020994348238,0.07473667391221861
3,ARIH1,PLA2G4E,54,1.111291945895925,0.7267837217718078,0.3845082241241171
4,ATR,GHSR,54,0.58175355908746,0.6384126867371007,-0.05665912764964076
5,C1orf109,CLCA1,54,0.8237479930381718,0.9584094338414562,-0.13466144080328435
6,CCT5,SLC6A18,54,0.42304451168402146,0.4683541956588596,-0.045309683974838144
7,CDC27,KRT25,54,0.9481445324773063,0.6727652804591812,0.2753792520181252
8,CDC5L,GRM4,54,1.0114226610348829,0.7075479449629443,0.3038747160719386
9,CDC73,SPATA21,54,1.3154061470056955,0.6826011991477106,0.6328049478579849
10,CHAF1A,DMRTC2,54,1.0941727076480625,0.6471192108740255,0.44705349677403705
11,CHERP,IRGC,54,0.8440628294138133,0.7013785337881261,0.14268429562568719
12,CHMP6,KRT28,54,1.0481088320318233,0.4834146658834841,0.5646941661483391
13,CLP1,GRM5,54,0.7074509002171143,0.7296305213451678,-0.022179621128053495
14,CLTC,KRT40,54,0.8771708961447915,0.9493549375446869,-0.07218404139989543
15,CNOT3,NLRP8,54,1.0058466873654772,0.31842300767899173,0.6874236796864854
16,CPSF2,C14orf183,54,0.9186196630337111,0.798258339929353,0.1203613231043581
17,CPSF4,DTX2,54,1.0280571575721045,0.9917986430138379,0.036258514558266564
18,CRNKL1,TGM6,54,1.051628568159792,0.8094787482760248,0.24214981988376727
19,CTDP1,GALR1,54,1.091057703392002,0.4118842695673328,0.6791734338246691
20,CTR9,SLC22A12,54,0.9992196855584092,0.4315374566576354,0.5676822289007739
21,DBR1,RTP1,54,1.03247615583254,0.6162549568398472,0.4162211989926927
22,DDX20,GJA9,54,0.9054330612977168,0.727484864840004,0.17794819645771287
23,DDX49,TEX101,54,0.6289024407175114,0.5192097723221849,0.10969266839532654
24,DHX33,RND2,54,1.0951783805510018,0.85848545955045,0.23669292100055184
25,DHX37,TMEM132D,54,1.1566218834590778,0.4379244832658418,0.718697400193236
26,DHX8,FOXN1,54,0.8335925548762113,0.8953182717533112,-0.061725716877099934
27,DNM2,NLRP9,54,0.5977703934857374,0.2598120245834051,0.3379583689023323
28,DTL,PLA2G2F,54,0.8973161287616807,0.5545379077978797,0.34277822096380095
29,DTYMK,ALPI,54,0.970815445096483,0.20533477084152574,0.7654806742549572
30,EIF2B3,RPE65,54,0.7626491898509337,1.193887759917323,-0.4312385700663893
31,ELL,KLK12,54,0.9895338319959265,0.45775381358114114,0.5317800184147854
32,ERCC2,NLRP4,54,1.085017402482994,0.14499363660957842,0.9400237658734155
33,FARS2,GPX5,54,0.75173805008475,0.8307528446547437,-0.07901479456999372
34,FARSA,CABP5,54,1.0152723821923721,0.38912631847464535,0.6261460637177267
35,FNTA,RP1L1,54,0.6238613268497175,0.7589772439433681,-0.13511591709365056
36,FNTB,ADAM20,54,0.47490079303010796,0.6631143724349008,-0.18821357940479283
37,GEMIN5,GRM6,54,0.35344153038467135,0.5544233302594251,-0.20098179987475379
38,GGPS1,TSHB,54,0.6584275706087708,0.3764072056888306,0.28202036491994015
39,GINS4,GML,54,0.7045209228004979,0.2646395976115755,0.4398813251889224
40,GTF3C1,AQP8,54,1.0640592325580498,0.5367159569623429,0.5273432755957069
41,HAUS5,CCDC155,54,0.8954280550807313,0.3191873454878601,0.5762407095928712
42,HINFP,ACCSL,54,1.116237633264045,0.48818998348574943,0.6280476497782954
43,HNRNPU,NPHS2,54,1.0565170391506642,0.7084597667797411,0.3480572723709231
44,HUWE1,GUCY2F,54,1.3296694775365672,1.0706823084301185,0.2589871691064487
45,INTS8,C8orf86,54,1.0891144290419603,0.4883464219272637,0.6007680071146966
46,IPO13,FNDC7,54,1.0644484714795936,0.5775731012378599,0.4868753702417338
47,KIF11,CHAT,54,0.4114037493863974,0.03883593054525163,0.37256781884114576
48,KRI1,FUT5,54,0.9829470305800831,0.6495699035886914,0.33337712699139177
49,LSM12,KRT9,54,0.5230654228170758,0.6780757112200799,-0.15501028840300413
50,MASTL,ANTXRL,54,0.9989943698221524,0.9970025825189607,0.0019917873031917166
51,MDN1,TRIM40,54,1.0467795273824265,0.7986524030048375,0.248127124377589
52,MED12,HTR2C,54,0.6735493077007575,1.2122772876264343,-0.5387279799256768
53,MED18,BSND,54,0.78356469321083,0.5043205757244921,0.27924411748633793
54,MED27,TXNDC8,54,0.7839535248645764,0.44932970605863864,0.3346238188059377
55,MRPL28,UMOD,54,0.7725356867231133,0.3126205684775475,0.45991511824556586
56,MVK,KRT71,54,1.1177980740063123,0.20520433071699107,0.9125937432893212
57,MYBBP1A,AIPL1,54,0.9982167425911864,0.2784162680012717,0.7198004745899147
58,NAMPT,ZNF804B,54,1.042845080765434,0.9436260731456442,0.09921900761978975
59,NAPA,CYP2A13,54,0.37275068954285745,0.5005572458323665,-0.12780655628950904
60,NKAP,NYX,54,1.2003389306730619,0.920844977498006,0.2794939531750559
61,NOC4L,LHX5,54,1.0259381986509952,0.36659838105181325,0.659339817599182
62,NOL10,GKN2,54,0.8384525652212166,0.9022485582930357,-0.06379599307181916
63,NOL9,GUCA2A,54,0.8159077380724343,0.4079095409746905,0.4079981970977438
64,NSF,FAM106A,54,0.6832229613312477,1.0826009206210918,-0.3993779592898441
65,NUDCD3,NPSR1,54,1.018288982473701,0.9987494664135431,0.019539516060157802
66,NUF2,DMRTB1,54,1.0059481069387644,0.6005663991081706,0.4053817078305938
67,NUS1,RFX6,54,0.5192164257073457,0.6931209870146479,-0.17390456130730214
68,NVL,TRIM67,54,0.5684850417018795,0.6996479051115927,-0.13116286340971317
69,OGDH,C7orf66,54,1.1836353185913668,1.1384863213485976,0.04514899724276922
70,PCNA,RBPJL,54,1.1482884033544933,0.7512890553042085,0.3969993480502848
71,PGGT1B,TRPC7,54,0.5193602592743861,0.26994370611724017,0.24941655315714595
72,POLA2,UBQLN3,54,0.7806510164562732,0.9087325669255115,-0.1280815504692383
73,POLR1A,ABCG8,54,0.5185375965200922,0.3697745725041016,0.14876302401599062
74,POLR1B,CRYGB,54,1.1320510738788294,0.8931004487150163,0.23895062516381316
75,POLR2E,PGLYRP2,54,1.0979096856733912,0.3122825049146025,0.7856271807587887
76,POLR2L,CABP2,54,1.0123194968329041,1.0212196983775002,-0.008900201544596031
77,POLR3H,PNPLA5,54,0.9397172987588159,0.3244305344897426,0.6152867642690734
78,POP1,CHRNA6,54,1.1076547233187568,0.5783361348222749,0.529318588496482
79,POP5,KRT86,54,1.1642727999293756,0.6874193365895621,0.4768534633398135
80,PREB,TBR1,54,0.4036185207352167,0.21092223447400735,0.19269628626120935
81,PRPF38B,TAS1R2,54,1.0513760179982155,0.7660251347879323,0.2853508832102831
82,PSMA2,ASZ1,54,0.9489351735961692,0.42259977211322286,0.5263354014829463
83,PSMD11,KRT33A,54,0.9943835588118339,0.7763229505897269,0.21806060822210704
84,PSMD13,MS4A10,54,0.9499584558134146,0.26027635195234283,0.6896821038610719
85,PSMG3,FEZF1,54,0.6910483273119848,0.41577443292818606,0.2752738943837988
86,PTPN23,UROC1,54,0.9253936878443965,0.628449490522978,0.2969441973214184
87,RACGAP1,LALBA,54,0.9205151614847753,0.8757312789552829,0.04478388252949239
88,RBBP6,CACNG3,54,1.1901147268919923,0.4608086044422942,0.7293061224496981
89,RCL1,LHX3,54,0.8442189705868514,0.4795712868492526,0.36464768373759876
90,RFC2,MMD2,54,0.9216272417154322,0.4913883210067849,0.4302389207086473
91,RFK,INSL6,54,0.6730907802752628,1.0342043180259806,-0.36111353775071775
92,SACM1L,CD200R1L,54,1.0566901936000213,1.022668169447163,0.034022024152858155
93,SART3,APOBEC1,54,0.37319525261887315,0.8873206805491322,-0.514125427930259
94,SBNO1,TPH2,54,1.102502693032226,0.5003788204035079,0.602123872628718
95,SF1,FGF4,54,1.0088116137905585,0.5047011959981191,0.5041104177924394
96,SF3B1,SULT6B1,54,0.8614955721768005,0.37096869425265133,0.4905268779241492
97,SMC2,SOHLH1,54,0.9030626854557627,0.9677695063648011,-0.06470682090903834
98,SNRNP200,AQP12A,54,0.4081927537732842,0.7113576970025591,-0.30316494322927495
99,SNRNP35,KRT73,54,0.6406984964862946,0.5388273530517994,0.10187114343449521
100,SRBD1,CNTNAP5,54,1.17858318172286,0.4771409155674075,0.7014422661554525
101,SUPT6H,KRT38,54,1.0057183454685195,0.6998675363190417,0.3058508091494777
102,TAF1B,IL1F10,54,1.006528263661174,0.7719597939796151,0.23456846968155898
103,TAF6,ZNF679,54,0.9263990945788101,0.2794781153302012,0.6469209792486088
104,TBCD,KRT37,54,1.0784085709862785,0.9869816509282838,0.09142692005799469
105,TBL3,KCNG4,54,1.247972375207817,0.4511587306848871,0.7968136445229298
106,TOP1,GFRA4,54,0.6344132442776748,0.464867357927547,0.16954588635012774
107,TTC1,GLRA1,54,1.0637237334408611,0.3972272631297726,0.6664964703110885
108,TUBGCP3,GRK1,54,1.0548582451557185,0.27011318472805557,0.7847450604276629
109,TUBGCP6,CACNG2,54,0.933915630996395,0.5096662492248819,0.42424938177151306
110,TUT1,MTNR1B,54,0.7545368380815279,0.2937224841080852,0.4608143539734427
111,UBTF,HOXB1,54,1.0239833491887333,0.9075695477447657,0.11641380144396762
112,UPF1,RAX2,54,0.9920623895911258,0.7538846154559421,0.2381777741351837
113,UPF2,CYP2C19,54,1.127381345884564,0.60930072976697,0.518080616117594
114,VARS,GPX6,54,1.0821319619443248,0.8797593667797551,0.20237259516456974
115,VARS2,RFPL4B,54,1.1023857464060411,0.6710244585584483,0.43136128784759287
116,WDR25,RNASE9,54,0.5164236243535711,0.7311066246061861,-0.214683000252615
117,WDR33,BMP10,54,0.8019836668015903,0.99051032235897,-0.18852665555737969
118,WDR43,TRIM43,54,1.0666837540393943,0.28519141087805916,0.7814923431613352
119,WDR92,FIGLA,54,0.8841930373042465,0.2479145313281533,0.6362785059760931
120,ZNF131,IL12B,54,0.5503793554738291,0.258346635832187,0.2920327196416421
121,ZNF574,TPRX1,54,0.5536538035150769,0.5052030107919551,0.048450792723121805
0,ALG14,CATSPER4,68,0.9285473233865508,1.1804505037698934,-0.2519031803833426
1,ANAPC2,GPR144,68,1.1698196763861424,1.1085862954823589,0.061233380903783496
2,AQR,TRPM1,68,0.90541571786099,1.1345116446967807,-0.22909592683579072
3,ARIH1,PLA2G4E,68,1.0198171688585007,0.895964065802171,0.12385310305632968
4,ATR,GHSR,68,0.7993884130002333,0.8236518095635609,-0.024263396563327544
5,C1orf109,CLCA1,68,1.0114424474631198,1.0848984564486435,-0.07345600898552362
6,CCT5,SLC6A18,68,0.7782704756130915,0.5072119595598189,0.2710585160532726
7,CDC27,KRT25,68,1.012944737983943,0.9109325877692291,0.10201215021471377
8,CDC5L,GRM4,68,1.1419130913760782,0.9140724698966264,0.22784062147945183
9,CDC73,SPATA21,68,1.4553514861671537,0.9047807664484978,0.5505707197186559
10,CHAF1A,DMRTC2,68,1.0752893966155432,0.8894659684262056,0.1858234281893376
11,CHERP,IRGC,68,0.8752308324472097,0.8023798693802017,0.072850963067008
12,CHMP6,KRT28,68,1.1692078432154713,0.7320894906527701,0.43711835256270126
13,CLP1,GRM5,68,0.804805146285038,0.7653034806303235,0.03950166565471447
14,CLTC,KRT40,68,1.0109577195564396,0.9331559941767734,0.07780172537966623
15,CNOT3,NLRP8,68,1.0439326287628004,0.4390232745772057,0.6049093541855947
16,CPSF2,C14orf183,68,1.0170513346666001,0.862844116951163,0.1542072177154371
17,CPSF4,DTX2,68,1.088535704973768,1.0074488039721332,0.08108690100163485
18,CRNKL1,TGM6,68,1.1607568446965,0.8531707689997355,0.30758607569676444
19,CTDP1,GALR1,68,1.091113506139106,0.46309436220462585,0.6280191439344801
20,CTR9,SLC22A12,68,1.0959857553061447,0.5209943644758742,0.5749913908302705
21,DBR1,RTP1,68,1.0721823492637104,0.830049603063058,0.2421327462006524
22,DDX20,GJA9,68,1.080255912689983,0.9331342589941066,0.1471216536958765
23,DDX49,TEX101,68,0.9090723383872312,0.6765955754002675,0.23247676298696374
24,DHX33,RND2,68,1.117849264764112,1.0580209975626587,0.0598282672014534
25,DHX37,TMEM132D,68,1.120172963537917,0.6522039862737041,0.4679689772642128
26,DHX8,FOXN1,68,0.9532960564241687,0.9890253007046886,-0.035729244280519934
27,DNM2,NLRP9,68,0.8084481538543331,0.4028312004506816,0.4056169534036515
28,DTL,PLA2G2F,68,0.9701787701623501,0.6626316047263777,0.3075471654359724
29,DTYMK,ALPI,68,0.9809910160240212,0.2633418762328824,0.7176491397911388
30,EIF2B3,RPE65,68,0.9482037582001568,1.28653451861458,-0.3383307604144232
31,ELL,KLK12,68,0.982056621465857,0.5646973563770554,0.4173592650888016
32,ERCC2,NLRP4,68,1.1429352819453003,0.3962705366526928,0.7466647452926074
33,FARS2,GPX5,68,0.8654125654543854,0.9356940066011683,-0.07028144114678292
34,FARSA,CABP5,68,1.0084467287535082,0.6142244919313781,0.3942222368221301
35,FNTA,RP1L1,68,1.0013695249471948,1.0017363597915125,-0.0003668348443177649
36,FNTB,ADAM20,68,0.7037107353634254,1.0257986369195105,-0.322087901556085
37,GEMIN5,GRM6,68,0.5112188163004806,0.7549300336478971,-0.24371121734741652
38,GGPS1,TSHB,68,0.9502148810742184,0.6857430525176006,0.26447182855661777
39,GINS4,GML,68,0.7755923625923719,0.4984566773729024,0.27713568521946946
40,GTF3C1,AQP8,68,1.0936703635018539,0.7268728467457165,0.36679751675613737
41,HAUS5,CCDC155,68,0.9550719595561963,0.5204033598314399,0.43466859972475635
42,HINFP,ACCSL,68,1.2095069394772728,0.6565929578182527,0.5529139816590202
43,HNRNPU,NPHS2,68,1.0700978391517297,0.9364731977454002,0.13362464140632957
44,HUWE1,GUCY2F,68,1.2570525439563607,1.1627398827007989,0.09431266125556181
45,INTS8,C8orf86,68,1.0673601772566856,0.6817175591895897,0.385642618067096
46,IPO13,FNDC7,68,1.1463266402041234,0.7370090522636356,0.4093175879404879
47,KIF11,CHAT,68,0.6257063852202198,0.42436089035103486,0.20134549486918496
48,KRI1,FUT5,68,1.0799959128144467,0.8581816895491714,0.22181422326527533
49,LSM12,KRT9,68,0.8030709150922284,0.9500334197016772,-0.14696250460944882
50,MASTL,ANTXRL,68,1.0932600362528753,1.0112824862381624,0.08197755001471285
51,MDN1,TRIM40,68,1.0824165157254302,0.9401679502722444,0.14224856545318576
52,MED12,HTR2C,68,0.6323392656952438,1.0147528799320715,-0.38241361423682774
53,MED18,BSND,68,0.8818134614055431,0.6348561668878303,0.24695729451771276
54,MED27,TXNDC8,68,0.8992150048863762,0.6298186102510475,0.2693963946353287
55,MRPL28,UMOD,68,1.0017263711149444,0.5218458741510021,0.4798804969639423
56,MVK,KRT71,68,1.1165902536163506,0.30678482637973253,0.809805427236618
57,MYBBP1A,AIPL1,68,1.1207363001899497,0.5890294184197125,0.5317068817702373
58,NAMPT,ZNF804B,68,1.096125861049858,0.8038011128275903,0.29232474822226784
59,NAPA,CYP2A13,68,0.3522057701167251,0.8051045269828285,-0.4528987568661034
60,NKAP,NYX,68,1.131495093899393,0.7902857175644669,0.3412093763349262
61,NOC4L,LHX5,68,1.0224835240072376,0.5319830146180035,0.4905005093892342
62,NOL10,GKN2,68,0.9044011598318544,0.8674614469138968,0.03693971291795761
63,NOL9,GUCA2A,68,0.921701319314535,0.6191439545971219,0.3025573647174131
64,NSF,FAM106A,68,0.779194190703448,1.0842419275623725,-0.3050477368589245
65,NUDCD3,NPSR1,68,1.2596715888623642,1.1392749205262875,0.12039666833607665
66,NUF2,DMRTB1,68,1.125261637323649,0.8696696882830246,0.25559194904062443
67,NUS1,RFX6,68,0.6920819445677521,0.8165106848129924,-0.12442874024524031
68,NVL,TRIM67,68,0.7458255436481096,0.9044384346234041,-0.15861289097529452
69,OGDH,C7orf66,68,1.147539828255566,1.2314556904510772,-0.08391586219551117
70,PCNA,RBPJL,68,1.355378714268235,0.9498445232318072,0.40553419103642774
71,PGGT1B,TRPC7,68,0.6945947896080902,0.6642188203565705,0.03037596925151964
72,POLA2,UBQLN3,68,0.9216331920191795,0.8486230595623039,0.0730101324568756
73,POLR1A,ABCG8,68,0.6816439643856852,0.38261785793594955,0.29902610644973565
74,POLR1B,CRYGB,68,1.288941902416894,1.0326164466299024,0.2563254557869916
75,POLR2E,PGLYRP2,68,1.1312016065138617,0.4391642437113497,0.692037362802512
76,POLR2L,CABP2,68,0.9657171007015537,1.0732411281103311,-0.10752402740877742
77,POLR3H,PNPLA5,68,1.0356949180508614,0.4893932533227092,0.5463016647281522
78,POP1,CHRNA6,68,1.0297281051425766,0.83560656713972,0.1941215380028566
79,POP5,KRT86,68,1.2741817661143497,0.8738114795940591,0.4003702865202906
80,PREB,TBR1,68,0.5150437841134337,0.3274778668598359,0.18756591725359778
81,PRPF38B,TAS1R2,68,1.0386700299723886,0.8023309274872699,0.2363391024851187
82,PSMA2,ASZ1,68,1.1701681550374665,0.6886247212086987,0.48154343382876785
83,PSMD11,KRT33A,68,0.9550084571435783,0.9644613696291375,-0.00945291248555924
84,PSMD13,MS4A10,68,1.0036032497668448,0.3644450683746711,0.6391581813921736
85,PSMG3,FEZF1,68,0.9263788337403476,0.6243960697913732,0.3019827639489744
86,PTPN23,UROC1,68,0.919533722818756,0.72194557438553,0.19758814843322603
87,RACGAP1,LALBA,68,1.0268939317669814,1.092767591359624,-0.06587365959264257
88,RBBP6,CACNG3,68,1.0798492380454339,0.8714105987595349,0.208438639285899
89,RCL1,LHX3,68,0.8920873222457655,0.6472240984843635,0.24486322376140202
90,RFC2,MMD2,68,1.0399734866097927,0.6239996592707376,0.4159738273390551
91,RFK,INSL6,68,1.0579069998750228,1.081935957602375,-0.02402895772735225
92,SACM1L,CD200R1L,68,1.2338622604111487,1.072647150264713,0.16121511014643564
93,SART3,APOBEC1,68,0.4552849600685385,1.1180178012365676,-0.6627328411680291
94,SBNO1,TPH2,68,1.1756044403088457,0.7597122186814175,0.4158922216274282
95,SF1,FGF4,68,0.9895714499437548,0.4893208635498477,0.5002505863939071
96,SF3B1,SULT6B1,68,0.9103207500881004,0.5037974093596633,0.4065233407284371
97,SMC2,SOHLH1,68,0.9113919544002804,0.9339347462247124,-0.022542791824431974
98,SNRNP200,AQP12A,68,0.5656550936314502,0.746884712809309,-0.18122961917785885
99,SNRNP35,KRT73,68,0.7233952028864186,0.7294134078092002,-0.0060182049227816
100,SRBD1,CNTNAP5,68,1.1803057851764727,0.6587204899662242,0.5215852952102484
101,SUPT6H,KRT38,68,1.0752220457145194,0.9206308217175245,0.15459122399699488
102,TAF1B,IL1F10,68,1.2431149995107527,0.9943505663477713,0.24876443316298136
103,TAF6,ZNF679,68,1.043103517972567,0.34326824823024676,0.6998352697423202
104,TBCD,KRT37,68,1.1730419525864832,1.063779021925982,0.1092629306605013
105,TBL3,KCNG4,68,1.221143139546352,0.627438365246382,0.5937047742999699
106,TOP1,GFRA4,68,0.8433038829271394,0.6246381605347164,0.218665722392423
107,TTC1,GLRA1,68,1.1210411630815418,0.7249879724484015,0.39605319063314026
108,TUBGCP3,GRK1,68,1.10176649756653,0.49183958786800014,0.6099269096985298
109,TUBGCP6,CACNG2,68,1.05168715573654,0.5644115256779484,0.48727563005859154
110,TUT1,MTNR1B,68,0.9309859857111957,0.48106321708162453,0.4499227686295712
111,UBTF,HOXB1,68,1.1329156012513164,0.9945765539446014,0.13833904730671498
112,UPF1,RAX2,68,0.9598173288601862,0.7820095369558585,0.17780779190432772
113,UPF2,CYP2C19,68,1.104424614321128,0.7957258441256447,0.3086987701954833
114,VARS,GPX6,68,1.0407374444240634,1.0083575129204387,0.032379931503624615
115,VARS2,RFPL4B,68,1.0928876094404707,0.8942189683253112,0.19866864111515947
116,WDR25,RNASE9,68,0.8812143359102214,0.8142615529995589,0.06695278291066242
117,WDR33,BMP10,68,0.8275205347969852,0.9269889323614049,-0.09946839756441972
118,WDR43,TRIM43,68,1.1255972702269361,0.4959873564194313,0.6296099138075049
119,WDR92,FIGLA,68,0.9534240797067411,0.4966501885455187,0.45677389116122247
120,ZNF131,IL12B,68,0.7370262356540082,0.38314301634168957,0.3538832193123186
121,ZNF574,TPRX1,68,0.623619253152015,0.6478775946057923,-0.024258341453777255
