endpoint,units,essential_mean,control_mean,contrast,heterogeneity_bootstrap_low,heterogeneity_bootstrap_high
DNA_day14,122,0.24891395979328734,0.09428450924096278,0.15462945055232463,0.09168042993986839,0.21705339638709295
DNA_day24,122,0.47740871953824277,0.2228207753861973,0.2545879441520454,0.17867500907591102,0.3316222239939959
DNA_day42,122,0.6858736884315041,0.3737312385699891,0.3121424498615155,0.2316231175051995,0.39434694111172564
DNA_day54,122,0.8964463023937589,0.6240181520869925,0.2724281503067667,0.2156759208152051,0.3300839025805077
DNA_day68,122,0.9860995861806006,0.7723037339610184,0.21379585221958206,0.1655984202620393,0.26229782827620807
RNA_day42,2,0.5571921100202497,0.5842856877519329,-0.027093577731683194,-0.27127593551718576,0.21708878005381937
WT_minus_3BKO_day14,226,0.160820644481619,0.039512082666071105,0.12130856181554803,0.08708488461774111,0.1570368594789434
WT_minus_3BKO_day24,226,0.3465921731593458,0.12396692991331486,0.22262524324603103,0.18137884915240599,0.2644916135344546
WT_minus_3BKO_day42,226,0.5314766865085948,0.23650803167917964,0.2949686548294153,0.25100545145594627,0.3407242722630986
WT_minus_3BKO_day54,226,0.7559533200430829,0.42330308000292954,0.3326502400401539,0.29869984883299017,0.3681354507267699
WT_minus_3BKO_day68,226,0.8774611687321873,0.5514176487776989,0.3260435199544884,0.2961856422238598,0.3565688316981604
