outcome,held_out_donor,n,penalty,model,baseline_mse,model_mse,mse_gain_vs_baseline
RNA_ECM_absolute_32,HC1,17,0.001,baseline,0.005479723091828693,0.005479723091828693,0
RNA_ECM_absolute_32,HC1,17,0.001,unweighted,0.005479723091828693,0.0054469033041150364,0.00003281978771365585
RNA_ECM_absolute_32,HC1,17,0.001,functional_ECM,0.005479723091828693,0.005395736769180825,0.00008398632264786752
RNA_ECM_absolute_32,HC1,17,0.001,ESL,0.005479723091828693,0.005549716412855695,-0.00006999332102700177
RNA_ECM_absolute_32,HC1,17,0.001,matched_random_0,0.005479723091828693,0.005673761050071588,-0.000194037958242895
RNA_ECM_absolute_32,HC1,17,0.001,matched_random_1,0.005479723091828693,0.005596618938073262,-0.00011689584624456873
RNA_ECM_absolute_32,HC1,17,0.001,matched_random_2,0.005479723091828693,0.00565595569299258,-0.00017623260116388749
RNA_ECM_absolute_32,HC1,17,0.001,matched_random_3,0.005479723091828693,0.005564311661958565,-0.00008458857012987205
RNA_ECM_absolute_32,HC1,17,0.001,matched_random_4,0.005479723091828693,0.005717531386592103,-0.00023780829476341005
RNA_ECM_absolute_32,HC1,17,0.001,matched_random_5,0.005479723091828693,0.005363598658909916,0.00011612443291877693
RNA_ECM_absolute_32,HC1,17,0.001,matched_random_6,0.005479723091828693,0.005324767125727621,0.00015495596610107162
RNA_ECM_absolute_32,HC1,17,0.001,matched_random_7,0.005479723091828693,0.005455904143950259,0.00002381894787843322
RNA_ECM_absolute_32,HC1,17,0.001,matched_random_8,0.005479723091828693,0.005490003280915149,-0.000010280189086456226
RNA_ECM_absolute_32,HC1,17,0.001,matched_random_9,0.005479723091828693,0.005260382607219758,0.00021934048460893474
RNA_ECM_absolute_32,HC1,17,0.001,matched_random_10,0.005479723091828693,0.0054582175735598485,0.000021505518268843784
RNA_ECM_absolute_32,HC1,17,0.001,matched_random_11,0.005479723091828693,0.005330093257053046,0.0001496298347756473
RNA_ECM_absolute_32,HC1,17,0.001,matched_random_12,0.005479723091828693,0.005373079501580439,0.00010664359024825408
RNA_ECM_absolute_32,HC1,17,0.001,matched_random_13,0.005479723091828693,0.005510569590487406,-0.0000308464986587134
RNA_ECM_absolute_32,HC1,17,0.001,matched_random_14,0.005479723091828693,0.005596655805108057,-0.00011693271327936465
RNA_ECM_absolute_32,HC1,17,0.001,matched_random_15,0.005479723091828693,0.005523776498758406,-0.000044053406929713565
RNA_ECM_absolute_32,HC1,17,0.001,matched_random_16,0.005479723091828693,0.0052952836554915296,0.00018443943633716277
RNA_ECM_absolute_32,HC1,17,0.001,matched_random_17,0.005479723091828693,0.005463423685608473,0.00001629940622021989
RNA_ECM_absolute_32,HC1,17,0.001,matched_random_18,0.005479723091828693,0.0054477739010980455,0.00003194919073064703
RNA_ECM_absolute_32,HC1,17,0.001,matched_random_19,0.005479723091828693,0.005390278323224065,0.00008944476860462746
RNA_ECM_absolute_32,HC1,17,0.01,baseline,0.0057000023476002915,0.0057000023476002915,0
RNA_ECM_absolute_32,HC1,17,0.01,unweighted,0.0057000023476002915,0.005549009564492075,0.00015099278310821648
RNA_ECM_absolute_32,HC1,17,0.01,functional_ECM,0.0057000023476002915,0.005555907945220252,0.0001440944023800401
RNA_ECM_absolute_32,HC1,17,0.01,ESL,0.0057000023476002915,0.005700413222154786,-0.0000004108745544947073
RNA_ECM_absolute_32,HC1,17,0.01,matched_random_0,0.0057000023476002915,0.005502704800332116,0.0001972975472681751
RNA_ECM_absolute_32,HC1,17,0.01,matched_random_1,0.0057000023476002915,0.005523812071517102,0.0001761902760831899
RNA_ECM_absolute_32,HC1,17,0.01,matched_random_2,0.0057000023476002915,0.005532899492064274,0.0001671028555360177
RNA_ECM_absolute_32,HC1,17,0.01,matched_random_3,0.0057000023476002915,0.005561761102691458,0.00013824124490883314
RNA_ECM_absolute_32,HC1,17,0.01,matched_random_4,0.0057000023476002915,0.0056850266223675535,0.000014975725232737831
RNA_ECM_absolute_32,HC1,17,0.01,matched_random_5,0.0057000023476002915,0.005519921860695119,0.00018008048690517218
RNA_ECM_absolute_32,HC1,17,0.01,matched_random_6,0.0057000023476002915,0.005422385108392317,0.00027761723920797496
RNA_ECM_absolute_32,HC1,17,0.01,matched_random_7,0.0057000023476002915,0.005400612258295327,0.00029939008930496443
RNA_ECM_absolute_32,HC1,17,0.01,matched_random_8,0.0057000023476002915,0.0055807302366397225,0.00011927211096056867
RNA_ECM_absolute_32,HC1,17,0.01,matched_random_9,0.0057000023476002915,0.0053460650194845395,0.00035393732811575215
RNA_ECM_absolute_32,HC1,17,0.01,matched_random_10,0.0057000023476002915,0.005472009495223208,0.00022799285237708352
RNA_ECM_absolute_32,HC1,17,0.01,matched_random_11,0.0057000023476002915,0.005504066712011159,0.000195935635589132
RNA_ECM_absolute_32,HC1,17,0.01,matched_random_12,0.0057000023476002915,0.005460371883390547,0.00023963046420974465
RNA_ECM_absolute_32,HC1,17,0.01,matched_random_13,0.0057000023476002915,0.005593301416274624,0.00010670093132566733
RNA_ECM_absolute_32,HC1,17,0.01,matched_random_14,0.0057000023476002915,0.005493739447035346,0.00020626290056494488
RNA_ECM_absolute_32,HC1,17,0.01,matched_random_15,0.0057000023476002915,0.005425110520123351,0.00027489182747694003
RNA_ECM_absolute_32,HC1,17,0.01,matched_random_16,0.0057000023476002915,0.00538531405180069,0.00031468829579960137
RNA_ECM_absolute_32,HC1,17,0.01,matched_random_17,0.0057000023476002915,0.0054672647094879566,0.00023273763811233506
RNA_ECM_absolute_32,HC1,17,0.01,matched_random_18,0.0057000023476002915,0.005410312289799342,0.00028969005780094963
RNA_ECM_absolute_32,HC1,17,0.01,matched_random_19,0.0057000023476002915,0.005376132631348486,0.00032386971625180576
RNA_ECM_absolute_32,HC1,17,0.1,baseline,0.008516206999589227,0.008516206999589227,0
RNA_ECM_absolute_32,HC1,17,0.1,unweighted,0.008516206999589227,0.00823449653342976,0.0002817104661594676
RNA_ECM_absolute_32,HC1,17,0.1,functional_ECM,0.008516206999589227,0.008318349036092167,0.00019785796349706055
RNA_ECM_absolute_32,HC1,17,0.1,ESL,0.008516206999589227,0.008512193026856405,0.0000040139727328211855
RNA_ECM_absolute_32,HC1,17,0.1,matched_random_0,0.008516206999589227,0.008240035222402537,0.0002761717771866891
RNA_ECM_absolute_32,HC1,17,0.1,matched_random_1,0.008516206999589227,0.008325778714356044,0.0001904282852331825
RNA_ECM_absolute_32,HC1,17,0.1,matched_random_2,0.008516206999589227,0.008303918083105516,0.00021228891648371085
RNA_ECM_absolute_32,HC1,17,0.1,matched_random_3,0.008516206999589227,0.008302354721214916,0.00021385227837431183
RNA_ECM_absolute_32,HC1,17,0.1,matched_random_4,0.008516206999589227,0.008294611758592788,0.00022159524099643938
RNA_ECM_absolute_32,HC1,17,0.1,matched_random_5,0.008516206999589227,0.00831212793961146,0.00020407905997776702
RNA_ECM_absolute_32,HC1,17,0.1,matched_random_6,0.008516206999589227,0.008267713873197401,0.0002484931263918251
RNA_ECM_absolute_32,HC1,17,0.1,matched_random_7,0.008516206999589227,0.00828307978483902,0.0002331272147502058
RNA_ECM_absolute_32,HC1,17,0.1,matched_random_8,0.008516206999589227,0.00834037494112498,0.0001758320584642481
RNA_ECM_absolute_32,HC1,17,0.1,matched_random_9,0.008516206999589227,0.008233051369043355,0.00028315563054587267
RNA_ECM_absolute_32,HC1,17,0.1,matched_random_10,0.008516206999589227,0.008260399274195512,0.00025580772539371573
RNA_ECM_absolute_32,HC1,17,0.1,matched_random_11,0.008516206999589227,0.008304589380480442,0.00021161761910878438
RNA_ECM_absolute_32,HC1,17,0.1,matched_random_12,0.008516206999589227,0.008237891753124569,0.0002783152464646587
RNA_ECM_absolute_32,HC1,17,0.1,matched_random_13,0.008516206999589227,0.008320912923813657,0.00019529407577556992
RNA_ECM_absolute_32,HC1,17,0.1,matched_random_14,0.008516206999589227,0.008209867077274991,0.00030633992231423506
RNA_ECM_absolute_32,HC1,17,0.1,matched_random_15,0.008516206999589227,0.008233427574169797,0.00028277942541942943
RNA_ECM_absolute_32,HC1,17,0.1,matched_random_16,0.008516206999589227,0.008241793847063486,0.0002744131525257399
RNA_ECM_absolute_32,HC1,17,0.1,matched_random_17,0.008516206999589227,0.008252575368314878,0.00026363163127434764
RNA_ECM_absolute_32,HC1,17,0.1,matched_random_18,0.008516206999589227,0.008292085294440463,0.00022412170514876488
RNA_ECM_absolute_32,HC1,17,0.1,matched_random_19,0.008516206999589227,0.008270670081780132,0.0002455369178090955
RNA_ECM_absolute_32,HC2,23,0.001,baseline,0.013273525050324536,0.013273525050324536,0
RNA_ECM_absolute_32,HC2,23,0.001,unweighted,0.013273525050324536,0.011801282842479235,0.0014722422078452993
RNA_ECM_absolute_32,HC2,23,0.001,functional_ECM,0.013273525050324536,0.012316391636176528,0.0009571334141480071
RNA_ECM_absolute_32,HC2,23,0.001,ESL,0.013273525050324536,0.012990842735364154,0.00028268231496038175
RNA_ECM_absolute_32,HC2,23,0.001,matched_random_0,0.013273525050324536,0.010659509568721482,0.002614015481603053
RNA_ECM_absolute_32,HC2,23,0.001,matched_random_1,0.013273525050324536,0.0114139849914652,0.0018595400588593354
RNA_ECM_absolute_32,HC2,23,0.001,matched_random_2,0.013273525050324536,0.011338578971984273,0.001934946078340262
RNA_ECM_absolute_32,HC2,23,0.001,matched_random_3,0.013273525050324536,0.011946544776354637,0.0013269802739698992
RNA_ECM_absolute_32,HC2,23,0.001,matched_random_4,0.013273525050324536,0.011962590242130785,0.0013109348081937514
RNA_ECM_absolute_32,HC2,23,0.001,matched_random_5,0.013273525050324536,0.012007620515143615,0.0012659045351809202
RNA_ECM_absolute_32,HC2,23,0.001,matched_random_6,0.013273525050324536,0.011477944236401553,0.0017955808139229817
RNA_ECM_absolute_32,HC2,23,0.001,matched_random_7,0.013273525050324536,0.010940285357161258,0.002333239693163277
RNA_ECM_absolute_32,HC2,23,0.001,matched_random_8,0.013273525050324536,0.012152716917534518,0.0011208081327900177
RNA_ECM_absolute_32,HC2,23,0.001,matched_random_9,0.013273525050324536,0.010972777996758531,0.0023007470535660033
RNA_ECM_absolute_32,HC2,23,0.001,matched_random_10,0.013273525050324536,0.011269902299175523,0.002003622751149012
RNA_ECM_absolute_32,HC2,23,0.001,matched_random_11,0.013273525050324536,0.012130565737839771,0.001142959312484764
RNA_ECM_absolute_32,HC2,23,0.001,matched_random_12,0.013273525050324536,0.01158291936250773,0.0016906056878168054
RNA_ECM_absolute_32,HC2,23,0.001,matched_random_13,0.013273525050324536,0.011915289699357415,0.00135823535096712
RNA_ECM_absolute_32,HC2,23,0.001,matched_random_14,0.013273525050324536,0.011017238555820468,0.0022562864945040667
RNA_ECM_absolute_32,HC2,23,0.001,matched_random_15,0.013273525050324536,0.011027390215231638,0.002246134835092897
RNA_ECM_absolute_32,HC2,23,0.001,matched_random_16,0.013273525050324536,0.01131745970752513,0.001956065342799404
RNA_ECM_absolute_32,HC2,23,0.001,matched_random_17,0.013273525050324536,0.01116804837326554,0.0021054766770589955
RNA_ECM_absolute_32,HC2,23,0.001,matched_random_18,0.013273525050324536,0.011230825897853064,0.0020426991524714706
RNA_ECM_absolute_32,HC2,23,0.001,matched_random_19,0.013273525050324536,0.010683140574429208,0.002590384475895327
RNA_ECM_absolute_32,HC2,23,0.01,baseline,0.013213446867681184,0.013213446867681184,0
RNA_ECM_absolute_32,HC2,23,0.01,unweighted,0.013213446867681184,0.012023607504434985,0.0011898393632461981
RNA_ECM_absolute_32,HC2,23,0.01,functional_ECM,0.013213446867681184,0.012475638399624124,0.0007378084680570586
RNA_ECM_absolute_32,HC2,23,0.01,ESL,0.013213446867681184,0.013173685783834604,0.000039761083846579915
RNA_ECM_absolute_32,HC2,23,0.01,matched_random_0,0.013213446867681184,0.01139254787207958,0.0018208989956016042
RNA_ECM_absolute_32,HC2,23,0.01,matched_random_1,0.013213446867681184,0.01196860686131239,0.0012448400063687951
RNA_ECM_absolute_32,HC2,23,0.01,matched_random_2,0.013213446867681184,0.011903329683345721,0.0013101171843354618
RNA_ECM_absolute_32,HC2,23,0.01,matched_random_3,0.013213446867681184,0.012241031190921754,0.0009724156767594305
RNA_ECM_absolute_32,HC2,23,0.01,matched_random_4,0.013213446867681184,0.012218124807259076,0.0009953220604221084
RNA_ECM_absolute_32,HC2,23,0.01,matched_random_5,0.013213446867681184,0.012268371526515278,0.0009450753411659053
RNA_ECM_absolute_32,HC2,23,0.01,matched_random_6,0.013213446867681184,0.011952350981110282,0.0012610958865709007
RNA_ECM_absolute_32,HC2,23,0.01,matched_random_7,0.013213446867681184,0.01164744500921273,0.0015660018584684537
RNA_ECM_absolute_32,HC2,23,0.01,matched_random_8,0.013213446867681184,0.012397544899955761,0.0008159019677254221
RNA_ECM_absolute_32,HC2,23,0.01,matched_random_9,0.013213446867681184,0.011429336666151743,0.0017841102015294411
RNA_ECM_absolute_32,HC2,23,0.01,matched_random_10,0.013213446867681184,0.011741387262247138,0.0014720596054340449
RNA_ECM_absolute_32,HC2,23,0.01,matched_random_11,0.013213446867681184,0.012306021947079833,0.0009074249206013509
RNA_ECM_absolute_32,HC2,23,0.01,matched_random_12,0.013213446867681184,0.012021272152724772,0.001192174714956413
RNA_ECM_absolute_32,HC2,23,0.01,matched_random_13,0.013213446867681184,0.012244448090200534,0.0009689987774806486
RNA_ECM_absolute_32,HC2,23,0.01,matched_random_14,0.013213446867681184,0.011554314543494431,0.0016591323241867528
RNA_ECM_absolute_32,HC2,23,0.01,matched_random_15,0.013213446867681184,0.011623780352453466,0.0015896665152277173
RNA_ECM_absolute_32,HC2,23,0.01,matched_random_16,0.013213446867681184,0.011815496945682532,0.0013979499219986511
RNA_ECM_absolute_32,HC2,23,0.01,matched_random_17,0.013213446867681184,0.011781850453086851,0.0014315964145943335
RNA_ECM_absolute_32,HC2,23,0.01,matched_random_18,0.013213446867681184,0.011891942869962362,0.0013215039977188222
RNA_ECM_absolute_32,HC2,23,0.01,matched_random_19,0.013213446867681184,0.011461497630740437,0.0017519492369407461
RNA_ECM_absolute_32,HC2,23,0.1,baseline,0.016727298762716704,0.016727298762716704,0
RNA_ECM_absolute_32,HC2,23,0.1,unweighted,0.016727298762716704,0.016013396096189573,0.0007139026665271311
RNA_ECM_absolute_32,HC2,23,0.1,functional_ECM,0.016727298762716704,0.016289242405614964,0.00043805635710174014
RNA_ECM_absolute_32,HC2,23,0.1,ESL,0.016727298762716704,0.016718978051514725,0.000008320711201980226
RNA_ECM_absolute_32,HC2,23,0.1,matched_random_0,0.016727298762716704,0.015999067940550046,0.0007282308221666596
RNA_ECM_absolute_32,HC2,23,0.1,matched_random_1,0.016727298762716704,0.016204028074977356,0.0005232706877393494
RNA_ECM_absolute_32,HC2,23,0.1,matched_random_2,0.016727298762716704,0.01616574971012703,0.0005615490525896759
RNA_ECM_absolute_32,HC2,23,0.1,matched_random_3,0.016727298762716704,0.016237341743292243,0.0004899570194244619
RNA_ECM_absolute_32,HC2,23,0.1,matched_random_4,0.016727298762716704,0.016194056908216632,0.0005332418545000729
RNA_ECM_absolute_32,HC2,23,0.1,matched_random_5,0.016727298762716704,0.01622603218417789,0.0005012665785388161
RNA_ECM_absolute_32,HC2,23,0.1,matched_random_6,0.016727298762716704,0.016155388997297872,0.000571909765418833
RNA_ECM_absolute_32,HC2,23,0.1,matched_random_7,0.016727298762716704,0.016125287700133117,0.0006020110625835894
RNA_ECM_absolute_32,HC2,23,0.1,matched_random_8,0.016727298762716704,0.016287810742205956,0.0004394880205107501
RNA_ECM_absolute_32,HC2,23,0.1,matched_random_9,0.016727298762716704,0.015870034037799765,0.0008572647249169405
RNA_ECM_absolute_32,HC2,23,0.1,matched_random_10,0.016727298762716704,0.0160439480998886,0.0006833506628281045
RNA_ECM_absolute_32,HC2,23,0.1,matched_random_11,0.016727298762716704,0.016199546971767575,0.0005277517909491313
RNA_ECM_absolute_32,HC2,23,0.1,matched_random_12,0.016727298762716704,0.016172831739084993,0.000554467023631713
RNA_ECM_absolute_32,HC2,23,0.1,matched_random_13,0.016727298762716704,0.016239498940043787,0.000487799822672919
RNA_ECM_absolute_32,HC2,23,0.1,matched_random_14,0.016727298762716704,0.01598828044730548,0.0007390183154112232
RNA_ECM_absolute_32,HC2,23,0.1,matched_random_15,0.016727298762716704,0.01606599170462106,0.0006613070580956442
RNA_ECM_absolute_32,HC2,23,0.1,matched_random_16,0.016727298762716704,0.016101365192310608,0.000625933570406098
RNA_ECM_absolute_32,HC2,23,0.1,matched_random_17,0.016727298762716704,0.01609739166425847,0.0006299070984582363
RNA_ECM_absolute_32,HC2,23,0.1,matched_random_18,0.016727298762716704,0.016182102054193362,0.0005451967085233428
RNA_ECM_absolute_32,HC2,23,0.1,matched_random_19,0.016727298762716704,0.016042970055311467,0.000684328707405238
RNA_ECM_absolute_32,HC3,4,0.001,baseline,0.01457745209813284,0.01457745209813284,0
RNA_ECM_absolute_32,HC3,4,0.001,unweighted,0.01457745209813284,0.0211940622628827,-0.0066166101647498615
RNA_ECM_absolute_32,HC3,4,0.001,functional_ECM,0.01457745209813284,0.0187875310671587,-0.004210078969025859
RNA_ECM_absolute_32,HC3,4,0.001,ESL,0.01457745209813284,0.014300171217500362,0.00027728088063247794
RNA_ECM_absolute_32,HC3,4,0.001,matched_random_0,0.01457745209813284,0.01770679163643886,-0.0031293395383060196
RNA_ECM_absolute_32,HC3,4,0.001,matched_random_1,0.01457745209813284,0.01834407588029384,-0.0037666237821609994
RNA_ECM_absolute_32,HC3,4,0.001,matched_random_2,0.01457745209813284,0.020451865537429982,-0.005874413439297142
RNA_ECM_absolute_32,HC3,4,0.001,matched_random_3,0.01457745209813284,0.021891289043838497,-0.007313836945705657
RNA_ECM_absolute_32,HC3,4,0.001,matched_random_4,0.01457745209813284,0.019312500212320262,-0.004735048114187422
RNA_ECM_absolute_32,HC3,4,0.001,matched_random_5,0.01457745209813284,0.021213748451262317,-0.006636296353129477
RNA_ECM_absolute_32,HC3,4,0.001,matched_random_6,0.01457745209813284,0.020088890029024614,-0.005511437930891774
RNA_ECM_absolute_32,HC3,4,0.001,matched_random_7,0.01457745209813284,0.02032253214076886,-0.005745080042636019
RNA_ECM_absolute_32,HC3,4,0.001,matched_random_8,0.01457745209813284,0.019457077745020604,-0.004879625646887764
RNA_ECM_absolute_32,HC3,4,0.001,matched_random_9,0.01457745209813284,0.01987815992525324,-0.005300707827120402
RNA_ECM_absolute_32,HC3,4,0.001,matched_random_10,0.01457745209813284,0.020852649936138435,-0.006275197838005595
RNA_ECM_absolute_32,HC3,4,0.001,matched_random_11,0.01457745209813284,0.020469483368518986,-0.0058920312703861465
RNA_ECM_absolute_32,HC3,4,0.001,matched_random_12,0.01457745209813284,0.01984214991911621,-0.00526469782098337
RNA_ECM_absolute_32,HC3,4,0.001,matched_random_13,0.01457745209813284,0.020122137672943387,-0.005544685574810547
RNA_ECM_absolute_32,HC3,4,0.001,matched_random_14,0.01457745209813284,0.020273978646846172,-0.005696526548713332
RNA_ECM_absolute_32,HC3,4,0.001,matched_random_15,0.01457745209813284,0.018888458762561698,-0.004311006664428858
RNA_ECM_absolute_32,HC3,4,0.001,matched_random_16,0.01457745209813284,0.021871252131528473,-0.007293800033395633
RNA_ECM_absolute_32,HC3,4,0.001,matched_random_17,0.01457745209813284,0.01821254519029629,-0.0036350930921634494
RNA_ECM_absolute_32,HC3,4,0.001,matched_random_18,0.01457745209813284,0.018704343932406102,-0.004126891834273262
RNA_ECM_absolute_32,HC3,4,0.001,matched_random_19,0.01457745209813284,0.01929809989167227,-0.00472064779353943
RNA_ECM_absolute_32,HC3,4,0.01,baseline,0.01325581972177185,0.01325581972177185,0
RNA_ECM_absolute_32,HC3,4,0.01,unweighted,0.01325581972177185,0.014473003329715541,-0.001217183607943692
RNA_ECM_absolute_32,HC3,4,0.01,functional_ECM,0.01325581972177185,0.014061531371531573,-0.0008057116497597241
RNA_ECM_absolute_32,HC3,4,0.01,ESL,0.01325581972177185,0.013213954365177156,0.000041865356594693315
RNA_ECM_absolute_32,HC3,4,0.01,matched_random_0,0.01325581972177185,0.012805651983775392,0.00045016773799645693
RNA_ECM_absolute_32,HC3,4,0.01,matched_random_1,0.01325581972177185,0.01334709874465592,-0.00009127902288407104
RNA_ECM_absolute_32,HC3,4,0.01,matched_random_2,0.01325581972177185,0.013714856027314409,-0.0004590363055425595
RNA_ECM_absolute_32,HC3,4,0.01,matched_random_3,0.01325581972177185,0.014611428842488712,-0.0013556091207168625
RNA_ECM_absolute_32,HC3,4,0.01,matched_random_4,0.01325581972177185,0.013963016889005184,-0.0007071971672333345
RNA_ECM_absolute_32,HC3,4,0.01,matched_random_5,0.01325581972177185,0.014661486987913922,-0.001405667266142073
RNA_ECM_absolute_32,HC3,4,0.01,matched_random_6,0.01325581972177185,0.013944990130640225,-0.000689170408868376
RNA_ECM_absolute_32,HC3,4,0.01,matched_random_7,0.01325581972177185,0.013634816879668733,-0.0003789971578968838
RNA_ECM_absolute_32,HC3,4,0.01,matched_random_8,0.01325581972177185,0.014020683058805116,-0.0007648633370332669
RNA_ECM_absolute_32,HC3,4,0.01,matched_random_9,0.01325581972177185,0.01365133464262834,-0.00039551492085649134
RNA_ECM_absolute_32,HC3,4,0.01,matched_random_10,0.01325581972177185,0.014027504583186417,-0.0007716848614145681
RNA_ECM_absolute_32,HC3,4,0.01,matched_random_11,0.01325581972177185,0.014468903923213827,-0.0012130842014419774
RNA_ECM_absolute_32,HC3,4,0.01,matched_random_12,0.01325581972177185,0.013945413077296558,-0.0006895933555247091
RNA_ECM_absolute_32,HC3,4,0.01,matched_random_13,0.01325581972177185,0.014226451337243541,-0.0009706316154716923
RNA_ECM_absolute_32,HC3,4,0.01,matched_random_14,0.01325581972177185,0.01380015428649678,-0.0005443345647249305
RNA_ECM_absolute_32,HC3,4,0.01,matched_random_15,0.01325581972177185,0.013422552600971395,-0.0001667328791995458
RNA_ECM_absolute_32,HC3,4,0.01,matched_random_16,0.01325581972177185,0.0141888329824197,-0.0009330132606478504
RNA_ECM_absolute_32,HC3,4,0.01,matched_random_17,0.01325581972177185,0.013179298238246945,0.00007652148352490368
RNA_ECM_absolute_32,HC3,4,0.01,matched_random_18,0.01325581972177185,0.01323950717114639,0.000016312550625459388
RNA_ECM_absolute_32,HC3,4,0.01,matched_random_19,0.01325581972177185,0.013228212141041182,0.000027607580730667353
RNA_ECM_absolute_32,HC3,4,0.1,baseline,0.007800378278405282,0.007800378278405282,0
RNA_ECM_absolute_32,HC3,4,0.1,unweighted,0.007800378278405282,0.00684325798077855,0.000957120297626732
RNA_ECM_absolute_32,HC3,4,0.1,functional_ECM,0.007800378278405282,0.007287504172555099,0.0005128741058501828
RNA_ECM_absolute_32,HC3,4,0.1,ESL,0.007800378278405282,0.0077918373375839255,0.000008540940821356174
RNA_ECM_absolute_32,HC3,4,0.1,matched_random_0,0.007800378278405282,0.006858963462733847,0.0009414148156714347
RNA_ECM_absolute_32,HC3,4,0.1,matched_random_1,0.007800378278405282,0.0070765488764664205,0.0007238294019388612
RNA_ECM_absolute_32,HC3,4,0.1,matched_random_2,0.007800378278405282,0.007061889406809072,0.00073848887159621
RNA_ECM_absolute_32,HC3,4,0.1,matched_random_3,0.007800378278405282,0.007179467810859175,0.0006209104675461066
RNA_ECM_absolute_32,HC3,4,0.1,matched_random_4,0.007800378278405282,0.007113056894451884,0.000687321383953398
RNA_ECM_absolute_32,HC3,4,0.1,matched_random_5,0.007800378278405282,0.007186417642152804,0.000613960636252478
RNA_ECM_absolute_32,HC3,4,0.1,matched_random_6,0.007800378278405282,0.007086395864281715,0.0007139824141235663
RNA_ECM_absolute_32,HC3,4,0.1,matched_random_7,0.007800378278405282,0.007030186368945812,0.0007701919094594695
RNA_ECM_absolute_32,HC3,4,0.1,matched_random_8,0.007800378278405282,0.00725029465226854,0.0005500836261367412
RNA_ECM_absolute_32,HC3,4,0.1,matched_random_9,0.007800378278405282,0.006734409253149177,0.0010659690252561044
RNA_ECM_absolute_32,HC3,4,0.1,matched_random_10,0.007800378278405282,0.0069388000403239475,0.0008615782380813342
RNA_ECM_absolute_32,HC3,4,0.1,matched_random_11,0.007800378278405282,0.007155876952991147,0.0006445013254141345
RNA_ECM_absolute_32,HC3,4,0.1,matched_random_12,0.007800378278405282,0.007074234544328997,0.0007261437340762844
RNA_ECM_absolute_32,HC3,4,0.1,matched_random_13,0.007800378278405282,0.007224877639043125,0.0005755006393621566
RNA_ECM_absolute_32,HC3,4,0.1,matched_random_14,0.007800378278405282,0.00686321644921572,0.0009371618291895614
RNA_ECM_absolute_32,HC3,4,0.1,matched_random_15,0.007800378278405282,0.006966803267063939,0.0008335750113413424
RNA_ECM_absolute_32,HC3,4,0.1,matched_random_16,0.007800378278405282,0.00697219241243517,0.000828185865970112
RNA_ECM_absolute_32,HC3,4,0.1,matched_random_17,0.007800378278405282,0.006997622907702648,0.000802755370702634
RNA_ECM_absolute_32,HC3,4,0.1,matched_random_18,0.007800378278405282,0.0071027923595448125,0.0006975859188604692
RNA_ECM_absolute_32,HC3,4,0.1,matched_random_19,0.007800378278405282,0.006910832841093209,0.0008895454373120722
RNA_ECM_absolute_32,HC4,7,0.001,baseline,0.0015152446408123331,0.0015152446408123331,0
RNA_ECM_absolute_32,HC4,7,0.001,unweighted,0.0015152446408123331,0.0007406700592768577,0.0007745745815354754
RNA_ECM_absolute_32,HC4,7,0.001,functional_ECM,0.0015152446408123331,0.0010603889010148237,0.0004548557397975095
RNA_ECM_absolute_32,HC4,7,0.001,ESL,0.0015152446408123331,0.0015255628285876979,-0.000010318187775364685
RNA_ECM_absolute_32,HC4,7,0.001,matched_random_0,0.0015152446408123331,0.0007355754296201102,0.0007796692111922229
RNA_ECM_absolute_32,HC4,7,0.001,matched_random_1,0.0015152446408123331,0.0006877143043218995,0.0008275303364904336
RNA_ECM_absolute_32,HC4,7,0.001,matched_random_2,0.0015152446408123331,0.0007908237907456007,0.0007244208500667324
RNA_ECM_absolute_32,HC4,7,0.001,matched_random_3,0.0015152446408123331,0.0008655816461474458,0.0006496629946648874
RNA_ECM_absolute_32,HC4,7,0.001,matched_random_4,0.0015152446408123331,0.0008745215230129991,0.000640723117799334
RNA_ECM_absolute_32,HC4,7,0.001,matched_random_5,0.0015152446408123331,0.0008278577132433065,0.0006873869275690267
RNA_ECM_absolute_32,HC4,7,0.001,matched_random_6,0.0015152446408123331,0.0007911474824369373,0.000724097158375396
RNA_ECM_absolute_32,HC4,7,0.001,matched_random_7,0.0015152446408123331,0.0006302051515503744,0.0008850394892619589
RNA_ECM_absolute_32,HC4,7,0.001,matched_random_8,0.0015152446408123331,0.0009107688261388609,0.0006044758146734722
RNA_ECM_absolute_32,HC4,7,0.001,matched_random_9,0.0015152446408123331,0.0007413480494524605,0.0007738965913598727
RNA_ECM_absolute_32,HC4,7,0.001,matched_random_10,0.0015152446408123331,0.0007449088007741728,0.0007703358400381603
RNA_ECM_absolute_32,HC4,7,0.001,matched_random_11,0.0015152446408123331,0.0008447234046277674,0.0006705212361845658
RNA_ECM_absolute_32,HC4,7,0.001,matched_random_12,0.0015152446408123331,0.0007691124041665359,0.0007461322366457973
RNA_ECM_absolute_32,HC4,7,0.001,matched_random_13,0.0015152446408123331,0.0008759016429229987,0.0006393429978893345
RNA_ECM_absolute_32,HC4,7,0.001,matched_random_14,0.0015152446408123331,0.0007545841058275906,0.0007606605349847426
RNA_ECM_absolute_32,HC4,7,0.001,matched_random_15,0.0015152446408123331,0.0007988626601980192,0.000716381980614314
RNA_ECM_absolute_32,HC4,7,0.001,matched_random_16,0.0015152446408123331,0.0006547920862647844,0.0008604525545475488
RNA_ECM_absolute_32,HC4,7,0.001,matched_random_17,0.0015152446408123331,0.0008242220145509316,0.0006910226262614016
RNA_ECM_absolute_32,HC4,7,0.001,matched_random_18,0.0015152446408123331,0.0007655773121182563,0.0007496673286940769
RNA_ECM_absolute_32,HC4,7,0.001,matched_random_19,0.0015152446408123331,0.0006304229352376808,0.0008848217055746525
RNA_ECM_absolute_32,HC4,7,0.01,baseline,0.0022169112247070197,0.0022169112247070197,0
RNA_ECM_absolute_32,HC4,7,0.01,unweighted,0.0022169112247070197,0.0013294126397880412,0.0008874985849189785
RNA_ECM_absolute_32,HC4,7,0.01,functional_ECM,0.0022169112247070197,0.0017110674843812932,0.0005058437403257267
RNA_ECM_absolute_32,HC4,7,0.01,ESL,0.0022169112247070197,0.0022105850786805774,0.000006326146026442377
RNA_ECM_absolute_32,HC4,7,0.01,matched_random_0,0.0022169112247070197,0.001162542251282867,0.0010543689734241527
RNA_ECM_absolute_32,HC4,7,0.01,matched_random_1,0.0022169112247070197,0.001255022474155863,0.000961888750551157
RNA_ECM_absolute_32,HC4,7,0.01,matched_random_2,0.0022169112247070197,0.0013360983188066416,0.0008808129059003782
RNA_ECM_absolute_32,HC4,7,0.01,matched_random_3,0.0022169112247070197,0.0014897255405891797,0.0007271856841178403
RNA_ECM_absolute_32,HC4,7,0.01,matched_random_4,0.0022169112247070197,0.001478208080950311,0.0007387031437567087
RNA_ECM_absolute_32,HC4,7,0.01,matched_random_5,0.0022169112247070197,0.0014925597880060047,0.0007243514367010152
RNA_ECM_absolute_32,HC4,7,0.01,matched_random_6,0.0022169112247070197,0.0014234346094301545,0.0007934766152768655
RNA_ECM_absolute_32,HC4,7,0.01,matched_random_7,0.0022169112247070197,0.0012317878239046938,0.000985123400802326
RNA_ECM_absolute_32,HC4,7,0.01,matched_random_8,0.0022169112247070197,0.0015687216421673596,0.0006481895825396603
RNA_ECM_absolute_32,HC4,7,0.01,matched_random_9,0.0022169112247070197,0.0011913940986694822,0.0010255171260375377
RNA_ECM_absolute_32,HC4,7,0.01,matched_random_10,0.0022169112247070197,0.001275797979338417,0.0009411132453686028
RNA_ECM_absolute_32,HC4,7,0.01,matched_random_11,0.0022169112247070197,0.0014792636603182792,0.0007376475643887406
RNA_ECM_absolute_32,HC4,7,0.01,matched_random_12,0.0022169112247070197,0.0014222567241929454,0.0007946545005140744
RNA_ECM_absolute_32,HC4,7,0.01,matched_random_13,0.0022169112247070197,0.0015473322604527423,0.0006695789642542777
RNA_ECM_absolute_32,HC4,7,0.01,matched_random_14,0.0022169112247070197,0.0012308661159625054,0.0009860451087445145
RNA_ECM_absolute_32,HC4,7,0.01,matched_random_15,0.0022169112247070197,0.0012974314335007142,0.0009194797912063056
RNA_ECM_absolute_32,HC4,7,0.01,matched_random_16,0.0022169112247070197,0.0012808809118493912,0.0009360303128576286
RNA_ECM_absolute_32,HC4,7,0.01,matched_random_17,0.0022169112247070197,0.0013807299477850224,0.0008361812769219976
RNA_ECM_absolute_32,HC4,7,0.01,matched_random_18,0.0022169112247070197,0.0013588099029032941,0.0008581013218037258
RNA_ECM_absolute_32,HC4,7,0.01,matched_random_19,0.0022169112247070197,0.0011896992216659183,0.0010272120030411017
RNA_ECM_absolute_32,HC4,7,0.1,baseline,0.006080970810718519,0.006080970810718519,0
RNA_ECM_absolute_32,HC4,7,0.1,unweighted,0.006080970810718519,0.005599006704714617,0.00048196410600390247
RNA_ECM_absolute_32,HC4,7,0.1,functional_ECM,0.006080970810718519,0.005848267679031147,0.0002327031316873721
RNA_ECM_absolute_32,HC4,7,0.1,ESL,0.006080970810718519,0.006081702871794347,-0.0000007320610758282386
RNA_ECM_absolute_32,HC4,7,0.1,matched_random_0,0.006080970810718519,0.005636037447758281,0.00044493336296023777
RNA_ECM_absolute_32,HC4,7,0.1,matched_random_1,0.006080970810718519,0.005670748023158782,0.00041022278755973744
RNA_ECM_absolute_32,HC4,7,0.1,matched_random_2,0.006080970810718519,0.0057089028622310635,0.00037206794848745596
RNA_ECM_absolute_32,HC4,7,0.1,matched_random_3,0.006080970810718519,0.005747054575798048,0.00033391623492047155
RNA_ECM_absolute_32,HC4,7,0.1,matched_random_4,0.006080970810718519,0.005709939262516698,0.0003710315482018211
RNA_ECM_absolute_32,HC4,7,0.1,matched_random_5,0.006080970810718519,0.005741239324797716,0.00033973148592080345
RNA_ECM_absolute_32,HC4,7,0.1,matched_random_6,0.006080970810718519,0.005744765393901552,0.00033620541681696697
RNA_ECM_absolute_32,HC4,7,0.1,matched_random_7,0.006080970810718519,0.005702825897019987,0.00037814491369853243
RNA_ECM_absolute_32,HC4,7,0.1,matched_random_8,0.006080970810718519,0.005777804593284098,0.0003031662174344212
RNA_ECM_absolute_32,HC4,7,0.1,matched_random_9,0.006080970810718519,0.005583325483998143,0.0004976453267203759
RNA_ECM_absolute_32,HC4,7,0.1,matched_random_10,0.006080970810718519,0.005645177839203421,0.00043579297151509884
RNA_ECM_absolute_32,HC4,7,0.1,matched_random_11,0.006080970810718519,0.005699711000378328,0.0003812598103401906
RNA_ECM_absolute_32,HC4,7,0.1,matched_random_12,0.006080970810718519,0.005729555101007701,0.00035141570971081767
RNA_ECM_absolute_32,HC4,7,0.1,matched_random_13,0.006080970810718519,0.005783697211275156,0.0002972735994433627
RNA_ECM_absolute_32,HC4,7,0.1,matched_random_14,0.006080970810718519,0.0056247085695120685,0.00045626224120645057
RNA_ECM_absolute_32,HC4,7,0.1,matched_random_15,0.006080970810718519,0.00569193694307014,0.00038903386764837865
RNA_ECM_absolute_32,HC4,7,0.1,matched_random_16,0.006080970810718519,0.0056684176599542295,0.00041255315076428996
RNA_ECM_absolute_32,HC4,7,0.1,matched_random_17,0.006080970810718519,0.005724635717992535,0.0003563350927259839
RNA_ECM_absolute_32,HC4,7,0.1,matched_random_18,0.006080970810718519,0.00574246067928781,0.0003385101314307098
RNA_ECM_absolute_32,HC4,7,0.1,matched_random_19,0.006080970810718519,0.005678602763287373,0.0004023680474311465
RNA_ECM_absolute_32,SURF1_1,4,0.001,baseline,0.011505150123145468,0.011505150123145468,0
RNA_ECM_absolute_32,SURF1_1,4,0.001,unweighted,0.011505150123145468,0.011815567085412485,-0.0003104169622670169
RNA_ECM_absolute_32,SURF1_1,4,0.001,functional_ECM,0.011505150123145468,0.01097565316078753,0.000529496962357939
RNA_ECM_absolute_32,SURF1_1,4,0.001,ESL,0.011505150123145468,0.011175168921211764,0.00032998120193370416
RNA_ECM_absolute_32,SURF1_1,4,0.001,matched_random_0,0.011505150123145468,0.010688149527148746,0.0008170005959967225
RNA_ECM_absolute_32,SURF1_1,4,0.001,matched_random_1,0.011505150123145468,0.011003724782505577,0.0005014253406398911
RNA_ECM_absolute_32,SURF1_1,4,0.001,matched_random_2,0.011505150123145468,0.011346500437653867,0.00015864968549160127
RNA_ECM_absolute_32,SURF1_1,4,0.001,matched_random_3,0.011505150123145468,0.011507872347024562,-0.000002722223879094224
RNA_ECM_absolute_32,SURF1_1,4,0.001,matched_random_4,0.011505150123145468,0.011086046423926552,0.00041910369921891594
RNA_ECM_absolute_32,SURF1_1,4,0.001,matched_random_5,0.011505150123145468,0.01139531759420728,0.00010983252893818907
RNA_ECM_absolute_32,SURF1_1,4,0.001,matched_random_6,0.011505150123145468,0.011065607120287178,0.00043954300285829057
RNA_ECM_absolute_32,SURF1_1,4,0.001,matched_random_7,0.011505150123145468,0.011762882608661577,-0.0002577324855161083
RNA_ECM_absolute_32,SURF1_1,4,0.001,matched_random_8,0.011505150123145468,0.011203159902017418,0.00030199022112805014
RNA_ECM_absolute_32,SURF1_1,4,0.001,matched_random_9,0.011505150123145468,0.010604344585686968,0.0009008055374585006
RNA_ECM_absolute_32,SURF1_1,4,0.001,matched_random_10,0.011505150123145468,0.01146252760133466,0.000042622521810808944
RNA_ECM_absolute_32,SURF1_1,4,0.001,matched_random_11,0.011505150123145468,0.01137624107360935,0.00012890904953611823
RNA_ECM_absolute_32,SURF1_1,4,0.001,matched_random_12,0.011505150123145468,0.011137042223252519,0.00036810789989294955
RNA_ECM_absolute_32,SURF1_1,4,0.001,matched_random_13,0.011505150123145468,0.011179689470181048,0.00032546065296442
RNA_ECM_absolute_32,SURF1_1,4,0.001,matched_random_14,0.011505150123145468,0.011207185651351762,0.00029796447179370605
RNA_ECM_absolute_32,SURF1_1,4,0.001,matched_random_15,0.011505150123145468,0.010727922126612052,0.0007772279965334167
RNA_ECM_absolute_32,SURF1_1,4,0.001,matched_random_16,0.011505150123145468,0.011581269998660906,-0.00007611987551543742
RNA_ECM_absolute_32,SURF1_1,4,0.001,matched_random_17,0.011505150123145468,0.010679541500916578,0.0008256086222288902
RNA_ECM_absolute_32,SURF1_1,4,0.001,matched_random_18,0.011505150123145468,0.011306326128531646,0.0001988239946138226
RNA_ECM_absolute_32,SURF1_1,4,0.001,matched_random_19,0.011505150123145468,0.010943594580640485,0.0005615555425049837
RNA_ECM_absolute_32,SURF1_1,4,0.01,baseline,0.01172430374543405,0.01172430374543405,0
RNA_ECM_absolute_32,SURF1_1,4,0.01,unweighted,0.01172430374543405,0.011743182393402368,-0.00001887864796831784
RNA_ECM_absolute_32,SURF1_1,4,0.01,functional_ECM,0.01172430374543405,0.011288460888720635,0.00043584285671341427
RNA_ECM_absolute_32,SURF1_1,4,0.01,ESL,0.01172430374543405,0.011679892056279818,0.000044411689154231354
RNA_ECM_absolute_32,SURF1_1,4,0.01,matched_random_0,0.01172430374543405,0.010994986992665656,0.0007293167527683934
RNA_ECM_absolute_32,SURF1_1,4,0.01,matched_random_1,0.01172430374543405,0.011238808411428951,0.0004854953340050986
RNA_ECM_absolute_32,SURF1_1,4,0.01,matched_random_2,0.01172430374543405,0.011446914223334121,0.0002773895220999287
RNA_ECM_absolute_32,SURF1_1,4,0.01,matched_random_3,0.01172430374543405,0.011580720106365534,0.00014358363906851607
RNA_ECM_absolute_32,SURF1_1,4,0.01,matched_random_4,0.01172430374543405,0.011314585648762705,0.00040971809667134443
RNA_ECM_absolute_32,SURF1_1,4,0.01,matched_random_5,0.01172430374543405,0.011512732072031205,0.00021157167340284458
RNA_ECM_absolute_32,SURF1_1,4,0.01,matched_random_6,0.01172430374543405,0.01129881219967681,0.0004254915457572398
RNA_ECM_absolute_32,SURF1_1,4,0.01,matched_random_7,0.01172430374543405,0.011664448083726027,0.00005985566170802273
RNA_ECM_absolute_32,SURF1_1,4,0.01,matched_random_8,0.01172430374543405,0.011420710620438625,0.00030359312499542504
RNA_ECM_absolute_32,SURF1_1,4,0.01,matched_random_9,0.01172430374543405,0.010904846469020662,0.0008194572764133878
RNA_ECM_absolute_32,SURF1_1,4,0.01,matched_random_10,0.01172430374543405,0.011509899371929186,0.00021440437350486383
RNA_ECM_absolute_32,SURF1_1,4,0.01,matched_random_11,0.01172430374543405,0.011514838035193887,0.00020946571024016251
RNA_ECM_absolute_32,SURF1_1,4,0.01,matched_random_12,0.01172430374543405,0.011329912510987007,0.0003943912344470425
RNA_ECM_absolute_32,SURF1_1,4,0.01,matched_random_13,0.01172430374543405,0.011408994513841886,0.0003153092315921636
RNA_ECM_absolute_32,SURF1_1,4,0.01,matched_random_14,0.01172430374543405,0.011333695177507846,0.0003906085679262032
RNA_ECM_absolute_32,SURF1_1,4,0.01,matched_random_15,0.01172430374543405,0.011044292950461698,0.0006800107949723518
RNA_ECM_absolute_32,SURF1_1,4,0.01,matched_random_16,0.01172430374543405,0.01157464528580012,0.0001496584596339303
RNA_ECM_absolute_32,SURF1_1,4,0.01,matched_random_17,0.01172430374543405,0.011053877255830942,0.0006704264896031081
RNA_ECM_absolute_32,SURF1_1,4,0.01,matched_random_18,0.01172430374543405,0.011443767524212875,0.0002805362212211747
RNA_ECM_absolute_32,SURF1_1,4,0.01,matched_random_19,0.01172430374543405,0.011167933484359783,0.0005563702610742668
RNA_ECM_absolute_32,SURF1_1,4,0.1,baseline,0.010719008005652637,0.010719008005652637,0
RNA_ECM_absolute_32,SURF1_1,4,0.1,unweighted,0.010719008005652637,0.010361501892505735,0.00035750611314690206
RNA_ECM_absolute_32,SURF1_1,4,0.1,functional_ECM,0.010719008005652637,0.010418235041421241,0.0003007729642313956
RNA_ECM_absolute_32,SURF1_1,4,0.1,ESL,0.010719008005652637,0.010711466794002342,0.0000075412116502943105
RNA_ECM_absolute_32,SURF1_1,4,0.1,matched_random_0,0.010719008005652637,0.01026932968356059,0.000449678322092046
RNA_ECM_absolute_32,SURF1_1,4,0.1,matched_random_1,0.010719008005652637,0.010353791576980607,0.00036521642867202997
RNA_ECM_absolute_32,SURF1_1,4,0.1,matched_random_2,0.010719008005652637,0.010408474466553732,0.0003105335390989044
RNA_ECM_absolute_32,SURF1_1,4,0.1,matched_random_3,0.010719008005652637,0.01045736658466671,0.00026164142098592663
RNA_ECM_absolute_32,SURF1_1,4,0.1,matched_random_4,0.010719008005652637,0.010372110500915344,0.0003468975047372924
RNA_ECM_absolute_32,SURF1_1,4,0.1,matched_random_5,0.010719008005652637,0.010425652944195058,0.00029335506145757896
RNA_ECM_absolute_32,SURF1_1,4,0.1,matched_random_6,0.010719008005652637,0.010391516209052041,0.00032749179660059545
RNA_ECM_absolute_32,SURF1_1,4,0.1,matched_random_7,0.010719008005652637,0.010445796848915263,0.0002732111567373737
RNA_ECM_absolute_32,SURF1_1,4,0.1,matched_random_8,0.010719008005652637,0.010443292999355045,0.00027571500629759195
RNA_ECM_absolute_32,SURF1_1,4,0.1,matched_random_9,0.010719008005652637,0.010195754431149767,0.0005232535745028702
RNA_ECM_absolute_32,SURF1_1,4,0.1,matched_random_10,0.010719008005652637,0.010380287659363606,0.0003387203462890311
RNA_ECM_absolute_32,SURF1_1,4,0.1,matched_random_11,0.010719008005652637,0.010439996336620868,0.00027901166903176837
RNA_ECM_absolute_32,SURF1_1,4,0.1,matched_random_12,0.010719008005652637,0.010365428630150922,0.0003535793755017145
RNA_ECM_absolute_32,SURF1_1,4,0.1,matched_random_13,0.010719008005652637,0.010452978244674305,0.00026602976097833166
RNA_ECM_absolute_32,SURF1_1,4,0.1,matched_random_14,0.010719008005652637,0.010333184754343278,0.00038582325130935916
RNA_ECM_absolute_32,SURF1_1,4,0.1,matched_random_15,0.010719008005652637,0.010308768928848114,0.00041023907680452255
RNA_ECM_absolute_32,SURF1_1,4,0.1,matched_random_16,0.010719008005652637,0.010394836036048766,0.000324171969603871
RNA_ECM_absolute_32,SURF1_1,4,0.1,matched_random_17,0.010719008005652637,0.010319342952577581,0.0003996650530750552
RNA_ECM_absolute_32,SURF1_1,4,0.1,matched_random_18,0.010719008005652637,0.010454826537948774,0.00026418146770386224
RNA_ECM_absolute_32,SURF1_1,4,0.1,matched_random_19,0.010719008005652637,0.010321988120267276,0.0003970198853853607
RNA_ECM_absolute_32,SURF1_2,4,0.001,baseline,0.0006740465771607738,0.0006740465771607738,0
RNA_ECM_absolute_32,SURF1_2,4,0.001,unweighted,0.0006740465771607738,0.002704577553532969,-0.0020305309763721953
RNA_ECM_absolute_32,SURF1_2,4,0.001,functional_ECM,0.0006740465771607738,0.003881173844782641,-0.003207127267621867
RNA_ECM_absolute_32,SURF1_2,4,0.001,ESL,0.0006740465771607738,0.0009112667819441609,-0.0002372202047833871
RNA_ECM_absolute_32,SURF1_2,4,0.001,matched_random_0,0.0006740465771607738,0.003578477927215068,-0.002904431350054294
RNA_ECM_absolute_32,SURF1_2,4,0.001,matched_random_1,0.0006740465771607738,0.0029078090013244487,-0.002233762424163675
RNA_ECM_absolute_32,SURF1_2,4,0.001,matched_random_2,0.0006740465771607738,0.0023552456509440905,-0.0016811990737833167
RNA_ECM_absolute_32,SURF1_2,4,0.001,matched_random_3,0.0006740465771607738,0.0026689109998203724,-0.0019948644226595986
RNA_ECM_absolute_32,SURF1_2,4,0.001,matched_random_4,0.0006740465771607738,0.003012625600986267,-0.002338579023825493
RNA_ECM_absolute_32,SURF1_2,4,0.001,matched_random_5,0.0006740465771607738,0.0032655561969591636,-0.0025915096197983898
RNA_ECM_absolute_32,SURF1_2,4,0.001,matched_random_6,0.0006740465771607738,0.00354636786503611,-0.002872321287875336
RNA_ECM_absolute_32,SURF1_2,4,0.001,matched_random_7,0.0006740465771607738,0.0025933497567918865,-0.0019193031796311127
RNA_ECM_absolute_32,SURF1_2,4,0.001,matched_random_8,0.0006740465771607738,0.003019683956331314,-0.0023456373791705403
RNA_ECM_absolute_32,SURF1_2,4,0.001,matched_random_9,0.0006740465771607738,0.004288089990425736,-0.0036140434132649626
RNA_ECM_absolute_32,SURF1_2,4,0.001,matched_random_10,0.0006740465771607738,0.0028399855438750784,-0.0021659389667143046
RNA_ECM_absolute_32,SURF1_2,4,0.001,matched_random_11,0.0006740465771607738,0.0033008165982138177,-0.002626770021053044
RNA_ECM_absolute_32,SURF1_2,4,0.001,matched_random_12,0.0006740465771607738,0.0033463611714904208,-0.002672314594329647
RNA_ECM_absolute_32,SURF1_2,4,0.001,matched_random_13,0.0006740465771607738,0.0035741203924700114,-0.0029000738153092376
RNA_ECM_absolute_32,SURF1_2,4,0.001,matched_random_14,0.0006740465771607738,0.0032172302204678967,-0.002543183643307123
RNA_ECM_absolute_32,SURF1_2,4,0.001,matched_random_15,0.0006740465771607738,0.0038226061682273926,-0.003148559591066619
RNA_ECM_absolute_32,SURF1_2,4,0.001,matched_random_16,0.0006740465771607738,0.002809316879773842,-0.002135270302613068
RNA_ECM_absolute_32,SURF1_2,4,0.001,matched_random_17,0.0006740465771607738,0.0038974162560798196,-0.0032233696789190458
RNA_ECM_absolute_32,SURF1_2,4,0.001,matched_random_18,0.0006740465771607738,0.0028916009156405627,-0.002217554338479789
RNA_ECM_absolute_32,SURF1_2,4,0.001,matched_random_19,0.0006740465771607738,0.0030290356326602226,-0.002354989055499449
RNA_ECM_absolute_32,SURF1_2,4,0.01,baseline,0.0008689628703493115,0.0008689628703493115,0
RNA_ECM_absolute_32,SURF1_2,4,0.01,unweighted,0.0008689628703493115,0.002119852468079701,-0.0012508895977303895
RNA_ECM_absolute_32,SURF1_2,4,0.01,functional_ECM,0.0008689628703493115,0.002252078314576438,-0.0013831154442271265
RNA_ECM_absolute_32,SURF1_2,4,0.01,ESL,0.0008689628703493115,0.0008967812170972599,-0.00002781834674794837
RNA_ECM_absolute_32,SURF1_2,4,0.01,matched_random_0,0.0008689628703493115,0.0023480037171268496,-0.001479040846777538
RNA_ECM_absolute_32,SURF1_2,4,0.01,matched_random_1,0.0008689628703493115,0.001913414161138911,-0.0010444512907895995
RNA_ECM_absolute_32,SURF1_2,4,0.01,matched_random_2,0.0008689628703493115,0.0017094311433062301,-0.0008404682729569186
RNA_ECM_absolute_32,SURF1_2,4,0.01,matched_random_3,0.0008689628703493115,0.0019018059125400196,-0.001032843042190708
RNA_ECM_absolute_32,SURF1_2,4,0.01,matched_random_4,0.0008689628703493115,0.002062237436072521,-0.0011932745657232096
RNA_ECM_absolute_32,SURF1_2,4,0.01,matched_random_5,0.0008689628703493115,0.002165435840161689,-0.0012964729698123777
RNA_ECM_absolute_32,SURF1_2,4,0.01,matched_random_6,0.0008689628703493115,0.0022516199388308545,-0.001382657068481543
RNA_ECM_absolute_32,SURF1_2,4,0.01,matched_random_7,0.0008689628703493115,0.0018794784057112475,-0.001010515535361936
RNA_ECM_absolute_32,SURF1_2,4,0.01,matched_random_8,0.0008689628703493115,0.001919227694956289,-0.0010502648246069775
RNA_ECM_absolute_32,SURF1_2,4,0.01,matched_random_9,0.0008689628703493115,0.0028647725776263767,-0.0019958097072770653
RNA_ECM_absolute_32,SURF1_2,4,0.01,matched_random_10,0.0008689628703493115,0.0020588914962219166,-0.001189928625872605
RNA_ECM_absolute_32,SURF1_2,4,0.01,matched_random_11,0.0008689628703493115,0.0022291038938367235,-0.001360141023487412
RNA_ECM_absolute_32,SURF1_2,4,0.01,matched_random_12,0.0008689628703493115,0.0021769053301543056,-0.001307942459804994
RNA_ECM_absolute_32,SURF1_2,4,0.01,matched_random_13,0.0008689628703493115,0.0021846201354824143,-0.0013156572651331028
RNA_ECM_absolute_32,SURF1_2,4,0.01,matched_random_14,0.0008689628703493115,0.002280151142082275,-0.0014111882717329635
RNA_ECM_absolute_32,SURF1_2,4,0.01,matched_random_15,0.0008689628703493115,0.00244402938720051,-0.0015750665168511983
RNA_ECM_absolute_32,SURF1_2,4,0.01,matched_random_16,0.0008689628703493115,0.0020254394519984378,-0.0011564765816491262
RNA_ECM_absolute_32,SURF1_2,4,0.01,matched_random_17,0.0008689628703493115,0.0023047867830643656,-0.001435823912715054
RNA_ECM_absolute_32,SURF1_2,4,0.01,matched_random_18,0.0008689628703493115,0.0018706335117050117,-0.0010016706413557002
RNA_ECM_absolute_32,SURF1_2,4,0.01,matched_random_19,0.0008689628703493115,0.002023460602219802,-0.0011544977318704906
RNA_ECM_absolute_32,SURF1_2,4,0.1,baseline,0.0021986413071293618,0.0021986413071293618,0
RNA_ECM_absolute_32,SURF1_2,4,0.1,unweighted,0.0021986413071293618,0.002408000499700127,-0.00020935919257076543
RNA_ECM_absolute_32,SURF1_2,4,0.1,functional_ECM,0.0021986413071293618,0.002359401485365905,-0.0001607601782365434
RNA_ECM_absolute_32,SURF1_2,4,0.1,ESL,0.0021986413071293618,0.0022003819900194943,-0.0000017406828901325375
RNA_ECM_absolute_32,SURF1_2,4,0.1,matched_random_0,0.0021986413071293618,0.0024055066362154622,-0.00020686532908610047
RNA_ECM_absolute_32,SURF1_2,4,0.1,matched_random_1,0.0021986413071293618,0.0022878288218968826,-0.00008918751476752083
RNA_ECM_absolute_32,SURF1_2,4,0.1,matched_random_2,0.0021986413071293618,0.0022798010837938283,-0.0000811597766644666
RNA_ECM_absolute_32,SURF1_2,4,0.1,matched_random_3,0.0021986413071293618,0.0023336618200443596,-0.00013502051291499782
RNA_ECM_absolute_32,SURF1_2,4,0.1,matched_random_4,0.0021986413071293618,0.0023315757624564255,-0.00013293445532706373
RNA_ECM_absolute_32,SURF1_2,4,0.1,matched_random_5,0.0021986413071293618,0.0023661414790188606,-0.00016750017188949884
RNA_ECM_absolute_32,SURF1_2,4,0.1,matched_random_6,0.0021986413071293618,0.0023493951866301772,-0.0001507538795008155
RNA_ECM_absolute_32,SURF1_2,4,0.1,matched_random_7,0.0021986413071293618,0.0023578635256825157,-0.00015922221855315397
RNA_ECM_absolute_32,SURF1_2,4,0.1,matched_random_8,0.0021986413071293618,0.0023021444018822275,-0.00010350309475286572
RNA_ECM_absolute_32,SURF1_2,4,0.1,matched_random_9,0.0021986413071293618,0.0024478036497691084,-0.0002491623426397467
RNA_ECM_absolute_32,SURF1_2,4,0.1,matched_random_10,0.0021986413071293618,0.002344423595568422,-0.00014578228843906008
RNA_ECM_absolute_32,SURF1_2,4,0.1,matched_random_11,0.0021986413071293618,0.0023880074122046326,-0.0001893661050752708
RNA_ECM_absolute_32,SURF1_2,4,0.1,matched_random_12,0.0021986413071293618,0.0023584890324133082,-0.00015984772528394647
RNA_ECM_absolute_32,SURF1_2,4,0.1,matched_random_13,0.0021986413071293618,0.0023605184353792056,-0.00016187712824984385
RNA_ECM_absolute_32,SURF1_2,4,0.1,matched_random_14,0.0021986413071293618,0.0023821725557144225,-0.00018353124858506075
RNA_ECM_absolute_32,SURF1_2,4,0.1,matched_random_15,0.0021986413071293618,0.002394992903680386,-0.00019635159655102428
RNA_ECM_absolute_32,SURF1_2,4,0.1,matched_random_16,0.0021986413071293618,0.0023549309458509313,-0.00015628963872156955
RNA_ECM_absolute_32,SURF1_2,4,0.1,matched_random_17,0.0021986413071293618,0.002336396653163964,-0.00013775534603460227
RNA_ECM_absolute_32,SURF1_2,4,0.1,matched_random_18,0.0021986413071293618,0.002315196734705569,-0.00011655542757620704
RNA_ECM_absolute_32,SURF1_2,4,0.1,matched_random_19,0.0021986413071293618,0.0022947974425144603,-0.00009615613538509855
RNA_ECM_absolute_32,SURF1_3,4,0.001,baseline,0.014288156922640741,0.014288156922640741,0
RNA_ECM_absolute_32,SURF1_3,4,0.001,unweighted,0.014288156922640741,0.021727508471619646,-0.007439351548978904
RNA_ECM_absolute_32,SURF1_3,4,0.001,functional_ECM,0.014288156922640741,0.02232918656117807,-0.008041029638537329
RNA_ECM_absolute_32,SURF1_3,4,0.001,ESL,0.014288156922640741,0.014628080858300693,-0.0003399239356599512
RNA_ECM_absolute_32,SURF1_3,4,0.001,matched_random_0,0.014288156922640741,0.01942711966233773,-0.005138962739696988
RNA_ECM_absolute_32,SURF1_3,4,0.001,matched_random_1,0.014288156922640741,0.02097193979901911,-0.006683782876378368
RNA_ECM_absolute_32,SURF1_3,4,0.001,matched_random_2,0.014288156922640741,0.020814297138734783,-0.006526140216094042
RNA_ECM_absolute_32,SURF1_3,4,0.001,matched_random_3,0.014288156922640741,0.021568521860984104,-0.007280364938343362
RNA_ECM_absolute_32,SURF1_3,4,0.001,matched_random_4,0.014288156922640741,0.02186374696912912,-0.007575590046488379
RNA_ECM_absolute_32,SURF1_3,4,0.001,matched_random_5,0.014288156922640741,0.022662513738615653,-0.008374356815974912
RNA_ECM_absolute_32,SURF1_3,4,0.001,matched_random_6,0.014288156922640741,0.02243671406233164,-0.008148557139690898
RNA_ECM_absolute_32,SURF1_3,4,0.001,matched_random_7,0.014288156922640741,0.019898775112043215,-0.005610618189402474
RNA_ECM_absolute_32,SURF1_3,4,0.001,matched_random_8,0.014288156922640741,0.02268694929265567,-0.008398792370014927
RNA_ECM_absolute_32,SURF1_3,4,0.001,matched_random_9,0.014288156922640741,0.02211110455975285,-0.00782294763711211
RNA_ECM_absolute_32,SURF1_3,4,0.001,matched_random_10,0.014288156922640741,0.02252236549560009,-0.00823420857295935
RNA_ECM_absolute_32,SURF1_3,4,0.001,matched_random_11,0.014288156922640741,0.023233343174156082,-0.00894518625151534
RNA_ECM_absolute_32,SURF1_3,4,0.001,matched_random_12,0.014288156922640741,0.02179642458691395,-0.007508267664273208
RNA_ECM_absolute_32,SURF1_3,4,0.001,matched_random_13,0.014288156922640741,0.022899877710657456,-0.008611720788016714
RNA_ECM_absolute_32,SURF1_3,4,0.001,matched_random_14,0.014288156922640741,0.02160903123056712,-0.00732087430792638
RNA_ECM_absolute_32,SURF1_3,4,0.001,matched_random_15,0.014288156922640741,0.02100838503146636,-0.00672022810882562
RNA_ECM_absolute_32,SURF1_3,4,0.001,matched_random_16,0.014288156922640741,0.02136906717958015,-0.00708091025693941
RNA_ECM_absolute_32,SURF1_3,4,0.001,matched_random_17,0.014288156922640741,0.021484023431447168,-0.007195866508806426
RNA_ECM_absolute_32,SURF1_3,4,0.001,matched_random_18,0.014288156922640741,0.02061977420238001,-0.006331617279739268
RNA_ECM_absolute_32,SURF1_3,4,0.001,matched_random_19,0.014288156922640741,0.020896773301383217,-0.006608616378742476
RNA_ECM_absolute_32,SURF1_3,4,0.01,baseline,0.014356405282935827,0.014356405282935827,0
RNA_ECM_absolute_32,SURF1_3,4,0.01,unweighted,0.014356405282935827,0.01946073536854289,-0.005104330085607064
RNA_ECM_absolute_32,SURF1_3,4,0.01,functional_ECM,0.014356405282935827,0.0190683367981201,-0.004711931515184273
RNA_ECM_absolute_32,SURF1_3,4,0.01,ESL,0.014356405282935827,0.014402118026850395,-0.00004571274391456867
RNA_ECM_absolute_32,SURF1_3,4,0.01,matched_random_0,0.014356405282935827,0.017642292006132102,-0.0032858867231962754
RNA_ECM_absolute_32,SURF1_3,4,0.01,matched_random_1,0.014356405282935827,0.018281306684777687,-0.00392490140184186
RNA_ECM_absolute_32,SURF1_3,4,0.01,matched_random_2,0.014356405282935827,0.018151498599319707,-0.0037950933163838803
RNA_ECM_absolute_32,SURF1_3,4,0.01,matched_random_3,0.014356405282935827,0.018709688197294093,-0.004353282914358266
RNA_ECM_absolute_32,SURF1_3,4,0.01,matched_random_4,0.014356405282935827,0.019071801898288727,-0.004715396615352901
RNA_ECM_absolute_32,SURF1_3,4,0.01,matched_random_5,0.014356405282935827,0.019466603619065027,-0.005110198336129201
RNA_ECM_absolute_32,SURF1_3,4,0.01,matched_random_6,0.014356405282935827,0.01920321309033713,-0.004846807807401304
RNA_ECM_absolute_32,SURF1_3,4,0.01,matched_random_7,0.014356405282935827,0.017705986896334305,-0.0033495816133984786
RNA_ECM_absolute_32,SURF1_3,4,0.01,matched_random_8,0.014356405282935827,0.019030686411094653,-0.004674281128158826
RNA_ECM_absolute_32,SURF1_3,4,0.01,matched_random_9,0.014356405282935827,0.019659338236889146,-0.005302932953953319
RNA_ECM_absolute_32,SURF1_3,4,0.01,matched_random_10,0.014356405282935827,0.019522482233415923,-0.005166076950480096
RNA_ECM_absolute_32,SURF1_3,4,0.01,matched_random_11,0.014356405282935827,0.019855677402980876,-0.00549927212004505
RNA_ECM_absolute_32,SURF1_3,4,0.01,matched_random_12,0.014356405282935827,0.018941069175710947,-0.00458466389277512
RNA_ECM_absolute_32,SURF1_3,4,0.01,matched_random_13,0.014356405282935827,0.019249949883249823,-0.004893544600313996
RNA_ECM_absolute_32,SURF1_3,4,0.01,matched_random_14,0.014356405282935827,0.019114760128182015,-0.004758354845246188
RNA_ECM_absolute_32,SURF1_3,4,0.01,matched_random_15,0.014356405282935827,0.018571447971377695,-0.004215042688441868
RNA_ECM_absolute_32,SURF1_3,4,0.01,matched_random_16,0.014356405282935827,0.018807077907807182,-0.004450672624871355
RNA_ECM_absolute_32,SURF1_3,4,0.01,matched_random_17,0.014356405282935827,0.018593898508058877,-0.004237493225123051
RNA_ECM_absolute_32,SURF1_3,4,0.01,matched_random_18,0.014356405282935827,0.01780291327097941,-0.0034465079880435824
RNA_ECM_absolute_32,SURF1_3,4,0.01,matched_random_19,0.014356405282935827,0.01838321633713718,-0.004026811054201353
RNA_ECM_absolute_32,SURF1_3,4,0.1,baseline,0.013932529829558803,0.013932529829558803,0
RNA_ECM_absolute_32,SURF1_3,4,0.1,unweighted,0.013932529829558803,0.016210597329075743,-0.00227806749951694
RNA_ECM_absolute_32,SURF1_3,4,0.1,functional_ECM,0.013932529829558803,0.015530036173359945,-0.0015975063438011423
RNA_ECM_absolute_32,SURF1_3,4,0.1,ESL,0.013932529829558803,0.013941166471830774,-0.000008636642271971084
RNA_ECM_absolute_32,SURF1_3,4,0.1,matched_random_0,0.013932529829558803,0.015281992909262323,-0.0013494630797035202
RNA_ECM_absolute_32,SURF1_3,4,0.1,matched_random_1,0.013932529829558803,0.015389363831520533,-0.00145683400196173
RNA_ECM_absolute_32,SURF1_3,4,0.1,matched_random_2,0.013932529829558803,0.015303195959441754,-0.0013706661298829512
RNA_ECM_absolute_32,SURF1_3,4,0.1,matched_random_3,0.013932529829558803,0.015511349175680464,-0.0015788193461216612
RNA_ECM_absolute_32,SURF1_3,4,0.1,matched_random_4,0.013932529829558803,0.01565467250881548,-0.001722142679256678
RNA_ECM_absolute_32,SURF1_3,4,0.1,matched_random_5,0.013932529829558803,0.01581094726494478,-0.0018784174353859776
RNA_ECM_absolute_32,SURF1_3,4,0.1,matched_random_6,0.013932529829558803,0.015574934180409896,-0.001642404350851093
RNA_ECM_absolute_32,SURF1_3,4,0.1,matched_random_7,0.013932529829558803,0.015194447793248517,-0.0012619179636897144
RNA_ECM_absolute_32,SURF1_3,4,0.1,matched_random_8,0.013932529829558803,0.015482778077851433,-0.0015502482482926301
RNA_ECM_absolute_32,SURF1_3,4,0.1,matched_random_9,0.013932529829558803,0.015989101010139867,-0.002056571180581064
RNA_ECM_absolute_32,SURF1_3,4,0.1,matched_random_10,0.013932529829558803,0.01581564155149792,-0.001883111721939116
RNA_ECM_absolute_32,SURF1_3,4,0.1,matched_random_11,0.013932529829558803,0.015843910279046795,-0.0019113804494879927
RNA_ECM_absolute_32,SURF1_3,4,0.1,matched_random_12,0.013932529829558803,0.015634485830555926,-0.0017019560009971235
RNA_ECM_absolute_32,SURF1_3,4,0.1,matched_random_13,0.013932529829558803,0.01549133982645121,-0.0015588099968924067
RNA_ECM_absolute_32,SURF1_3,4,0.1,matched_random_14,0.013932529829558803,0.01574170766393686,-0.0018091778343780583
RNA_ECM_absolute_32,SURF1_3,4,0.1,matched_random_15,0.013932529829558803,0.015459406970240279,-0.0015268771406814763
RNA_ECM_absolute_32,SURF1_3,4,0.1,matched_random_16,0.013932529829558803,0.01566170275137689,-0.0017291729218180882
RNA_ECM_absolute_32,SURF1_3,4,0.1,matched_random_17,0.013932529829558803,0.01541989147693144,-0.0014873616473726377
RNA_ECM_absolute_32,SURF1_3,4,0.1,matched_random_18,0.013932529829558803,0.015070082976895924,-0.0011375531473371212
RNA_ECM_absolute_32,SURF1_3,4,0.1,matched_random_19,0.013932529829558803,0.015428021557716845,-0.0014954917281580424
